Tipo de unidade,Distrito Sanitário,Quantidade atendida — Indicador 1,Total avaliado — Indicador 1,Meta — Indicador 1,Desempenho consolidado — Indicador 1,Valor informado — Subindicador 2.1,Meta — Subindicador 2.1,Desempenho — Subindicador 2.1,Quantidade atendida — Subindicador 2.2,Total avaliado — Subindicador 2.2,Meta — Subindicador 2.2,Desempenho — Subindicador 2.2,Quantidade atendida — Subindicador 2.3,Total avaliado — Subindicador 2.3,Meta — Subindicador 2.3,Desempenho — Subindicador 2.3,Desempenho consolidado — Indicador 2,Valor informado — Subindicador 3.I.1,Meta — Subindicador 3.I.1,Desempenho — Subindicador 3.I.1,Valor informado — Subindicador 3.I.2,Meta — Subindicador 3.I.2,Desempenho — Subindicador 3.I.2,Valor informado — Subindicador 3.I.3,Meta — Subindicador 3.I.3,Desempenho — Subindicador 3.I.3,Valor informado — Subindicador 3.I.4.I,Meta — Subindicador 3.I.4.I,Desempenho — Subindicador 3.I.4,Quantidade atendida — Subindicador 3.II,Total avaliado — Subindicador 3.II,Meta — Subindicador 3.II,Desempenho consolidado — Subindicador 3.II,Valor informado — Subindicador 3.III,Meta — Subindicador 3.III,Desempenho consolidado — Subindicador 3.III,Desempenho consolidado — Indicador 3,Valor informado — Subindicador 4.I.1,Meta — Subindicador 4.I.1,Desempenho — Subindicador 4.I.1,Valor informado — Subindicador 4.I.2,Meta — Subindicador 4.I.2,Desempenho — Subindicador 4.I.2,Valor informado — Subindicador 4.I.3,Meta — Subindicador 4.I.3,Desempenho — Subindicador 4.I.3,Valor informado — Subindicador 4.I.4,Meta — Subindicador 4.I.4,Desempenho — Subindicador 4.I.4,Valor informado — Subindicador 4.I.5,Meta — Subindicador 4.I.5,Desempenho — Subindicador 4.I.5,Valor informado — Subindicador 4.I.6,Meta — Subindicador 4.I.6,Desempenho — Subindicador 4.I.6,Valor informado — Subindicador 4.I.7,Meta — Subindicador 4.I.7,Desempenho — Subindicador 4.I.7,Valor informado — Subindicador 4.I.8,Meta — Subindicador 4.I.8,Desempenho — Subindicador 4.I.8,Valor informado — Subindicador 4.I.9,Meta — Subindicador 4.I.9,Desempenho — Subindicador 4.I.9,Valor informado — Subindicador 4.I.10,Meta — Subindicador 4.I.10,Desempenho — Subindicador 4.I.10,Valor informado — Subindicador 4.I.11,Meta — Subindicador 4.I.11,Desempenho — Subindicador 4.I.11,Valor informado — Subindicador 4.I.12,Meta — Subindicador 4.I.12,Desempenho — Subindicador 4.I.12,Valor informado — Subindicador 4.I.13,Meta — Subindicador 4.I.13,Desempenho — Subindicador 4.I.13,Valor informado — Subindicador 4.I.14,Meta — Subindicador 4.I.14,Desempenho — Subindicador 4.I.14,Valor informado — Subindicador 4.I.15,Meta — Subindicador 4.I.15,Desempenho — Subindicador 4.I.15,Valor informado — Subindicador 4.I.16,Meta — Subindicador 4.I.16,Desempenho — Subindicador 4.I.16,Valor informado — Subindicador 4.I.17,Meta — Subindicador 4.I.17,Desempenho — Subindicador 4.I.17,Valor informado — Subindicador 4.I.18,Meta — Subindicador 4.I.18,Desempenho — Subindicador 4.I.18,Valor informado — Subindicador 4.I.19,Meta — Subindicador 4.I.19,Desempenho — Subindicador 4.I.19,Valor informado — Subindicador 4.I.20,Meta — Subindicador 4.I.20,Desempenho — Subindicador 4.I.20,Total avaliado — Indicador 4.I,Desempenho consolidado — Subindicador 4.I,Quantidade atendida — Subindicador 4.II.1,Total avaliado — Subindicador 4.II.1,Meta — Subindicador 4.II.1,Desempenho — Subindicador 4.II.1,Quantidade atendida — Subindicador 4.II.2,Total avaliado — Subindicador 4.II.2,Meta — Subindicador 4.II.2,Desempenho — Subindicador 4.II.2,Desempenho consolidado — Subindicador 4.II,Quantidade atendida — Subindicador 4.III.1,Total avaliado — Subindicador 4.III.1,Meta — Subindicador 4.III.1,Desempenho — Subindicador 4.III.1,Quantidade atendida — Subindicador 4.III.2,Total avaliado — Subindicador 4.III.2,Meta — Subindicador 4.III.2,Desempenho — Subindicador 4.III.2,Quantidade atendida — Subindicador 4.III.3,Total avaliado — Subindicador 4.III.3,Meta — Subindicador 4.III.3,Desempenho — Subindicador 4.III.3,Quantidade atendida — Subindicador 4.III.4,Total avaliado — Subindicador 4.III.4,Meta — Subindicador 4.III.4,Desempenho — Subindicador 4.III.4,Quantidade atendida — Subindicador 4.III.5,Total avaliado — Subindicador 4.III.5,Meta — Subindicador 4.III.5,Desempenho — Subindicador 4.III.5,Quantidade atendida — Subindicador 4.III.6,Total avaliado — Subindicador 4.III.6,Meta — Subindicador 4.III.6,Desempenho — Subindicador 4.III.6,Desempenho consolidado — Subindicador 4.III,Quantidade atendida — Subindicador 4.IV.1,Total avaliado — Subindicador 4.IV.1,Meta — Subindicador 4.IV.1,Desempenho — Subindicador 4.IV.1,Quantidade atendida — Subindicador 4.IV.2,Total avaliado — Subindicador 4.IV.2,Meta — Subindicador 4.IV.2,Desempenho — Subindicador 4.IV.2,Desempenho consolidado — Subindicador 4.IV,Quantidade atendida — Subindicador 4.V.1,Total avaliado — Subindicador 4.V.1,Meta — Subindicador 4.V.1,Desempenho — Subindicador 4.V.1,Quantidade atendida — Subindicador 4.V.2,Total avaliado — Subindicador 4.V.2,Meta — Subindicador 4.V.2,Desempenho — Subindicador 4.V.2,Quantidade atendida — Subindicador 4.V.3,Total avaliado — Subindicador 4.V.3,Meta — Subindicador 4.V.3,Desempenho — Subindicador 4.V.3,Quantidade atendida — Subindicador 4.V.4,Total avaliado — Subindicador 4.V.4,Meta — Subindicador 4.V.4,Desempenho — Subindicador 4.V.4,Quantidade atendida — Subindicador 4.V.5,Total avaliado — Subindicador 4.V.5,Meta — Subindicador 4.V.5,Desempenho — Subindicador 4.V.5,Desempenho consolidado — Subindicador 4.V,Desempenho consolidado — Subindicador 4.VI,Quantidade atendida — Subindicador 4.VII.1.1,Total avaliado — Subindicador 4.VII.1.1,Meta — Subindicador 4.VII.1.1,Desempenho — Subindicador 4.VII.1.1,Quantidade atendida — Subindicador 4.VII.1.2,Total avaliado — Subindicador 4.VII.1.2,Meta — Subindicador 4.VII.1.2,Desempenho — Subindicador 4.VII.1.2,Quantidade atendida — Subindicador 4.VII.1.3,Total avaliado — Subindicador 4.VII.1.3,Meta — Subindicador 4.VII.1.3,Desempenho — Subindicador 4.VII.1.3,Quantidade atendida — Subindicador 4.VII.2.1,Total avaliado — Subindicador 4.VII.2.1,Meta — Subindicador 4.VII.2.1,Desempenho — Subindicador 4.VII.2.1,Valor informado — Subindicador 4.VII.3,Meta — Subindicador 4.VII.3,Desempenho — Subindicador 4.VII.3,Quantidade atendida — Subindicador 4.VII.4.1,Total avaliado — Subindicador 4.VII.4.1,Meta — Subindicador 4.VII.4.1,Desempenho — Subindicador 4.VII.4.1,Quantidade atendida — Subindicador 4.VII.4.2,Total avaliado — Subindicador 4.VII.4.2,Meta — Subindicador 4.VII.4.2,Desempenho — Subindicador 4.VII.4.2,Desempenho consolidado — Subindicador 4.VII,Quantidade atendida — Subindicador 4.VIII.1,Total avaliado — Subindicador 4.VIII.1,Meta — Subindicador 4.VIII.1,Desempenho — Subindicador 4.VIII.1,Quantidade atendida — Subindicador 4.VIII.2,Total avaliado — Subindicador 4.VIII.2,Meta — Subindicador 4.VIII.2,Desempenho — Subindicador 4.VIII.2,Quantidade atendida — Subindicador 4.VIII.3,Total avaliado — Subindicador 4.VIII.3,Meta — Subindicador 4.VIII.3,Desempenho — Subindicador 4.VIII.3,Quantidade atendida — Subindicador 4.VIII.4,Total avaliado — Subindicador 4.VIII.4,Meta — Subindicador 4.VIII.4,Desempenho — Subindicador 4.VIII.4,Quantidade atendida — Subindicador 4.VIII.5,Total avaliado — Subindicador 4.VIII.5,Meta — Subindicador 4.VIII.5,Desempenho — Subindicador 4.VIII.5,Desempenho consolidado — Subindicador 4.VIII,Quantidade atendida — Subindicador 4.IX.1,Total avaliado — Subindicador 4.IX.1,Meta — Subindicador 4.IX.1,Desempenho — Subindicador 4.IX.1,Valor informado — Subindicador 4.IX.2,Meta — Subindicador 4.IX.2,Desempenho — Subindicador 4.IX.2,Quantidade atendida — Subindicador 4.IX.3 — componente 1,Meta — Subindicador 4.IX.3,Desempenho — Subindicador 4.IX.3.I,Quantidade atendida — Subindicador 4.IX.3 — componente 2,Meta — Subindicador 4.IX.3,Desempenho — Subindicador 4.IX.3.II,Desempenho consolidado — Subindicador 4.IX,Quantidade atendida — Subindicador 4.X.1 — componente 1,Quantidade atendida — Subindicador 4.X.1 — componente 2,Total avaliado — Subindicador 4.X.1,Meta — Subindicador 4.X.1,Desempenho — Subindicador 4.X.1,Quantidade atendida — Subindicador 4.X.2,Total avaliado — Subindicador 4.X.2,Meta — Subindicador 4.X.2,Desempenho — Subindicador 4.X.2,Desempenho consolidado — Subindicador 4.X,Quantidade atendida — Subindicador 5.I,Total avaliado — Subindicador 5.I,Meta — Subindicador 5.I,Desempenho consolidado — Subindicador 5.I,Quantidade atendida — Subindicador 5.II,Total avaliado — Subindicador 5.II,Meta — Subindicador 5.II,Desempenho consolidado — Subindicador 5.II,Quantidade atendida — Subindicador 5.III,Total avaliado — Subindicador 5.III,Meta — Subindicador 5.III,Desempenho consolidado — Subindicador 5.III,Quantidade atendida — Subindicador 5.IV,Total avaliado — Subindicador 5.IV,Meta — Subindicador 5.IV,Desempenho consolidado — Subindicador 5.IV,Desempenho consolidado — Indicador 5,Desempenho geral,Desempenho consolidado — Indicador 1,Desempenho consolidado — Indicador 2,Desempenho consolidado — Indicador 3,Desempenho consolidado — Indicador 4
SAE,I,221,284,100%,99%,73,100%,0%,129,185,75%,100%,377,393,100%,100%,50%,116,100%,1%,12,100%,60%,25,100%,60%,73,100%,90%,372,418,3%,100.00%,19,100%,97%,311%,7.65,100%,75%,57,100%,100%,64,100%,75%,63,100%,75%,68,100%,75%,64,100%,75%,65,100%,75%,65,100%,75%,1.02,100%,75%,62,100%,75%,8,100%,100%,0.77,100%,75%,73,100%,100%,7,100%,75%,3,100%,75%,4.04,100%,75%,66,100%,75%,65,100%,75%,64,100%,75%,62,100%,75%,473,0.7875,196,223,80%,100%,391,404,100%,97%,0.9,270,381,100%,92%,132,142,100%,94%,232,240,100%,94%,97,126,80%,96%,141,179,100%,79%,336,362,80%,100%,93%,145,187,80%,90%,120,152,80%,88%,89%,204,243,90%,93%,187,234,80%,100%,263,342,80%,96%,249,287,90%,96%,399,470,80%,100%,97%,447%,257,283,80%,100%,138,173,80%,100%,318,403,80%,99%,275.00,340.00,80%,100%,2,70%,100%,324,451,70%,100%,385,406,30%,100%,100%,274,357,90%,85%,221,258,95%,90%,112,132,70%,100%,177.00,193.00,90%,100%,107,129,90%,92%,94%,270,279,60%,100%,15.15,20,76%,31,4,72%,48,8,100%,87%,197,9,233,95%,84.9%,294,277,90%,100.0%,92.5%,128,176,95%,76.6%,155,171,80%,100.0%,230,295,85%,91.7%,166,214,90%,86.2%,86%,81.61%,19.80%,10.00%,62.18%,46.76%
SAE,III,81,113,100%,100%,70,100%,0%,293,391,75%,100%,337,438,100%,100%,50%,118,100%,1%,12,100%,60%,25,100%,60%,75,100%,90%,104,112,3%,100.00%,17,100%,72%,311%,7.73,100%,75%,54,100%,100%,63,100%,75%,68,100%,75%,65,100%,75%,64,100%,75%,66,100%,75%,62,100%,75%,1.03,100%,75%,62,100%,75%,8,100%,100%,0.78,100%,75%,73,100%,100%,7,100%,75%,3,100%,75%,3.92,100%,75%,65,100%,75%,62,100%,75%,65,100%,75%,68,100%,75%,332,0.8,314,403,80%,97%,240,330,100%,73%,0.84,349,432,100%,77%,116,142,100%,91%,235,284,100%,77%,236,260,80%,100%,413,498,100%,83%,270,342,80%,99%,88%,136,163,80%,87%,274,323,80%,75%,81%,322,362,90%,99%,454,499,80%,100%,194,252,80%,96%,337,375,90%,100%,173,202,80%,100%,99%,432%,269,321,80%,100%,107,141,80%,95%,366,407,80%,100%,310.00,444.00,80%,63%,3,70%,100%,182,203,70%,100%,128,160,30%,100%,94%,127,164,90%,86%,155,159,95%,100%,307,404,70%,100%,265.00,369.00,90%,80%,245,319,90%,85%,90%,295,302,60%,100%,15.30,20,77%,124,4,85%,179,8,92%,65%,461,39,431,95%,100.0%,424,378,90%,100.0%,100.0%,228,251,95%,95.6%,330,352,80%,100.0%,363,371,85%,100.0%,228,272,90%,93.1%,86%,190.49%,20.00%,10.00%,248.72%,45.12%
SAE,IV,115,142,100%,75%,72,100%,0%,393,432,75%,100%,246,304,100%,100%,50%,124,100%,1%,12,100%,60%,26,100%,60%,75,100%,90%,176,205,3%,100.00%,19,100%,98%,311%,7.20,100%,75%,54,100%,100%,65,100%,75%,64,100%,75%,67,100%,75%,67,100%,75%,66,100%,75%,63,100%,75%,0.98,100%,75%,63,100%,75%,8,100%,100%,0.77,100%,75%,68,100%,100%,7,100%,75%,3,100%,75%,4.00,100%,75%,66,100%,75%,67,100%,75%,65,100%,75%,64,100%,75%,378,0.8,315,426,80%,92%,229,276,100%,83%,0.92,306,333,100%,78%,192,224,100%,92%,313,327,100%,88%,284,355,80%,100%,216,258,100%,84%,307,439,80%,87%,88%,131,178,80%,70%,278,353,80%,92%,81%,268,368,90%,81%,170,203,80%,100%,156,196,80%,99%,439,453,90%,100%,174,205,80%,100%,96%,437%,238,246,80%,100%,104,131,80%,99%,288,297,80%,100%,387.00,430.00,80%,100%,3,70%,100%,411,462,70%,100%,391,440,30%,100%,100%,357,477,90%,83%,149,182,95%,86%,142,158,70%,100%,285.00,310.00,90%,100%,218,276,90%,88%,91%,360,440,60%,100%,15.00,20,75%,64,4,86%,129,8,76%,65%,130,16,136,95%,88.2%,452,430,90%,100.0%,94.1%,193,225,95%,90.3%,353,357,80%,100.0%,351,390,85%,100.0%,377,472,90%,88.7%,84%,187.90%,15.00%,10.00%,248.72%,45.71%
NDI,III,149,207,100%,72%,69,100%,0%,451,496,75%,100%,341,402,100%,100%,50%,125,100%,1%,12,100%,60%,26,100%,60%,77,100%,90%,188,233,3%,100.00%,18,100%,75%,311%,7.27,100%,75%,55,100%,100%,65,100%,75%,63,100%,75%,66,100%,75%,63,100%,75%,66,100%,75%,63,100%,75%,1.04,100%,75%,62,100%,75%,8,100%,100%,0.74,100%,75%,71,100%,100%,7,100%,75%,2,100%,75%,4.00,100%,75%,66,100%,75%,66,100%,75%,66,100%,75%,68,100%,75%,149,0.8,393,492,80%,100%,351,390,100%,90%,1,100,121,100%,90%,223,298,100%,95%,329,350,100%,95%,374,430,80%,100%,336,415,100%,81%,91,102,80%,100%,93%,101,121,80%,79%,441,480,80%,79%,79%,84,121,90%,77%,249,351,80%,89%,171,197,80%,100%,168,224,90%,83%,318,384,80%,100%,90%,442%,323,380,80%,100%,186,200,80%,100%,196,277,80%,88%,269.00,380.00,80%,63%,2,70%,100%,209,253,70%,100%,365,393,30%,100%,93%,309,364,90%,85%,110,143,95%,75%,208,264,70%,80%,210.00,250.00,90%,84%,110,138,90%,82%,90%,282,294,60%,100%,15.30,20,77%,87,4,76%,179,8,76%,63%,144,18,162,95%,81.9%,160,160,90%,100.0%,90.9%,286,318,95%,94.7%,135,150,80%,100.0%,301,413,85%,85.7%,348,425,90%,91.0%,88%,179.23%,14.40%,10.00%,248.72%,31.56%
NDI,VI,387,490,100%,78%,69,100%,0%,237,312,75%,100%,285,348,100%,100%,50%,116,100%,1%,12,100%,60%,26,100%,60%,76,100%,90%,250,358,3%,100.00%,18,100%,91%,311%,7.27,100%,75%,53,100%,100%,64,100%,75%,64,100%,75%,66,100%,75%,66,100%,75%,65,100%,75%,66,100%,75%,1.00,100%,75%,63,100%,75%,8,100%,100%,0.76,100%,75%,68,100%,100%,7,100%,75%,3,100%,75%,3.88,100%,75%,66,100%,75%,64,100%,75%,64,100%,75%,67,100%,75%,162,0.8,323,348,80%,100%,307,331,100%,93%,0.79,241,257,100%,80%,284,306,100%,98%,234,330,100%,82%,218,273,80%,100%,241,306,100%,79%,325,446,80%,91%,88%,134,189,80%,82%,380,494,80%,92%,87%,328,361,90%,100%,163,230,80%,89%,98,125,80%,98%,232,332,90%,78%,289,381,80%,95%,92%,426%,188,236,80%,100%,100,131,80%,95%,144,195,80%,92%,222.00,229.00,80%,100%,3,70%,100%,285,366,70%,100%,190,201,30%,100%,98%,476,496,90%,76%,121,173,95%,95%,426,454,70%,90%,176.00,182.00,90%,98%,312,400,90%,74%,92%,266,310,60%,100%,14.40,20,72%,90,4,80%,124,8,98%,63%,352,6,418,95%,87.1%,327,305,90%,100.0%,93.6%,197,274,95%,75.7%,109,148,80%,92.1%,361,452,85%,94.0%,377,419,90%,100.0%,71%,179.89%,15.60%,10.00%,248.72%,31.50%
NDI,IV,257,271,100%,74%,73,100%,0%,308,359,75%,100%,117,125,100%,100%,50%,118,100%,1%,12,100%,60%,26,100%,60%,73,100%,90%,351,434,3%,100.00%,18,100%,87%,311%,7.58,100%,75%,57,100%,100%,64,100%,75%,66,100%,75%,64,100%,75%,66,100%,75%,65,100%,75%,67,100%,75%,0.98,100%,75%,64,100%,75%,8,100%,100%,0.77,100%,75%,70,100%,100%,7,100%,75%,3,100%,75%,4.08,100%,75%,64,100%,75%,67,100%,75%,65,100%,75%,62,100%,75%,273,0.8,300,380,80%,99%,265,345,100%,77%,0.92,377,397,100%,70%,175,234,100%,88%,478,493,100%,76%,230,235,80%,100%,117,135,100%,87%,298,321,80%,100%,87%,178,198,80%,85%,134,156,80%,70%,78%,218,254,90%,95%,293,381,80%,96%,328,462,80%,89%,248,259,90%,100%,255,350,80%,91%,94%,431%,465,485,80%,100%,284,293,80%,100%,303,341,80%,100%,360.00,379.00,80%,100%,3,70%,100%,189,256,70%,100%,391,478,30%,100%,100%,91,117,90%,86%,303,330,95%,100%,131,166,70%,86%,127.00,163.00,90%,100%,296,418,90%,96%,95%,284,369,60%,60%,15.30,20,77%,134,4,76%,55,8,87%,53%,173,6,169,95%,100.0%,276,248,90%,100.0%,100.0%,169,236,95%,75.4%,257,318,80%,100.0%,282,393,85%,84.4%,157,162,90%,100.0%,97%,176.52%,14.80%,10.00%,248.72%,26.56%
CAPS II ou III,V,74,101,100%,50%,68,100%,0%,94,105,75%,100%,93,109,100%,100%,50%,124,100%,1%,12,100%,60%,26,100%,60%,74,100%,90%,137,145,3%,100.00%,19,100%,78%,189%,7.20,100%,75%,54,100%,100%,65,100%,75%,64,100%,75%,64,100%,75%,62,100%,75%,62,100%,75%,67,100%,75%,1.01,100%,75%,68,100%,75%,8,100%,100%,0.74,100%,75%,71,100%,100%,7,100%,75%,3,100%,75%,4.12,100%,75%,65,100%,75%,67,100%,75%,64,100%,75%,62,100%,75%,33200%,0.8,357,490,80%,91%,321,446,100%,72%,83%,170,200,100%,85%,45,50,100%,90%,35,50,100%,70%,358,485,80%,92%,266,303,100%,88%,284,355,80%,100%,85%,93,133,80%,87%,228,282,80%,100%,94%,160,173,90%,100%,382,425,80%,100%,230,329,80%,87%,294,364,90%,90%,421,479,80%,100%,95%,437%,224,267,80%,100%,184,260,80%,88%,224,234,80%,100%,231.00,282.00,80%,100%,3,70%,100%,102,143,70%,100%,307,405,30%,100%,98%,264,343,90%,82%,286,393,95%,76%,203,226,70%,99%,178.00,218.00,90%,98%,237,261,90%,90%,96%,327,468,60%,76%,15.60,2000%,92%,134,400%,100%,160,800%,70%,358%,174,20,200,95%,81.1%,450,420,90%,100.0%,90.5%,351,463,95%,79.8%,402,433,80%,100.0%,415,478,85%,100.0%,196,228,90%,95.5%,28%,91.75%,10.00%,10.00%,37.74%,34.00%
CAPS II ou III,VI,291,300,100%,75%,67,100%,0%,184,263,75%,100%,279,307,100%,100%,50%,115,100%,1%,12,100%,60%,25,100%,60%,76,100%,90%,221,312,3%,100.00%,19,100%,80%,189%,7.35,100%,75%,54,100%,100%,66,100%,75%,63,100%,75%,64,100%,75%,66,100%,75%,66,100%,75%,65,100%,75%,0.99,100%,75%,65,100%,75%,8,100%,100%,0.74,100%,75%,72,100%,100%,7,100%,75%,2,100%,75%,3.84,100%,75%,64,100%,75%,65,100%,75%,68,100%,75%,62,100%,75%,47900%,0.8,351,469,80%,94%,316,446,100%,71%,83%,148,200,100%,74%,42,50,100%,84%,38,50,100%,76%,150,177,80%,100%,100,109,100%,92%,170,174,80%,100%,88%,181,187,80%,100%,422,491,80%,100%,100%,299,389,90%,85%,344,366,80%,100%,270,297,80%,100%,131,143,90%,100%,109,113,80%,100%,97%,447%,424,452,80%,100%,320,348,80%,100%,243,325,80%,93%,308.00,343.00,80%,100%,3,70%,100%,268,316,70%,100%,303,326,30%,100%,99%,240,286,90%,79%,371,417,95%,72%,217,302,70%,73%,186.00,236.00,90%,82%,115,127,90%,97%,91%,319,340,60%,81%,14.70,2000%,77%,132,400%,100%,151,800%,77%,358%,402,31,427,95%,91.5%,427,418,90%,100.0%,95.7%,384,469,95%,86.2%,317,353,80%,100.0%,225,297,85%,89.1%,169,215,90%,87.3%,28%,97.79%,15.00%,10.00%,37.74%,35.05%
CAPS II ou III,IV,258,331,100%,50%,72,100%,0%,236,299,75%,100%,133,159,100%,100%,50%,120,100%,1%,12,100%,60%,25,100%,60%,75,100%,90%,268,292,3%,100.00%,17,100%,100%,189%,7.80,100%,75%,54,100%,100%,62,100%,75%,64,100%,75%,63,100%,75%,68,100%,75%,67,100%,75%,66,100%,75%,0.97,100%,75%,66,100%,75%,8,100%,100%,0.78,100%,75%,68,100%,100%,7,100%,75%,2,100%,75%,4.00,100%,75%,63,100%,75%,66,100%,75%,66,100%,75%,66,100%,75%,27200%,0.8,381,454,80%,100%,253,264,100%,96%,83%,182,200,100%,91%,43,50,100%,86%,36,50,100%,72%,119,123,80%,100%,343,373,100%,92%,147,182,80%,100%,90%,88,126,80%,87%,171,175,80%,100%,94%,332,437,90%,84%,348,392,80%,100%,213,257,80%,100%,395,416,90%,100%,193,258,80%,94%,96%,442%,111,151,80%,92%,414,482,80%,100%,312,332,80%,100%,372.00,471.00,80%,63%,2,70%,100%,186,262,70%,100%,76,109,30%,100%,93%,381,389,90%,94%,324,457,95%,74%,187,202,70%,71%,353.00,421.00,90%,72%,420,489,90%,99%,90%,210,250,60%,70%,14.85,2000%,82%,98,400%,100%,142,800%,97%,358%,352,37,390,95%,85.0%,279,260,90%,100.0%,92.5%,300,411,95%,76.8%,282,357,80%,98.7%,219,282,85%,91.4%,447,471,90%,100.0%,27%,93.81%,10.00%,10.00%,37.74%,36.06%
CAPS II ou III,II,186,205,100%,75%,67,100%,0%,335,357,75%,100%,251,259,100%,100%,50%,116,100%,1%,12,100%,60%,24,100%,60%,75,100%,90%,83,116,3%,100.00%,18,100%,87%,189%,7.42,100%,75%,54,100%,100%,66,100%,75%,65,100%,75%,67,100%,75%,62,100%,75%,62,100%,75%,64,100%,75%,0.99,100%,75%,64,100%,75%,8,100%,100%,0.77,100%,75%,69,100%,100%,7,100%,75%,2,100%,75%,3.84,100%,75%,64,100%,75%,66,100%,75%,66,100%,75%,66,100%,75%,43600%,0.8,190,216,80%,100%,223,302,100%,74%,83%,158,200,100%,79%,49,50,100%,98%,35,50,100%,70%,213,305,80%,87%,338,376,100%,90%,143,161,80%,100%,87%,240,300,80%,100%,374,440,80%,100%,100%,242,296,90%,91%,133,138,80%,100%,379,446,80%,100%,456,496,90%,100%,454,484,80%,100%,98%,448%,466,496,80%,100%,197,222,80%,100%,93,100,80%,100%,374.00,426.00,80%,100%,3,70%,100%,272,293,70%,100%,93,104,30%,100%,100%,117,147,90%,79%,250,329,95%,76%,437,461,70%,70%,396.00,409.00,90%,76%,135,171,90%,82%,88%,115,126,60%,79%,15.15,2000%,83%,47,400%,100%,173,800%,75%,358%,185,22,195,95%,88.0%,235,235,90%,100.0%,94.0%,162,216,95%,78.9%,139,160,80%,100.0%,126,166,85%,89.3%,338,440,90%,85.4%,27%,97.69%,15.00%,10.00%,37.74%,34.95%
CAPS II ou III,III,217,247,100%,75%,73,100%,0%,151,172,75%,100%,176,248,100%,50%,50%,125,100%,1%,12,100%,60%,24,100%,60%,77,100%,90%,177,230,3%,100.00%,17,100%,98%,189%,7.20,100%,75%,54,100%,100%,62,100%,75%,68,100%,75%,65,100%,75%,66,100%,75%,68,100%,75%,64,100%,75%,1.02,100%,75%,63,100%,75%,8,100%,100%,0.73,100%,75%,71,100%,100%,7,100%,75%,3,100%,75%,4.08,100%,75%,66,100%,75%,66,100%,75%,62,100%,75%,63,100%,75%,27500%,0.8,255,287,80%,100%,363,466,100%,78%,83%,186,200,100%,93%,37,50,100%,74%,37,50,100%,74%,84,102,80%,100%,131,141,100%,93%,124,127,80%,100%,89%,273,329,80%,100%,320,348,80%,100%,100%,304,376,90%,90%,159,168,80%,100%,350,449,80%,97%,325,423,90%,85%,199,235,80%,100%,95%,446%,177,225,80%,98%,381,419,80%,100%,354,493,80%,90%,342.00,398.00,80%,100%,3,70%,100%,247,306,70%,100%,213,243,30%,100%,98%,323,437,90%,73%,253,295,95%,82%,304,346,70%,90%,338.00,440.00,90%,82%,74,100,90%,95%,93%,323,399,60%,82%,14.55,2000%,88%,179,400%,100%,160,800%,98%,358%,136,16,156,95%,81.0%,472,441,90%,100.0%,90.5%,410,472,95%,91.4%,186,227,80%,100.0%,171,202,85%,99.6%,103,120,90%,95.4%,29%,98.34%,15.00%,10.00%,37.74%,35.59%
CAPS II ou III,II,359,492,100%,50%,70,100%,0%,234,252,75%,100%,279,388,100%,50%,50%,120,100%,1%,12,100%,60%,26,100%,60%,74,100%,90%,338,457,3%,100.00%,18,100%,89%,189%,7.80,100%,75%,55,100%,100%,68,100%,75%,66,100%,75%,67,100%,75%,66,100%,75%,64,100%,75%,65,100%,75%,1.01,100%,75%,64,100%,75%,8,100%,100%,0.72,100%,75%,69,100%,100%,7,100%,75%,3,100%,75%,4.04,100%,75%,68,100%,75%,64,100%,75%,64,100%,75%,65,100%,75%,25700%,0.8,336,481,80%,87%,210,270,100%,78%,83%,140,200,100%,70%,38,50,100%,76%,47,50,100%,94%,128,161,80%,99%,364,400,100%,91%,98,106,80%,100%,88%,369,440,80%,100%,405,446,80%,100%,100%,239,332,90%,80%,317,423,80%,94%,284,369,80%,96%,323,359,90%,100%,420,467,80%,100%,94%,445%,252,277,80%,100%,385,428,80%,100%,216,300,80%,90%,128.00,178.00,80%,63%,3,70%,100%,308,401,70%,100%,190,230,30%,100%,93%,328,405,90%,75%,352,363,95%,85%,398,448,70%,100%,137.00,160.00,90%,94%,347,457,90%,86%,95%,187,195,60%,75%,14.40,2000%,79%,81,400%,100%,119,800%,91%,358%,284,29,301,95%,89.2%,396,392,90%,100.0%,94.6%,218,221,95%,100.0%,131,137,80%,100.0%,144,154,85%,100.0%,352,410,90%,95.4%,30%,93.10%,10.00%,10.00%,37.74%,35.36%
CAPS II ou III,V,235,332,100%,50%,73,100%,0%,138,180,75%,100%,207,292,100%,50%,50%,118,100%,1%,12,100%,60%,26,100%,60%,73,100%,90%,118,125,3%,100.00%,19,100%,79%,189%,7.27,100%,75%,56,100%,100%,63,100%,75%,65,100%,75%,67,100%,75%,64,100%,75%,64,100%,75%,65,100%,75%,1.00,100%,75%,64,100%,75%,8,100%,100%,0.74,100%,75%,71,100%,100%,7,100%,75%,3,100%,75%,4.16,100%,75%,63,100%,75%,63,100%,75%,64,100%,75%,67,100%,75%,30900%,0.8,126,175,80%,90%,336,410,100%,82%,83%,184,200,100%,92%,45,50,100%,90%,40,50,100%,80%,207,225,80%,100%,388,413,100%,94%,224,267,80%,100%,93%,188,214,80%,100%,321,338,80%,100%,100%,251,354,90%,79%,131,134,80%,100%,300,323,80%,100%,313,333,90%,100%,361,397,80%,100%,96%,451%,186,219,80%,100%,115,142,80%,100%,107,110,80%,100%,179.00,206.00,80%,100%,3,70%,100%,151,187,70%,100%,127,162,30%,100%,100%,88,108,90%,77%,237,283,95%,95%,229,277,70%,94%,300.00,400.00,90%,82%,112,134,90%,86%,92%,140,182,60%,93%,14.70,2000%,87%,147,400%,100%,99,800%,71%,358%,396,19,389,95%,100.0%,442,413,90%,100.0%,100.0%,407,412,95%,100.0%,161,184,80%,100.0%,289,308,85%,100.0%,398,498,90%,88.8%,30%,94.81%,10.00%,10.00%,37.74%,37.06%
CAPS II ou III,V,273,360,100%,50%,71,100%,0%,111,149,75%,100%,107,121,100%,100%,50%,115,100%,1%,12,100%,60%,25,100%,60%,74,100%,90%,153,178,3%,100.00%,17,100%,89%,189%,7.73,100%,75%,54,100%,100%,66,100%,75%,63,100%,75%,63,100%,75%,64,100%,75%,62,100%,75%,64,100%,75%,1.00,100%,75%,65,100%,75%,8,100%,100%,0.76,100%,75%,68,100%,100%,7,100%,75%,2,100%,75%,4.00,100%,75%,67,100%,75%,65,100%,75%,64,100%,75%,62,100%,75%,13800%,0.8,314,331,80%,100%,366,482,100%,76%,83%,196,200,100%,98%,44,50,100%,88%,38,50,100%,76%,397,485,80%,100%,356,414,100%,86%,292,314,80%,100%,91%,409,488,80%,100%,269,313,80%,100%,100%,71,102,90%,77%,171,175,80%,100%,103,114,80%,100%,99,110,90%,100%,86,109,80%,99%,95%,449%,338,403,80%,100%,474,499,80%,100%,424,442,80%,100%,291.00,355.00,80%,100%,3,70%,100%,291,317,70%,100%,223,294,30%,100%,100%,390,444,90%,76%,263,361,95%,79%,251,331,70%,92%,120.00,170.00,90%,100%,108,131,90%,97%,96%,347,391,60%,90%,15.00,2000%,82%,92,400%,100%,126,800%,94%,358%,202,7,235,95%,87.3%,273,265,90%,100.0%,93.7%,304,311,95%,100.0%,325,387,80%,100.0%,309,329,85%,100.0%,108,134,90%,89.6%,30%,94.28%,10.00%,10.00%,37.74%,36.53%
CAPS II ou III,IV,338,403,100%,50%,71,100%,0%,219,289,75%,100%,158,196,100%,100%,50%,119,100%,1%,12,100%,60%,25,100%,60%,77,100%,90%,207,212,3%,100.00%,18,100%,72%,189%,7.35,100%,75%,55,100%,100%,64,100%,75%,63,100%,75%,63,100%,75%,67,100%,75%,63,100%,75%,66,100%,75%,1.03,100%,75%,68,100%,75%,8,100%,100%,0.77,100%,75%,71,100%,100%,7,100%,75%,2,100%,75%,4.16,100%,75%,65,100%,75%,66,100%,75%,64,100%,75%,63,100%,75%,48100%,0.8,329,451,80%,91%,106,111,100%,95%,83%,194,200,100%,97%,35,50,100%,70%,39,50,100%,78%,270,282,80%,100%,282,403,100%,70%,232,261,80%,100%,86%,392,427,80%,100%,236,269,80%,100%,100%,282,317,90%,99%,305,325,80%,100%,129,134,80%,100%,103,118,90%,97%,221,308,80%,90%,97%,445%,369,440,80%,100%,371,404,80%,100%,219,252,80%,100%,186.00,192.00,80%,100%,2,70%,100%,316,348,70%,100%,164,214,30%,100%,100%,102,125,90%,82%,316,395,95%,74%,308,335,70%,98%,176.00,238.00,90%,78%,269,333,90%,85%,92%,239,311,60%,76%,15.00,2000%,71%,161,400%,100%,127,800%,85%,358%,413,32,433,95%,92.6%,164,154,90%,100.0%,96.3%,271,305,95%,93.5%,143,158,80%,100.0%,372,423,85%,100.0%,487,492,90%,100.0%,29%,92.08%,10.00%,10.00%,37.74%,34.33%
CAPS II ou III,III,257,314,100%,50%,72,100%,0%,321,418,75%,100%,182,243,100%,0%,0%,122,100%,1%,12,100%,60%,26,100%,60%,74,100%,90%,324,463,3%,100.00%,17,100%,96%,189%,7.20,100%,75%,54,100%,100%,67,100%,75%,65,100%,75%,68,100%,75%,64,100%,75%,64,100%,75%,62,100%,75%,1.03,100%,75%,66,100%,75%,8,100%,100%,0.77,100%,75%,71,100%,100%,7,100%,75%,3,100%,75%,3.96,100%,75%,64,100%,75%,68,100%,75%,64,100%,75%,64,100%,75%,23300%,0.8,244,344,80%,89%,159,204,100%,78%,83%,182,200,100%,91%,44,50,100%,88%,41,50,100%,82%,213,289,80%,92%,166,203,100%,82%,135,169,80%,100%,89%,431,469,80%,100%,234,239,80%,100%,100%,110,146,90%,84%,364,414,80%,100%,182,225,80%,100%,480,495,90%,100%,217,290,80%,94%,95%,447%,339,447,80%,95%,312,322,80%,100%,250,267,80%,100%,208.00,227.00,80%,100%,3,70%,100%,298,388,70%,100%,381,433,30%,100%,99%,367,375,90%,98%,416,453,95%,80%,341,392,70%,97%,392.00,413.00,90%,79%,442,497,90%,72%,90%,423,432,60%,91%,15.30,2000%,79%,84,400%,100%,30,800%,83%,358%,248,26,239,95%,97.8%,110,110,90%,100.0%,98.9%,133,159,95%,88.1%,248,299,80%,100.0%,264,348,85%,89.2%,333,402,90%,92.0%,28%,83.39%,10.00%,0.00%,37.74%,35.65%
CAPS II ou III,I,219,233,100%,75%,71,100%,0%,379,408,75%,100%,100,114,100%,100%,50%,118,100%,1%,12,100%,60%,25,100%,60%,74,100%,90%,195,204,3%,100.00%,19,100%,98%,189%,7.42,100%,75%,55,100%,100%,64,100%,75%,66,100%,75%,64,100%,75%,66,100%,75%,66,100%,75%,65,100%,75%,0.96,100%,75%,66,100%,75%,8,100%,100%,0.77,100%,75%,69,100%,100%,7,100%,75%,2,100%,75%,4.16,100%,75%,66,100%,75%,64,100%,75%,66,100%,75%,62,100%,75%,37200%,0.8,194,246,80%,99%,222,309,100%,72%,83%,178,200,100%,89%,47,50,100%,94%,43,50,100%,86%,98,125,80%,98%,79,114,100%,69%,136,153,80%,100%,89%,136,147,80%,100%,324,416,80%,97%,99%,312,377,90%,92%,212,228,80%,100%,101,124,80%,100%,442,471,90%,100%,95,105,80%,100%,98%,449%,114,133,80%,100%,302,426,80%,89%,102,144,80%,89%,254.00,274.00,80%,100%,2,70%,100%,120,152,70%,100%,401,490,30%,100%,97%,334,345,90%,81%,354,365,95%,79%,231,289,70%,74%,343.00,441.00,90%,89%,163,215,90%,73%,89%,81,108,60%,85%,14.55,2000%,83%,57,400%,100%,81,800%,72%,358%,363,17,354,95%,100.0%,233,215,90%,100.0%,100.0%,312,322,95%,100.0%,435,489,80%,100.0%,267,322,85%,97.6%,223,311,90%,79.7%,30%,98.50%,15.00%,10.00%,37.74%,35.75%
CAPS III 24h,I,449,459,100%,75%,73,100%,0%,281,327,75%,100%,384,392,100%,100%,50%,119,100%,1%,12,100%,60%,25,100%,60%,74,100%,90%,173,235,3%,100.00%,18,100%,70%,189%,7.20,100%,75%,54,100%,100%,67,100%,75%,66,100%,75%,67,100%,75%,66,100%,75%,66,100%,75%,67,100%,75%,1.01,100%,75%,66,100%,75%,8,100%,100%,0.73,100%,75%,67,100%,100%,7,100%,75%,2,100%,75%,4.12,100%,75%,62,100%,75%,66,100%,75%,63,100%,75%,66,100%,75%,282,0.8,126,158,80%,100%,296,370,100%,80%,83%,162,200,100%,81%,41,50,100%,82%,39,50,100%,78%,330,429,80%,96%,221,288,100%,77%,278,381,80%,91%,84%,407,485,80%,100%,372,449,80%,100%,100%,331,454,90%,81%,329,452,80%,91%,381,465,80%,100%,383,462,90%,92%,304,411,80%,92%,91%,438%,105,147,80%,89%,398,407,80%,100%,430,444,80%,100%,232.00,253.00,80%,100%,3,70%,100%,377,415,70%,100%,380,427,30%,100%,98%,404,430,90%,85%,177,187,95%,88%,302,332,70%,82%,330.00,375.00,90%,96%,381,393,90%,83%,92%,343,490,60%,77%,15.45,2000%,98%,158,400%,100%,97,800%,88%,358%,355,34,349,95%,96.8%,389,363,90%,100.0%,98.4%,330,459,95%,75.7%,120,123,80%,100.0%,333,366,85%,100.0%,252,278,90%,100.0%,28%,96.42%,15.00%,10.00%,37.74%,33.67%
CAPS III 24h,V,405,427,100%,75%,72,100%,0%,137,179,75%,100%,292,361,100%,100%,50%,120,100%,1%,12,100%,60%,26,100%,60%,72,100%,90%,360,410,3%,100.00%,18,100%,96%,189%,7.80,100%,75%,53,100%,100%,63,100%,75%,67,100%,75%,64,100%,75%,64,100%,75%,62,100%,75%,62,100%,75%,1.04,100%,75%,63,100%,75%,8,100%,100%,0.73,100%,75%,70,100%,100%,7,100%,75%,2,100%,75%,4.04,100%,75%,64,100%,75%,62,100%,75%,66,100%,75%,68,100%,75%,28100%,0.8,330,352,80%,100%,194,240,100%,81%,83%,192,200,100%,96%,44,50,100%,88%,35,50,100%,70%,216,300,80%,82%,229,328,100%,70%,187,229,80%,97%,84%,145,169,80%,100%,86,103,80%,100%,100%,124,127,90%,100%,371,413,80%,100%,368,429,80%,100%,291,304,90%,100%,416,429,80%,100%,100%,446%,287,319,80%,100%,264,353,80%,93%,109,146,80%,93%,90.00,125.00,80%,63%,2,70%,100%,253,270,70%,100%,234,312,30%,100%,93%,272,313,90%,95%,177,228,95%,88%,229,276,70%,88%,236.00,295.00,90%,74%,147,175,90%,99%,92%,302,365,60%,72%,14.70,2000%,96%,121,400%,100%,146,800%,79%,358%,132,13,151,95%,83.0%,139,128,90%,100.0%,91.5%,155,197,95%,82.8%,121,150,80%,100.0%,330,418,85%,92.9%,158,169,90%,100.0%,28%,96.28%,15.00%,10.00%,37.74%,33.53%
CAPS III 24h,II,216,271,100%,50%,69,100%,0%,278,352,75%,100%,286,345,100%,100%,50%,115,100%,1%,12,100%,60%,26,100%,60%,72,100%,90%,323,333,3%,100.00%,18,100%,96%,189%,7.42,100%,75%,53,100%,100%,68,100%,75%,64,100%,75%,64,100%,75%,67,100%,75%,65,100%,75%,63,100%,75%,0.98,100%,75%,63,100%,75%,8,100%,100%,0.75,100%,75%,70,100%,100%,7,100%,75%,3,100%,75%,4.12,100%,75%,66,100%,75%,64,100%,75%,63,100%,75%,63,100%,75%,42400%,0.8,380,437,80%,100%,323,385,100%,84%,83%,188,200,100%,94%,41,50,100%,82%,39,50,100%,78%,156,224,80%,89%,374,446,100%,92%,189,213,80%,79%,86%,368,455,80%,100%,166,208,80%,100%,100%,359,371,90%,100%,259,279,80%,100%,246,294,80%,100%,103,123,90%,93%,228,293,80%,97%,98%,446%,282,340,80%,100%,152,175,80%,100%,255,266,80%,100%,314.00,449.00,80%,63%,2,70%,100%,157,171,70%,100%,188,248,30%,100%,95%,157,202,90%,86%,264,307,95%,70%,400,409,70%,99%,212.00,228.00,90%,87%,277,305,90%,96%,95%,216,230,60%,78%,14.85,2000%,89%,117,400%,100%,114,800%,74%,358%,285,30,332,95%,80.8%,269,240,90%,100.0%,90.4%,180,205,95%,92.4%,255,345,80%,92.4%,165,172,85%,100.0%,278,344,90%,89.8%,28%,92.01%,10.00%,10.00%,37.74%,34.27%
CAPS III 24h,VI,367,483,100%,50%,72,100%,0%,91,102,75%,100%,240,312,100%,100%,50%,125,100%,1%,12,100%,60%,24,100%,60%,74,100%,90%,344,367,3%,100.00%,18,100%,83%,189%,7.35,100%,75%,56,100%,100%,64,100%,75%,66,100%,75%,64,100%,75%,63,100%,75%,65,100%,75%,63,100%,75%,1.01,100%,75%,66,100%,75%,8,100%,100%,0.74,100%,75%,71,100%,100%,7,100%,75%,3,100%,75%,4.08,100%,75%,62,100%,75%,63,100%,75%,66,100%,75%,62,100%,75%,16600%,0.8,362,382,80%,100%,167,174,100%,96%,83%,146,200,100%,73%,48,50,100%,96%,36,50,100%,72%,342,456,80%,97%,106,121,100%,71%,395,494,80%,87%,83%,198,233,80%,100%,191,218,80%,100%,100%,152,215,90%,79%,199,212,80%,100%,478,493,80%,100%,419,428,90%,100%,317,334,80%,100%,96%,441%,98,105,80%,100%,157,183,80%,100%,216,230,80%,100%,230.00,235.00,80%,100%,2,70%,100%,112,161,70%,50%,290,398,30%,100%,93%,149,153,90%,100%,120,138,95%,74%,112,161,70%,79%,285.00,332.00,90%,79%,188,201,90%,75%,81%,384,463,60%,78%,14.40,2000%,85%,137,400%,100%,142,800%,88%,358%,492,51,480,95%,96.7%,304,298,90%,100.0%,98.4%,383,457,95%,88.2%,307,375,80%,100.0%,469,494,85%,100.0%,142,183,90%,86.2%,29%,90.81%,10.00%,10.00%,37.74%,33.07%
CAPS III 24h,III,252,271,100%,75%,73,100%,0%,385,482,75%,100%,243,259,100%,100%,50%,124,100%,1%,12,100%,60%,25,100%,60%,77,100%,90%,113,142,3%,100.00%,18,100%,100%,189%,7.50,100%,75%,56,100%,100%,67,100%,75%,64,100%,75%,64,100%,75%,64,100%,75%,66,100%,75%,67,100%,75%,1.04,100%,75%,67,100%,75%,8,100%,100%,0.73,100%,75%,71,100%,100%,7,100%,75%,3,100%,75%,4.16,100%,75%,63,100%,75%,62,100%,75%,63,100%,75%,68,100%,75%,32200%,0.8,336,378,80%,100%,130,163,100%,80%,83%,180,200,100%,90%,43,50,100%,86%,37,50,100%,74%,121,129,80%,93%,238,310,100%,71%,191,218,80%,97%,85%,179,193,80%,100%,146,207,80%,88%,94%,80,103,90%,86%,404,481,80%,100%,106,128,80%,100%,167,173,90%,100%,117,161,80%,91%,95%,437%,306,426,80%,90%,214,307,80%,87%,392,418,80%,100%,86.00,112.00,80%,63%,2,70%,100%,394,481,70%,100%,379,412,30%,100%,91%,146,153,90%,86%,361,369,95%,86%,344,415,70%,92%,432.00,446.00,90%,93%,229,273,90%,79%,93%,304,391,60%,94%,14.55,2000%,87%,147,400%,100%,62,800%,81%,358%,146,9,181,95%,79.7%,217,202,90%,100.0%,89.8%,304,338,95%,94.7%,456,476,80%,100.0%,476,481,85%,100.0%,198,255,90%,86.3%,29%,96.81%,15.00%,10.00%,37.74%,34.07%
CAPS III 24h,VI,386,416,100%,75%,69,100%,0%,356,410,75%,100%,204,253,100%,100%,50%,121,100%,1%,12,100%,60%,25,100%,60%,75,100%,90%,214,228,3%,100.00%,19,100%,83%,189%,7.65,100%,75%,55,100%,100%,67,100%,75%,64,100%,75%,62,100%,75%,62,100%,75%,66,100%,75%,66,100%,75%,0.98,100%,75%,66,100%,75%,8,100%,100%,0.76,100%,75%,67,100%,100%,7,100%,75%,3,100%,75%,3.92,100%,75%,68,100%,75%,67,100%,75%,67,100%,75%,66,100%,75%,42600%,0.8,202,211,80%,100%,145,160,100%,91%,83%,154,200,100%,77%,37,50,100%,74%,38,50,100%,76%,312,390,80%,82%,375,500,100%,73%,403,416,80%,98%,80%,335,442,80%,95%,186,267,80%,87%,91%,467,482,90%,100%,161,165,80%,100%,82,108,80%,95%,339,399,90%,94%,98,131,80%,94%,97%,430%,269,278,80%,100%,299,337,80%,100%,117,142,80%,100%,335.00,454.00,80%,63%,2,70%,100%,166,175,70%,100%,273,391,30%,100%,95%,189,260,90%,92%,396,441,95%,90%,311,405,70%,71%,383.00,485.00,90%,100%,203,237,90%,88%,92%,385,410,60%,77%,15.45,2000%,100%,106,400%,100%,135,800%,94%,358%,423,16,458,95%,93.5%,228,203,90%,100.0%,96.8%,169,214,95%,83.1%,464,474,80%,100.0%,285,321,85%,100.0%,154,164,90%,100.0%,28%,94.74%,15.00%,10.00%,37.74%,32.00%
CAPS II ou III,VI,200,278,100%,50%,69,100%,0%,103,115,75%,100%,366,426,100%,100%,50%,120,100%,1%,12,100%,60%,26,100%,60%,74,100%,90%,356,401,3%,100.00%,19,100%,94%,189%,7.42,100%,75%,57,100%,100%,63,100%,75%,63,100%,75%,68,100%,75%,65,100%,75%,64,100%,75%,67,100%,75%,1.04,100%,75%,66,100%,75%,8,100%,100%,0.74,100%,75%,69,100%,100%,7,100%,75%,3,100%,75%,4.00,100%,75%,63,100%,75%,62,100%,75%,65,100%,75%,66,100%,75%,24300%,0.8,312,343,80%,100%,151,163,100%,93%,83%,156,200,100%,78%,42,50,100%,84%,43,50,100%,86%,264,362,80%,85%,274,343,100%,91%,303,434,80%,79%,84%,212,217,80%,100%,325,343,80%,100%,100%,359,467,90%,85%,140,162,80%,100%,321,369,80%,100%,199,215,90%,100%,322,350,80%,100%,97%,443%,467,492,80%,100%,351,429,80%,100%,222,268,80%,100%,331.00,385.00,80%,100%,3,70%,100%,83,108,70%,100%,433,482,30%,100%,100%,270,276,90%,77%,360,440,95%,71%,372,401,70%,83%,282.00,372.00,90%,98%,150,157,90%,82%,93%,162,180,60%,97%,15.60,2000%,78%,134,400%,100%,177,800%,89%,358%,304,32,337,95%,85.0%,114,101,90%,100.0%,92.5%,200,213,95%,98.8%,107,139,80%,96.2%,107,122,85%,100.0%,322,414,90%,86.4%,91%,91.28%,10.00%,10.00%,37.74%,33.53%
CECO,IV,107,110,100%,75%,68,100%,0%,406,415,75%,100%,288,339,100%,100%,50%,124,100%,1%,12,100%,60%,26,100%,60%,76,100%,90%,371,495,3%,100.00%,18,100%,78%,189%,7.80,100%,75%,55,100%,100%,66,100%,75%,67,100%,75%,62,100%,75%,67,100%,75%,66,100%,75%,66,100%,75%,0.96,100%,75%,68,100%,75%,8,100%,100%,0.77,100%,75%,70,100%,100%,7,100%,75%,2,100%,75%,4.08,100%,75%,66,100%,75%,65,100%,75%,63,100%,75%,66,100%,75%,25900%,0.8,384,423,80%,100%,249,337,100%,74%,83%,242,347,100%,70%,269,369,100%,73%,357,389,100%,92%,129,134,80%,93%,226,302,100%,78%,291,324,80%,92%,83%,200,231,80%,100%,93,131,80%,89%,94%,205,245,90%,93%,334,429,80%,97%,337,412,80%,100%,318,455,90%,78%,252,263,80%,100%,94%,433%,106,117,80%,100%,346,417,80%,100%,235,298,80%,99%,443.00,472.00,80%,100%,2,70%,100%,113,116,70%,100%,125,143,30%,100%,100%,207,216,90%,92%,206,224,95%,80%,236,292,70%,88%,295.00,405.00,90%,99%,230,251,90%,92%,95%,333,412,60%,86%,15.30,2000%,94%,178,400%,100%,95,800%,74%,358%,182,21,186,95%,91.1%,347,340,90%,100.0%,95.6%,447,461,95%,100.0%,307,353,80%,100.0%,370,452,85%,96.3%,445,469,90%,100.0%,30%,100.18%,15.00%,10.00%,37.74%,37.44%
UCIS,II,242,337,100%,50%,72,100%,0%,223,272,75%,100%,123,142,100%,100%,50%,120,100%,1%,12,100%,60%,25,100%,60%,75,100%,90%,325,428,3%,100.00%,18,100%,98%,189%,7.65,100%,75%,57,100%,100%,66,100%,75%,68,100%,75%,63,100%,75%,68,100%,75%,66,100%,75%,67,100%,75%,0.99,100%,75%,67,100%,75%,8,100%,100%,0.75,100%,75%,73,100%,100%,7,100%,75%,2,100%,75%,4.08,100%,75%,64,100%,75%,64,100%,75%,65,100%,75%,63,100%,75%,19100%,0.8,240,300,80%,100%,134,153,100%,88%,83%,246,320,100%,77%,322,339,100%,95%,113,149,100%,76%,77,106,80%,86%,155,219,100%,79%,357,425,80%,98%,85%,175,240,80%,91%,456,550,80%,100%,96%,171,204,90%,93%,219,305,80%,90%,315,376,80%,100%,161,194,90%,92%,224,261,80%,100%,95%,438%,255,355,80%,90%,340,436,80%,97%,118,130,80%,100%,325.00,370.00,80%,100%,3,70%,100%,457,487,70%,100%,396,405,30%,100%,98%,351,386,90%,74%,185,251,95%,92%,361,430,70%,74%,212.00,217.00,90%,89%,247,269,90%,80%,90%,365,389,60%,76%,14.70,2000%,78%,166,400%,100%,128,800%,75%,358%,123,15,144,95%,78.9%,350,318,90%,100.0%,89.5%,466,476,95%,100.0%,241,281,80%,100.0%,164,205,85%,94.1%,330,424,90%,86.5%,29%,95.97%,10.00%,10.00%,37.74%,38.23%
UCIS,IV,260,280,100%,75%,69,100%,0%,281,385,75%,100%,253,279,100%,100%,50%,122,100%,1%,12,100%,60%,25,100%,60%,76,100%,90%,350,487,3%,100.00%,18,100%,83%,189%,7.65,100%,75%,53,100%,100%,64,100%,75%,68,100%,75%,66,100%,75%,65,100%,75%,66,100%,75%,63,100%,75%,1.02,100%,75%,68,100%,75%,8,100%,100%,0.72,100%,75%,68,100%,100%,7,100%,75%,3,100%,75%,4.16,100%,75%,63,100%,75%,65,100%,75%,63,100%,75%,67,100%,75%,16100%,0.8,158,180,80%,100%,210,296,100%,71%,83%,85,113,100%,75%,364,400,100%,91%,175,234,100%,75%,139,170,80%,92%,230,235,100%,74%,328,416,80%,74%,80%,312,325,80%,100%,398,480,80%,100%,100%,293,309,90%,100%,438,472,80%,100%,157,164,80%,100%,155,175,90%,98%,197,230,80%,100%,100%,442%,201,272,80%,92%,184,196,80%,100%,404,430,80%,100%,237.00,286.00,80%,100%,3,70%,100%,438,462,70%,100%,180,238,30%,100%,99%,336,481,90%,73%,305,351,95%,83%,110,124,70%,99%,170.00,178.00,90%,92%,364,372,90%,97%,96%,177,193,60%,77%,15.15,2000%,93%,58,400%,100%,67,800%,76%,358%,128,8,124,95%,100.0%,476,440,90%,100.0%,100.0%,333,370,95%,94.7%,160,165,80%,100.0%,377,449,85%,98.8%,302,409,90%,82.0%,29%,102.74%,15.00%,10.00%,37.74%,40.00%
MAC 1,III,224,277,100%,50%,69,100%,0%,180,241,75%,100%,244,345,100%,50%,50%,118,100%,1%,12,100%,60%,24,100%,60%,72,100%,90%,85,110,3%,100.00%,19,100%,88%,311%,7.50,100%,75%,53,100%,100%,63,100%,75%,62,100%,75%,65,100%,75%,62,100%,75%,68,100%,75%,64,100%,75%,1.04,100%,75%,63,100%,75%,8,100%,100%,0.76,100%,75%,71,100%,100%,7,100%,75%,3,100%,75%,4.00,100%,75%,66,100%,75%,66,100%,75%,65,100%,75%,67,100%,75%,27100%,0.8,324,405,80%,100%,365,411,100%,89%,83%,219,285,100%,77%,171,191,100%,90%,294,404,100%,73%,444,468,80%,90%,480,495,100%,76%,264,353,80%,75%,80%,354,398,80%,100%,119,140,80%,100%,100%,353,498,90%,79%,229,314,80%,91%,294,347,80%,100%,125,161,90%,86%,175,179,80%,100%,91%,434%,437,476,80%,100%,297,396,80%,94%,375,500,80%,94%,260.00,289.00,80%,100%,3,70%,100%,223,315,70%,100%,140,146,30%,100%,98%,137,183,90%,99%,208,254,95%,82%,342,483,70%,99%,340.00,400.00,90%,95%,110,114,90%,96%,96%,291,379,60%,91%,14.85,2000%,72%,77,400%,100%,127,800%,90%,358%,392,20,472,95%,83.0%,428,411,90%,100.0%,91.5%,259,316,95%,86.3%,200,211,80%,100.0%,264,330,85%,94.1%,342,413,90%,92.0%,28%,121.47%,10.00%,10.00%,62.18%,39.29%
MAC 1,I,367,404,100%,75%,67,100%,0%,246,312,75%,100%,147,170,100%,100%,50%,118,100%,1%,12,100%,60%,24,100%,60%,75,100%,90%,240,312,3%,100.00%,19,100%,92%,311%,7.27,100%,75%,56,100%,100%,63,100%,75%,64,100%,75%,68,100%,75%,64,100%,75%,63,100%,75%,68,100%,75%,1.00,100%,75%,67,100%,75%,8,100%,100%,0.76,100%,75%,71,100%,100%,7,100%,75%,2,100%,75%,3.96,100%,75%,64,100%,75%,64,100%,75%,68,100%,75%,64,100%,75%,35000%,0.8,356,415,80%,100%,120,154,100%,78%,83%,298,355,100%,84%,98,122,100%,80%,343,409,100%,84%,159,181,80%,90%,312,396,100%,75%,151,176,80%,97%,85%,216,233,80%,100%,251,322,80%,97%,99%,412,444,90%,100%,369,389,80%,100%,136,148,80%,100%,143,184,90%,86%,92,115,80%,100%,97%,444%,150,198,80%,95%,360,379,80%,100%,321,402,80%,100%,225.00,301.00,80%,63%,3,70%,100%,439,499,70%,100%,85,119,30%,100%,94%,298,369,90%,79%,150,204,95%,91%,364,456,70%,97%,111.00,114.00,90%,75%,171,181,90%,74%,90%,93,105,60%,100%,14.70,2000%,86%,144,400%,100%,113,800%,80%,358%,340,9,436,95%,79.9%,286,255,90%,100.0%,90.0%,222,301,95%,77.6%,259,309,80%,100.0%,405,483,85%,98.6%,168,181,90%,100.0%,28%,124.72%,15.00%,10.00%,62.18%,37.54%
MAC 1,I,318,339,100%,75%,69,100%,0%,330,453,75%,100%,240,343,100%,50%,50%,115,100%,1%,12,100%,60%,25,100%,60%,74,100%,90%,193,220,3%,100.00%,18,100%,78%,311%,7.35,100%,75%,56,100%,100%,65,100%,75%,66,100%,75%,67,100%,75%,62,100%,75%,62,100%,75%,66,100%,75%,1.03,100%,75%,66,100%,75%,8,100%,100%,0.77,100%,75%,72,100%,100%,7,100%,75%,3,100%,75%,3.88,100%,75%,66,100%,75%,66,100%,75%,64,100%,75%,66,100%,75%,30900%,0.8,214,294,80%,91%,215,299,100%,72%,83%,125,134,100%,93%,311,384,100%,81%,103,107,100%,96%,138,157,80%,77%,109,127,100%,80%,269,350,80%,82%,85%,323,337,80%,100%,107,143,80%,94%,97%,86,122,90%,78%,222,289,80%,96%,323,462,80%,87%,166,208,90%,89%,116,147,80%,99%,90%,434%,126,144,80%,100%,199,214,80%,100%,374,480,80%,97%,405.00,441.00,80%,100%,2,70%,100%,241,298,70%,100%,368,439,30%,100%,100%,255,312,90%,90%,204,265,95%,76%,454,489,70%,78%,134.00,177.00,90%,74%,420,495,90%,84%,89%,114,159,60%,86%,14.40,2000%,96%,144,400%,100%,43,800%,89%,358%,231,24,214,95%,100.0%,471,448,90%,100.0%,100.0%,266,299,95%,93.6%,303,405,80%,93.5%,369,451,85%,96.3%,391,440,90%,98.7%,28%,127.03%,15.00%,10.00%,62.18%,39.85%
MAC 1,I,91,109,100%,50%,70,100%,0%,383,486,75%,100%,153,197,100%,100%,50%,122,100%,1%,12,100%,60%,25,100%,60%,78,100%,90%,207,280,3%,100.00%,17,100%,100%,311%,7.73,100%,75%,54,100%,100%,64,100%,75%,66,100%,75%,64,100%,75%,66,100%,75%,68,100%,75%,66,100%,75%,0.96,100%,75%,63,100%,75%,8,100%,100%,0.75,100%,75%,73,100%,100%,7,100%,75%,2,100%,75%,4.12,100%,75%,65,100%,75%,66,100%,75%,68,100%,75%,64,100%,75%,46100%,0.8,334,341,80%,100%,369,492,100%,75%,83%,311,445,100%,70%,426,490,100%,87%,138,147,100%,94%,200,244,80%,95%,143,165,100%,93%,345,467,80%,90%,88%,130,176,80%,92%,290,398,80%,91%,92%,321,429,90%,83%,218,295,80%,92%,354,408,80%,100%,392,441,90%,99%,410,428,80%,100%,95%,437%,240,293,80%,100%,224,264,80%,100%,117,153,80%,96%,202.00,228.00,80%,100%,2,70%,100%,443,487,70%,100%,188,235,30%,100%,99%,440,489,90%,86%,278,313,95%,84%,397,410,70%,98%,341.00,375.00,90%,88%,184,260,90%,71%,92%,231,272,60%,96%,15.45,2000%,77%,31,400%,100%,150,800%,93%,358%,118,7,120,95%,97.4%,414,383,90%,100.0%,98.7%,421,435,95%,100.0%,300,313,80%,100.0%,288,384,85%,88.2%,199,224,90%,98.7%,29%,121.93%,10.00%,10.00%,62.18%,39.75%
MAC 1,VII,94,100,100%,75%,69,100%,0%,292,390,75%,100%,227,262,100%,100%,50%,119,100%,1%,12,100%,60%,25,100%,60%,78,100%,90%,184,220,3%,100.00%,19,100%,87%,311%,7.80,100%,75%,54,100%,100%,64,100%,75%,67,100%,75%,66,100%,75%,62,100%,75%,64,100%,75%,65,100%,75%,0.97,100%,75%,64,100%,75%,8,100%,100%,0.77,100%,75%,71,100%,100%,7,100%,75%,2,100%,75%,4.00,100%,75%,67,100%,75%,64,100%,75%,64,100%,75%,62,100%,75%,14100%,0.8,232,284,80%,100%,295,352,100%,84%,83%,291,297,100%,98%,80,104,100%,77%,296,306,100%,97%,205,263,80%,74%,203,268,100%,71%,136,187,80%,72%,81%,106,112,80%,100%,195,271,80%,90%,95%,75,104,90%,80%,198,205,80%,100%,156,191,80%,100%,203,279,90%,81%,313,424,80%,92%,91%,430%,357,397,80%,100%,379,452,80%,100%,193,265,80%,91%,319.00,351.00,80%,100%,3,70%,100%,133,138,70%,100%,470,485,30%,100%,99%,123,162,90%,87%,259,282,95%,95%,289,295,70%,78%,163.00,174.00,90%,79%,233,272,90%,72%,88%,392,431,60%,72%,14.70,2000%,71%,85,400%,100%,64,800%,80%,358%,181,17,177,95%,97.5%,380,342,90%,100.0%,98.8%,297,342,95%,91.4%,353,431,80%,100.0%,345,375,85%,100.0%,344,410,90%,93.2%,29%,126.67%,15.00%,10.00%,62.18%,39.49%
MAC 1,I,379,436,100%,75%,70,100%,0%,343,382,75%,100%,212,287,100%,50%,50%,115,100%,1%,12,100%,60%,25,100%,60%,75,100%,90%,296,412,3%,100.00%,17,100%,87%,311%,7.73,100%,75%,55,100%,100%,66,100%,75%,67,100%,75%,64,100%,75%,65,100%,75%,63,100%,75%,63,100%,75%,1.01,100%,75%,68,100%,75%,8,100%,100%,0.78,100%,75%,69,100%,100%,7,100%,75%,3,100%,75%,4.00,100%,75%,66,100%,75%,65,100%,75%,65,100%,75%,67,100%,75%,31800%,0.8,264,308,80%,100%,274,386,100%,71%,83%,302,336,100%,90%,256,273,100%,94%,375,488,100%,77%,272,328,80%,76%,307,366,100%,88%,191,252,80%,85%,85%,145,191,80%,95%,405,471,80%,100%,97%,184,234,90%,87%,153,172,80%,100%,379,399,80%,100%,131,185,90%,79%,246,312,80%,99%,93%,438%,191,195,80%,100%,475,500,80%,100%,221,241,80%,100%,311.00,394.00,80%,63%,3,70%,100%,284,401,70%,100%,162,226,30%,100%,95%,162,181,90%,70%,326,367,95%,91%,244,272,70%,76%,311.00,439.00,90%,91%,337,379,90%,74%,89%,278,299,60%,89%,15.60,2000%,93%,75,400%,100%,176,800%,98%,358%,354,34,416,95%,81.0%,442,398,90%,100.0%,90.5%,267,276,95%,100.0%,113,130,80%,100.0%,412,444,85%,100.0%,449,478,90%,100.0%,30%,125.04%,15.00%,10.00%,62.18%,37.86%
MAC 1,III,279,358,100%,50%,69,100%,0%,160,201,75%,100%,226,280,100%,100%,50%,125,100%,1%,12,100%,60%,24,100%,60%,74,100%,90%,244,260,3%,100.00%,17,100%,86%,311%,7.73,100%,75%,57,100%,100%,66,100%,75%,68,100%,75%,68,100%,75%,68,100%,75%,62,100%,75%,64,100%,75%,0.97,100%,75%,62,100%,75%,8,100%,100%,0.76,100%,75%,67,100%,100%,7,100%,75%,3,100%,75%,3.84,100%,75%,66,100%,75%,63,100%,75%,67,100%,75%,67,100%,75%,29900%,0.8,131,157,80%,100%,222,244,100%,91%,83%,132,174,100%,76%,123,161,100%,76%,414,460,100%,90%,128,178,80%,99%,232,247,100%,98%,304,412,80%,86%,88%,346,495,80%,87%,264,278,80%,100%,94%,251,299,90%,93%,341,468,80%,91%,356,414,80%,100%,288,348,90%,92%,373,498,80%,94%,94%,438%,256,320,80%,100%,465,495,80%,100%,375,469,80%,100%,295.00,302.00,80%,100%,2,70%,100%,306,344,70%,100%,301,387,30%,100%,100%,147,199,90%,79%,287,359,95%,81%,335,342,70%,70%,158.00,196.00,90%,73%,159,163,90%,88%,88%,124,150,60%,90%,14.70,2000%,90%,74,400%,100%,54,800%,79%,358%,349,7,433,95%,83.1%,328,312,90%,100.0%,91.6%,328,438,95%,78.8%,384,413,80%,100.0%,354,358,85%,100.0%,436,464,90%,100.0%,28%,122.18%,10.00%,10.00%,62.18%,40.00%
MAC 1,I,280,395,100%,50%,71,100%,0%,193,272,75%,100%,288,400,100%,50%,50%,125,100%,1%,12,100%,60%,24,100%,60%,78,100%,90%,308,355,3%,100.00%,19,100%,90%,311%,7.20,100%,75%,56,100%,100%,67,100%,75%,62,100%,75%,65,100%,75%,64,100%,75%,64,100%,75%,62,100%,75%,0.98,100%,75%,66,100%,75%,8,100%,100%,0.78,100%,75%,67,100%,100%,7,100%,75%,2,100%,75%,4.04,100%,75%,62,100%,75%,64,100%,75%,62,100%,75%,66,100%,75%,20900%,0.8,271,277,80%,100%,237,317,100%,75%,83%,242,285,100%,85%,107,153,100%,70%,224,274,100%,82%,339,447,80%,72%,333,392,100%,86%,212,228,80%,86%,80%,100,143,80%,87%,372,384,80%,100%,94%,125,131,90%,100%,135,138,80%,100%,316,377,80%,100%,308,406,90%,84%,143,182,80%,98%,97%,433%,275,303,80%,100%,168,222,80%,95%,398,419,80%,100%,134.00,179.00,80%,63%,3,70%,100%,286,393,70%,100%,385,393,30%,100%,94%,371,383,90%,79%,386,477,95%,80%,186,217,70%,84%,286.00,354.00,90%,100%,312,347,90%,85%,93%,215,308,60%,87%,14.70,2000%,88%,125,400%,100%,120,800%,74%,358%,225,27,245,95%,85.1%,114,103,90%,100.0%,92.5%,106,124,95%,90.0%,312,422,80%,92.4%,330,380,85%,100.0%,411,416,90%,100.0%,28%,119.73%,10.00%,10.00%,62.18%,37.55%
MAC 1,VI,194,205,100%,75%,67,100%,0%,382,455,75%,100%,154,186,100%,100%,50%,124,100%,1%,12,100%,60%,24,100%,60%,75,100%,90%,201,229,3%,100.00%,18,100%,78%,311%,7.73,100%,75%,56,100%,100%,64,100%,75%,68,100%,75%,65,100%,75%,66,100%,75%,62,100%,75%,63,100%,75%,1.03,100%,75%,66,100%,75%,8,100%,100%,0.77,100%,75%,71,100%,100%,7,100%,75%,2,100%,75%,4.16,100%,75%,63,100%,75%,66,100%,75%,63,100%,75%,64,100%,75%,22900%,0.8,378,420,80%,100%,335,369,100%,91%,83%,343,435,100%,79%,172,185,100%,93%,274,286,100%,96%,161,204,80%,98%,134,137,100%,83%,383,468,80%,97%,91%,250,269,80%,100%,282,294,80%,100%,100%,281,320,90%,98%,295,325,80%,100%,244,288,80%,100%,297,408,90%,81%,183,238,80%,96%,95%,448%,111,151,80%,92%,148,204,80%,91%,243,343,80%,89%,274.00,286.00,80%,100%,2,70%,100%,117,143,70%,100%,349,492,30%,100%,96%,128,161,90%,93%,382,403,95%,78%,268,324,70%,89%,237.00,286.00,90%,94%,379,408,90%,89%,94%,140,198,60%,72%,15.00,2000%,99%,40,400%,100%,86,800%,90%,358%,145,16,142,95%,95.6%,210,203,90%,100.0%,97.8%,208,260,95%,84.2%,280,374,80%,93.6%,422,440,85%,100.0%,209,287,90%,80.9%,28%,125.53%,15.00%,10.00%,62.18%,38.35%
MAC 1,II,259,328,100%,50%,73,100%,0%,281,287,75%,100%,98,121,100%,100%,50%,118,100%,1%,12,100%,60%,25,100%,60%,74,100%,90%,461,486,3%,100.00%,18,100%,72%,311%,7.58,100%,75%,54,100%,100%,64,100%,75%,64,100%,75%,66,100%,75%,62,100%,75%,65,100%,75%,63,100%,75%,1.01,100%,75%,64,100%,75%,8,100%,100%,0.75,100%,75%,69,100%,100%,7,100%,75%,3,100%,75%,4.12,100%,75%,66,100%,75%,66,100%,75%,66,100%,75%,66,100%,75%,28500%,0.8,289,333,80%,100%,197,235,100%,84%,83%,106,137,100%,77%,90,129,100%,70%,246,316,100%,78%,396,456,80%,73%,227,296,100%,74%,336,421,80%,83%,76%,83,114,80%,91%,294,342,80%,100%,96%,389,481,90%,90%,304,358,80%,100%,329,402,80%,100%,239,292,90%,91%,344,410,80%,100%,96%,430%,238,287,80%,100%,342,457,80%,94%,147,162,80%,100%,332.00,401.00,80%,100%,3,70%,100%,157,219,70%,100%,393,486,30%,100%,99%,115,158,90%,74%,307,354,95%,100%,278,309,70%,80%,299.00,374.00,90%,85%,354,390,90%,98%,93%,150,209,60%,87%,14.55,2000%,97%,130,400%,100%,40,800%,89%,358%,391,40,456,95%,81.0%,341,304,90%,100.0%,90.5%,349,485,95%,75.7%,123,144,80%,100.0%,374,394,85%,100.0%,369,411,90%,99.8%,28%,121.81%,10.00%,10.00%,62.18%,39.63%
MAC 2,III,166,189,100%,75%,70,100%,0%,313,382,75%,100%,231,260,100%,100%,50%,124,100%,1%,12,100%,60%,25,100%,60%,77,100%,90%,176,239,3%,100.00%,19,100%,81%,311%,7.80,100%,75%,53,100%,100%,66,100%,75%,68,100%,75%,68,100%,75%,65,100%,75%,66,100%,75%,66,100%,75%,0.97,100%,75%,64,100%,75%,8,100%,100%,0.75,100%,75%,71,100%,100%,7,100%,75%,2,100%,75%,4.00,100%,75%,63,100%,75%,64,100%,75%,68,100%,75%,62,100%,75%,21400%,0.8,223,276,80%,100%,361,469,100%,77%,83%,175,199,100%,88%,304,411,100%,74%,270,326,100%,83%,147,199,80%,87%,131,148,100%,81%,124,142,80%,100%,85%,176,213,80%,100%,433,471,80%,100%,100%,200,275,90%,81%,305,359,80%,100%,333,340,80%,100%,205,286,90%,80%,230,284,80%,100%,92%,440%,251,299,80%,100%,347,490,80%,89%,324,377,80%,100%,253.00,298.00,80%,100%,3,70%,100%,267,377,70%,100%,240,276,30%,100%,98%,247,302,90%,98%,100,130,95%,81%,253,285,70%,73%,212.00,247.00,90%,75%,116,129,90%,73%,87%,228,260,60%,89%,15.60,2000%,86%,95,400%,100%,143,800%,95%,358%,155,9,179,95%,85.9%,123,110,90%,100.0%,92.9%,266,346,95%,80.9%,244,294,80%,100.0%,218,232,85%,100.0%,268,277,90%,100.0%,28%,126.52%,15.00%,10.00%,62.18%,39.34%
MAC 2,IV,140,175,100%,50%,71,100%,0%,273,307,75%,100%,173,228,100%,100%,50%,125,100%,1%,12,100%,60%,25,100%,60%,74,100%,90%,244,306,3%,100.00%,18,100%,76%,311%,7.58,100%,75%,56,100%,100%,62,100%,75%,66,100%,75%,63,100%,75%,66,100%,75%,66,100%,75%,64,100%,75%,0.99,100%,75%,62,100%,75%,8,100%,100%,0.78,100%,75%,73,100%,100%,7,100%,75%,2,100%,75%,3.84,100%,75%,67,100%,75%,62,100%,75%,66,100%,75%,62,100%,75%,41000%,0.8,78,103,80%,95%,327,364,100%,90%,83%,235,240,100%,98%,240,264,100%,91%,332,346,100%,96%,319,372,80%,84%,91,120,100%,80%,212,269,80%,88%,89%,141,202,80%,87%,356,482,80%,92%,90%,336,449,90%,83%,128,181,80%,88%,250,291,80%,100%,228,286,90%,89%,109,135,80%,100%,92%,434%,359,387,80%,100%,79,113,80%,87%,370,431,80%,100%,153.00,187.00,80%,100%,2,70%,100%,338,360,70%,100%,168,210,30%,100%,98%,159,219,90%,94%,155,210,95%,73%,247,263,70%,89%,121.00,150.00,90%,100%,122,136,90%,89%,95%,183,226,60%,90%,14.70,2000%,79%,154,400%,100%,78,800%,86%,358%,309,10,348,95%,90.4%,247,226,90%,100.0%,95.2%,300,342,95%,92.3%,169,229,80%,92.2%,250,321,85%,91.6%,261,291,90%,99.7%,28%,121.46%,10.00%,10.00%,62.18%,39.28%
MAC 3,V,285,321,100%,75%,70,100%,0%,86,120,75%,100%,258,359,100%,50%,50%,120,100%,1%,12,100%,60%,25,100%,60%,78,100%,90%,259,366,3%,100.00%,18,100%,83%,79%,7.80,100%,75%,54,100%,100%,68,100%,75%,62,100%,75%,62,100%,75%,66,100%,75%,66,100%,75%,66,100%,75%,1.03,100%,75%,64,100%,75%,8,100%,100%,0.76,100%,75%,71,100%,100%,7,100%,75%,2,100%,75%,3.96,100%,75%,67,100%,75%,64,100%,75%,63,100%,75%,64,100%,75%,25700%,0.8,210,250,80%,100%,369,492,100%,75%,83%,203,214,100%,95%,129,183,100%,70%,273,360,100%,76%,348,478,80%,92%,299,356,100%,92%,120,159,80%,88%,86%,157,169,80%,100%,240,273,80%,100%,100%,286,367,90%,87%,193,222,80%,100%,350,403,80%,100%,220,237,90%,100%,202,209,80%,100%,97%,445%,126,140,80%,100%,258,332,80%,97%,288,384,80%,94%,285.00,307.00,80%,100%,2,70%,100%,181,224,70%,100%,170,231,30%,100%,99%,149,211,90%,85%,355,474,95%,99%,262,336,70%,91%,237.00,283.00,90%,72%,126,133,90%,71%,88%,378,479,60%,98%,14.55,2000%,70%,90,400%,100%,37,800%,74%,358%,277,9,353,95%,79.9%,132,129,90%,100.0%,90.0%,127,134,95%,99.8%,202,211,80%,100.0%,458,498,85%,100.0%,393,492,90%,88.8%,30%,80.28%,15.00%,10.00%,15.80%,39.48%
MAC 3,II,192,268,100%,50%,69,100%,0%,116,142,75%,100%,364,429,100%,100%,50%,115,100%,1%,12,100%,60%,24,100%,60%,73,100%,90%,357,389,3%,100.00%,18,100%,86%,87%,7.73,100%,75%,57,100%,100%,67,100%,75%,67,100%,75%,67,100%,75%,64,100%,75%,64,100%,75%,62,100%,75%,0.99,100%,75%,63,100%,75%,8,100%,100%,0.74,100%,75%,67,100%,100%,7,100%,75%,3,100%,75%,3.84,100%,75%,66,100%,75%,68,100%,75%,65,100%,75%,63,100%,75%,16500%,0.8,318,350,80%,100%,268,328,100%,82%,83%,350,433,100%,81%,267,285,100%,94%,286,367,100%,78%,135,159,80%,82%,416,458,100%,85%,219,247,80%,83%,84%,88,124,80%,89%,111,136,80%,100%,94%,266,313,90%,94%,281,348,80%,100%,189,267,80%,88%,232,319,90%,81%,374,480,80%,97%,92%,433%,316,396,80%,100%,402,474,80%,100%,339,386,80%,100%,344.00,436.00,80%,63%,3,70%,100%,200,228,70%,100%,268,302,30%,100%,95%,375,417,90%,83%,164,222,95%,74%,199,259,70%,93%,363.00,460.00,90%,77%,157,185,90%,100%,94%,348,441,60%,95%,15.45,2000%,84%,30,400%,100%,95,800%,88%,358%,391,28,466,95%,82.0%,153,151,90%,100.0%,91.0%,136,169,95%,84.7%,280,390,80%,89.7%,122,139,85%,100.0%,299,356,90%,93.3%,27%,75.24%,10.00%,10.00%,17.40%,37.84%
MAC 4,III,268,378,100%,50%,67,100%,0%,85,112,75%,100%,80,103,100%,100%,50%,116,100%,1%,12,100%,60%,26,100%,60%,77,100%,90%,104,136,3%,100.00%,19,100%,96%,89%,7.20,100%,75%,57,100%,100%,65,100%,75%,66,100%,75%,63,100%,75%,66,100%,75%,66,100%,75%,65,100%,75%,1.00,100%,75%,66,100%,75%,8,100%,100%,0.74,100%,75%,67,100%,100%,7,100%,75%,2,100%,75%,3.96,100%,75%,64,100%,75%,64,100%,75%,67,100%,75%,66,100%,75%,39400%,0.8,120,150,80%,100%,382,466,100%,82%,83%,305,351,100%,87%,404,417,100%,97%,410,483,100%,85%,178,238,80%,73%,321,387,100%,84%,147,172,80%,90%,86%,167,197,80%,100%,104,145,80%,90%,95%,223,238,90%,100%,113,139,80%,100%,341,397,80%,100%,219,282,90%,86%,286,392,80%,91%,95%,439%,407,468,80%,100%,422,491,80%,100%,96,138,80%,87%,315.00,432.00,80%,63%,2,70%,100%,76,108,70%,100%,235,287,30%,100%,93%,127,157,90%,83%,193,230,95%,84%,182,237,70%,76%,327.00,420.00,90%,88%,177,243,90%,75%,89%,388,396,60%,95%,15.00,2000%,83%,103,400%,100%,31,800%,95%,358%,353,40,373,95%,88.3%,359,320,90%,100.0%,94.2%,112,152,95%,77.6%,287,368,80%,97.5%,379,399,85%,100.0%,462,487,90%,100.0%,28%,74.91%,10.00%,10.00%,17.80%,37.11%
MAC 4,V,333,439,100%,50%,69,100%,0%,170,178,75%,100%,108,155,100%,50%,50%,119,100%,1%,12,100%,60%,25,100%,60%,72,100%,90%,344,425,3%,100.00%,18,100%,96%,88%,7.80,100%,75%,55,100%,100%,65,100%,75%,64,100%,75%,65,100%,75%,62,100%,75%,65,100%,75%,62,100%,75%,0.96,100%,75%,66,100%,75%,8,100%,100%,0.78,100%,75%,68,100%,100%,7,100%,75%,2,100%,75%,3.84,100%,75%,62,100%,75%,66,100%,75%,67,100%,75%,63,100%,75%,42100%,0.8,251,344,80%,91%,147,175,100%,84%,83%,141,179,100%,79%,324,401,100%,81%,270,334,100%,81%,183,187,80%,96%,258,275,100%,100%,408,459,80%,72%,85%,184,225,80%,100%,99,113,80%,100%,100%,153,165,90%,100%,234,276,80%,100%,133,152,80%,100%,300,367,90%,91%,300,412,80%,91%,96%,444%,313,330,80%,100%,214,223,80%,100%,297,316,80%,100%,166.00,189.00,80%,100%,3,70%,100%,313,424,70%,100%,287,383,30%,100%,100%,171,186,90%,100%,167,188,95%,87%,427,436,70%,93%,100.00,143.00,90%,83%,244,272,90%,78%,91%,227,308,60%,93%,14.70,2000%,94%,69,400%,100%,65,800%,82%,358%,112,9,134,95%,80.9%,121,112,90%,100.0%,90.5%,237,276,95%,90.4%,202,220,80%,100.0%,288,297,85%,100.0%,303,333,90%,100.0%,29%,77.60%,10.00%,10.00%,17.60%,40.00%
MAC 4,VIII,119,148,100%,50%,68,100%,0%,133,191,75%,100%,279,373,100%,0%,0%,116,100%,1%,12,100%,60%,25,100%,60%,74,100%,90%,132,139,3%,100.00%,18,100%,98%,87%,7.58,100%,75%,56,100%,100%,66,100%,75%,64,100%,75%,67,100%,75%,63,100%,75%,68,100%,75%,65,100%,75%,0.96,100%,75%,67,100%,75%,8,100%,100%,0.73,100%,75%,70,100%,100%,7,100%,75%,3,100%,75%,4.12,100%,75%,64,100%,75%,64,100%,75%,66,100%,75%,66,100%,75%,46900%,0.8,132,166,80%,99%,174,184,100%,95%,83%,251,262,100%,96%,149,194,100%,77%,289,367,100%,79%,333,366,80%,72%,220,254,100%,77%,395,465,80%,90%,82%,392,427,80%,100%,194,252,80%,96%,98%,103,142,90%,81%,306,316,80%,100%,298,335,80%,100%,249,316,90%,88%,105,129,80%,100%,94%,436%,209,295,80%,89%,392,446,80%,100%,227,239,80%,100%,199.00,266.00,80%,63%,2,70%,100%,173,244,70%,100%,405,495,30%,100%,93%,75,103,90%,88%,383,431,95%,96%,226,231,70%,87%,289.00,367.00,90%,96%,292,329,90%,78%,92%,196,242,60%,87%,14.40,2000%,84%,42,400%,100%,93,800%,79%,358%,446,47,454,95%,92.5%,458,412,90%,100.0%,96.3%,244,322,95%,79.8%,254,310,80%,100.0%,426,444,85%,100.0%,119,147,90%,89.9%,28%,64.60%,10.00%,0.00%,17.40%,37.20%
MAC 4,V,177,227,100%,50%,67,100%,0%,379,469,75%,100%,174,201,100%,100%,50%,122,100%,1%,12,100%,60%,25,100%,60%,74,100%,90%,251,310,3%,100.00%,17,100%,97%,81%,7.35,100%,75%,54,100%,100%,66,100%,75%,66,100%,75%,63,100%,75%,68,100%,75%,65,100%,75%,63,100%,75%,1.01,100%,75%,66,100%,75%,8,100%,100%,0.73,100%,75%,71,100%,100%,7,100%,75%,3,100%,75%,3.88,100%,75%,63,100%,75%,64,100%,75%,62,100%,75%,66,100%,75%,26100%,0.8,316,446,80%,89%,107,113,100%,95%,83%,355,487,100%,73%,265,349,100%,76%,350,461,100%,76%,227,284,80%,77%,120,128,100%,91%,194,240,80%,84%,79%,108,112,80%,100%,97,115,80%,100%,100%,313,373,90%,93%,232,291,80%,100%,143,169,80%,100%,176,198,90%,99%,85,102,80%,100%,98%,440%,251,340,80%,92%,282,307,80%,100%,177,240,80%,92%,223.00,238.00,80%,100%,3,70%,100%,196,221,70%,100%,266,296,30%,100%,98%,369,385,90%,98%,91,108,95%,94%,430,500,70%,98%,326.00,424.00,90%,90%,374,386,90%,97%,96%,133,169,60%,85%,15.45,2000%,95%,160,400%,100%,123,800%,73%,358%,365,30,390,95%,90.4%,206,194,90%,100.0%,95.2%,300,330,95%,95.7%,192,214,80%,100.0%,136,145,85%,100.0%,226,291,90%,86.3%,30%,75.31%,10.00%,10.00%,16.20%,39.11%
MAC 4,III,193,220,100%,75%,67,100%,0%,186,192,75%,100%,285,307,100%,100%,50%,122,100%,1%,12,100%,60%,24,100%,60%,77,100%,90%,249,346,3%,100.00%,17,100%,71%,98%,7.73,100%,75%,57,100%,100%,62,100%,75%,66,100%,75%,64,100%,75%,68,100%,75%,66,100%,75%,65,100%,75%,0.96,100%,75%,63,100%,75%,8,100%,100%,0.76,100%,75%,69,100%,100%,7,100%,75%,2,100%,75%,4.00,100%,75%,65,100%,75%,62,100%,75%,66,100%,75%,66,100%,75%,22000%,0.8,311,346,80%,100%,340,358,100%,95%,83%,164,198,100%,83%,263,296,100%,89%,298,332,100%,90%,136,177,80%,93%,139,150,100%,87%,182,198,80%,78%,87%,320,386,80%,100%,388,427,80%,100%,100%,358,466,90%,85%,169,215,80%,98%,81,117,80%,87%,101,137,90%,82%,171,241,80%,89%,88%,437%,266,375,80%,89%,112,148,80%,95%,430,478,80%,100%,204.00,243.00,80%,100%,3,70%,100%,369,492,70%,100%,79,100,30%,100%,98%,364,462,90%,85%,89,123,95%,86%,161,176,70%,71%,283.00,318.00,90%,95%,194,221,90%,80%,90%,147,174,60%,88%,14.70,2000%,74%,49,400%,100%,83,800%,77%,358%,390,28,448,95%,85.1%,301,301,90%,100.0%,92.5%,383,486,95%,83.0%,99,134,80%,92.4%,190,232,85%,96.3%,382,390,90%,100.0%,27%,83.64%,15.00%,10.00%,19.60%,39.04%
UBT,III,183,211,100%,75%,71,100%,0%,360,410,75%,100%,153,178,100%,100%,50%,118,100%,1%,12,100%,60%,25,100%,60%,78,100%,90%,229,258,3%,100.00%,19,100%,96%,189%,7.65,100%,75%,55,100%,100%,66,100%,75%,66,100%,75%,63,100%,75%,66,100%,75%,67,100%,75%,65,100%,75%,0.97,100%,75%,63,100%,75%,8,100%,100%,0.72,100%,75%,69,100%,100%,7,100%,75%,3,100%,75%,4.04,100%,75%,67,100%,75%,63,100%,75%,62,100%,75%,63,100%,75%,19300%,0.8,446,485,80%,100%,258,290,100%,89%,83%,311,404,100%,77%,331,381,100%,87%,199,214,100%,93%,141,166,80%,76%,180,229,100%,81%,351,462,80%,86%,83%,330,341,80%,100%,328,391,80%,100%,100%,268,344,90%,87%,419,437,80%,100%,274,356,80%,96%,101,133,90%,84%,168,210,80%,100%,93%,439%,301,387,80%,97%,342,385,80%,100%,147,178,80%,100%,130.00,184.00,80%,63%,3,70%,100%,73,104,70%,100%,94,124,30%,100%,94%,161,179,90%,92%,167,220,95%,97%,282,328,70%,99%,372.00,490.00,90%,93%,458,478,90%,77%,93%,210,217,60%,99%,15.00,2000%,82%,62,400%,100%,33,800%,78%,358%,219,10,216,95%,100.0%,205,197,90%,100.0%,100.0%,126,156,95%,85.0%,331,404,80%,100.0%,176,224,85%,92.4%,110,144,90%,84.9%,28%,95.74%,15.00%,10.00%,37.74%,33.00%
UBT,II,152,188,100%,50%,69,100%,0%,114,150,75%,100%,308,339,100%,100%,50%,121,100%,1%,12,100%,60%,24,100%,60%,78,100%,90%,157,204,3%,100.00%,17,100%,79%,189%,7.65,100%,75%,54,100%,100%,62,100%,75%,68,100%,75%,66,100%,75%,64,100%,75%,67,100%,75%,66,100%,75%,1.03,100%,75%,64,100%,75%,8,100%,100%,0.75,100%,75%,73,100%,100%,7,100%,75%,2,100%,75%,3.84,100%,75%,67,100%,75%,67,100%,75%,63,100%,75%,66,100%,75%,19000%,0.8,271,362,80%,94%,422,431,100%,98%,83%,438,493,100%,89%,320,452,100%,71%,264,372,100%,71%,238,281,80%,83%,478,493,100%,76%,229,315,80%,81%,78%,238,284,80%,100%,94,103,80%,100%,100%,123,167,90%,82%,305,407,80%,94%,189,199,80%,100%,340,355,90%,100%,413,449,80%,100%,95%,436%,187,208,80%,100%,230,324,80%,89%,140,153,80%,100%,291.00,313.00,80%,100%,3,70%,100%,382,407,70%,100%,390,403,30%,100%,98%,153,210,90%,71%,385,464,95%,82%,249,265,70%,72%,454.00,464.00,90%,75%,148,161,90%,75%,87%,185,257,60%,75%,14.55,2000%,99%,131,400%,100%,95,800%,100%,358%,287,19,340,95%,83.0%,243,240,90%,100.0%,91.5%,149,164,95%,95.6%,216,219,80%,100.0%,129,144,85%,100.0%,226,233,90%,100.0%,30%,90.74%,10.00%,10.00%,37.74%,33.00%
UBT,IV,143,159,100%,75%,68,100%,0%,312,406,75%,100%,115,124,100%,100%,50%,121,100%,1%,12,100%,60%,24,100%,60%,73,100%,90%,319,390,3%,100.00%,18,100%,98%,189%,7.80,100%,75%,53,100%,100%,62,100%,75%,62,100%,75%,66,100%,75%,67,100%,75%,64,100%,75%,65,100%,75%,1.01,100%,75%,65,100%,75%,8,100%,100%,0.78,100%,75%,69,100%,100%,7,100%,75%,3,100%,75%,4.12,100%,75%,68,100%,75%,64,100%,75%,62,100%,75%,66,100%,75%,28000%,0.8,154,178,80%,100%,310,345,100%,90%,83%,85,113,100%,75%,110,154,100%,71%,341,461,100%,74%,390,449,80%,94%,131,148,100%,84%,303,405,80%,88%,81%,170,187,80%,100%,204,272,80%,94%,97%,198,228,90%,96%,337,397,80%,100%,187,253,80%,92%,172,201,90%,95%,422,454,80%,100%,97%,437%,159,210,80%,95%,337,379,80%,100%,315,421,80%,94%,223.00,279.00,80%,63%,3,70%,100%,378,394,70%,100%,359,467,30%,100%,93%,268,336,90%,85%,459,479,95%,72%,329,439,70%,78%,149.00,184.00,90%,70%,340,410,90%,87%,89%,290,359,60%,95%,14.40,2000%,78%,154,400%,100%,96,800%,96%,358%,124,6,122,95%,100.0%,365,365,90%,100.0%,100.0%,144,172,95%,88.1%,101,130,80%,97.1%,368,384,85%,100.0%,427,441,90%,100.0%,29%,95.74%,15.00%,10.00%,37.74%,33.00%
UBT,III,336,400,100%,50%,68,100%,0%,152,212,75%,100%,300,406,100%,50%,50%,120,100%,1%,12,100%,60%,25,100%,60%,73,100%,90%,270,318,3%,100.00%,19,100%,88%,189%,7.20,100%,75%,54,100%,100%,67,100%,75%,64,100%,75%,65,100%,75%,64,100%,75%,62,100%,75%,68,100%,75%,0.96,100%,75%,68,100%,75%,8,100%,100%,0.75,100%,75%,70,100%,100%,7,100%,75%,3,100%,75%,4.00,100%,75%,64,100%,75%,64,100%,75%,68,100%,75%,67,100%,75%,35500%,0.8,178,238,80%,93%,285,336,100%,85%,83%,163,188,100%,87%,268,383,100%,70%,420,452,100%,93%,100,117,80%,80%,260,269,100%,88%,130,187,80%,92%,85%,234,282,80%,100%,200,218,80%,100%,100%,180,226,90%,88%,354,390,80%,100%,420,457,80%,100%,107,119,90%,100%,385,464,80%,100%,98%,445%,247,278,80%,100%,439,448,80%,100%,156,191,80%,100%,212.00,247.00,80%,100%,3,70%,100%,322,350,70%,100%,272,363,30%,100%,100%,217,307,90%,97%,237,270,95%,94%,367,418,70%,100%,258.00,290.00,90%,74%,298,404,90%,78%,91%,344,430,60%,97%,15.30,2000%,78%,88,400%,100%,99,800%,100%,358%,200,13,220,95%,89.5%,310,279,90%,100.0%,94.7%,313,334,95%,98.6%,259,361,80%,89.7%,284,374,85%,89.3%,390,476,90%,91.0%,28%,90.74%,10.00%,10.00%,37.74%,33.00%
UBT,IV,92,114,100%,50%,68,100%,0%,222,313,75%,100%,248,340,100%,50%,50%,125,100%,1%,12,100%,60%,25,100%,60%,75,100%,90%,153,183,3%,100.00%,18,100%,76%,189%,7.27,100%,75%,55,100%,100%,63,100%,75%,65,100%,75%,64,100%,75%,65,100%,75%,63,100%,75%,62,100%,75%,1.00,100%,75%,66,100%,75%,8,100%,100%,0.75,100%,75%,71,100%,100%,7,100%,75%,2,100%,75%,4.12,100%,75%,65,100%,75%,67,100%,75%,65,100%,75%,62,100%,75%,10000%,0.8,340,378,80%,100%,216,238,100%,91%,83%,91,124,100%,73%,245,336,100%,73%,132,164,100%,80%,188,209,80%,90%,227,247,100%,83%,275,367,80%,75%,79%,251,289,80%,100%,273,360,80%,95%,97%,375,417,90%,100%,200,207,80%,100%,223,315,80%,88%,205,216,90%,100%,111,157,80%,88%,95%,434%,142,200,80%,89%,264,353,80%,93%,267,285,80%,100%,382.00,435.00,80%,100%,3,70%,100%,376,409,70%,100%,126,178,30%,100%,97%,363,375,90%,77%,204,241,95%,99%,93,102,70%,78%,403.00,480.00,90%,74%,348,415,90%,80%,88%,261,354,60%,92%,15.60,2000%,98%,89,400%,100%,74,800%,76%,358%,319,33,372,95%,80.9%,415,415,90%,100.0%,90.5%,208,261,95%,83.9%,121,137,80%,100.0%,208,234,85%,100.0%,189,202,90%,100.0%,28%,90.74%,10.00%,10.00%,37.74%,33.00%
UBT,VIII,178,220,100%,50%,73,100%,0%,378,394,75%,100%,149,157,100%,100%,50%,120,100%,1%,12,100%,60%,26,100%,60%,77,100%,90%,261,267,3%,100.00%,19,100%,83%,189%,7.20,100%,75%,56,100%,100%,65,100%,75%,62,100%,75%,66,100%,75%,68,100%,75%,66,100%,75%,63,100%,75%,0.99,100%,75%,66,100%,75%,8,100%,100%,0.72,100%,75%,73,100%,100%,7,100%,75%,2,100%,75%,4.08,100%,75%,62,100%,75%,62,100%,75%,63,100%,75%,65,100%,75%,41900%,0.8,188,194,80%,100%,208,298,100%,70%,83%,227,253,100%,90%,110,149,100%,74%,92,127,100%,72%,115,163,80%,70%,306,438,100%,100%,315,336,80%,86%,82%,231,272,80%,100%,336,410,80%,100%,100%,323,399,90%,90%,232,283,80%,100%,300,345,80%,100%,158,180,90%,98%,364,493,80%,92%,96%,440%,335,365,80%,100%,355,367,80%,100%,394,448,80%,100%,104.00,143.00,80%,63%,2,70%,100%,343,440,70%,100%,323,381,30%,100%,95%,105,115,90%,70%,402,468,95%,92%,350,438,70%,84%,405.00,466.00,90%,79%,260,283,90%,88%,91%,341,432,60%,78%,15.30,2000%,98%,76,400%,100%,146,800%,83%,358%,308,20,379,95%,80.0%,347,309,90%,100.0%,90.0%,175,197,95%,93.5%,226,267,80%,100.0%,243,254,85%,100.0%,224,312,90%,79.8%,29%,90.74%,10.00%,10.00%,37.74%,33.00%
UBT,VII,157,213,100%,50%,68,100%,0%,156,201,75%,100%,179,219,100%,100%,50%,115,100%,1%,12,100%,60%,25,100%,60%,76,100%,90%,286,377,3%,100.00%,19,100%,92%,189%,7.27,100%,75%,56,100%,100%,67,100%,75%,64,100%,75%,66,100%,75%,62,100%,75%,63,100%,75%,65,100%,75%,1.04,100%,75%,68,100%,75%,8,100%,100%,0.73,100%,75%,71,100%,100%,7,100%,75%,2,100%,75%,3.88,100%,75%,68,100%,75%,64,100%,75%,64,100%,75%,68,100%,75%,37700%,0.8,319,371,80%,100%,159,224,100%,71%,83%,401,490,100%,82%,312,391,100%,80%,338,368,100%,92%,257,271,80%,91%,339,354,100%,83%,86,114,80%,79%,84%,220,227,80%,100%,356,364,80%,100%,100%,298,403,90%,82%,112,129,80%,100%,153,169,80%,100%,272,358,90%,84%,142,157,80%,100%,93%,440%,322,366,80%,100%,387,395,80%,100%,99,109,80%,100%,317.00,378.00,80%,100%,3,70%,100%,257,334,70%,100%,256,302,30%,100%,100%,248,327,90%,92%,443,493,95%,73%,119,161,70%,92%,84.00,113.00,90%,100%,130,154,90%,97%,96%,107,138,60%,80%,14.55,2000%,91%,69,400%,100%,152,800%,94%,358%,162,13,187,95%,83.9%,379,367,90%,100.0%,91.9%,213,260,95%,86.2%,308,335,80%,100.0%,464,489,85%,100.0%,423,441,90%,100.0%,29%,90.74%,10.00%,10.00%,37.74%,33.00%
UBT,I,243,271,100%,75%,67,100%,0%,364,493,75%,100%,112,132,100%,100%,50%,124,100%,1%,12,100%,60%,25,100%,60%,78,100%,90%,122,138,3%,100.00%,18,100%,90%,189%,7.80,100%,75%,56,100%,100%,64,100%,75%,64,100%,75%,66,100%,75%,65,100%,75%,62,100%,75%,68,100%,75%,1.04,100%,75%,67,100%,75%,8,100%,100%,0.73,100%,75%,68,100%,100%,7,100%,75%,2,100%,75%,3.92,100%,75%,64,100%,75%,66,100%,75%,65,100%,75%,68,100%,75%,20700%,0.8,297,331,80%,100%,176,194,100%,91%,83%,183,209,100%,88%,185,223,100%,83%,114,130,100%,88%,288,310,80%,81%,136,145,100%,85%,374,382,80%,90%,86%,346,381,80%,100%,272,368,80%,92%,96%,397,491,90%,90%,362,427,80%,100%,145,150,80%,100%,233,329,90%,79%,238,246,80%,100%,94%,438%,397,414,80%,100%,82,118,80%,87%,152,201,80%,95%,329.00,362.00,80%,100%,3,70%,100%,200,275,70%,100%,359,433,30%,100%,97%,237,279,90%,95%,369,451,95%,75%,280,346,70%,91%,99.00,116.00,90%,98%,217,239,90%,100%,96%,94,112,60%,99%,15.15,2000%,89%,180,400%,100%,141,800%,89%,358%,278,17,331,95%,83.0%,276,267,90%,100.0%,91.5%,251,293,95%,90.2%,247,326,80%,94.7%,383,426,85%,100.0%,246,259,90%,100.0%,28%,95.74%,15.00%,10.00%,37.74%,33.00%
UBT,VI,361,495,100%,50%,73,100%,0%,423,446,75%,100%,310,426,100%,50%,50%,125,100%,1%,12,100%,60%,25,100%,60%,73,100%,90%,182,247,3%,100.00%,18,100%,80%,189%,7.65,100%,75%,53,100%,100%,64,100%,75%,63,100%,75%,64,100%,75%,64,100%,75%,66,100%,75%,64,100%,75%,1.01,100%,75%,67,100%,75%,8,100%,100%,0.77,100%,75%,70,100%,100%,7,100%,75%,3,100%,75%,3.88,100%,75%,63,100%,75%,67,100%,75%,65,100%,75%,63,100%,75%,15800%,0.8,185,229,80%,100%,283,315,100%,90%,83%,342,423,100%,81%,392,436,100%,90%,116,166,100%,70%,168,181,80%,76%,102,115,100%,77%,420,433,80%,70%,77%,368,380,80%,100%,150,157,80%,100%,100%,180,200,90%,100%,186,245,80%,95%,355,480,80%,92%,292,366,90%,89%,236,333,80%,89%,93%,433%,108,121,80%,100%,187,218,80%,100%,194,246,80%,99%,372.00,401.00,80%,100%,3,70%,100%,451,491,70%,100%,247,285,30%,100%,100%,387,426,90%,90%,442,492,95%,72%,93,113,70%,70%,318.00,362.00,90%,83%,318,354,90%,98%,91%,110,144,60%,96%,14.40,2000%,91%,94,400%,100%,118,800%,91%,358%,225,28,253,95%,82.0%,252,231,90%,100.0%,91.0%,135,183,95%,77.7%,295,365,80%,100.0%,149,168,85%,100.0%,186,233,90%,88.7%,28%,90.74%,10.00%,10.00%,37.74%,33.00%
UBT,IV,194,223,100%,75%,69,100%,0%,276,294,75%,100%,324,457,100%,50%,50%,120,100%,1%,12,100%,60%,24,100%,60%,72,100%,90%,110,147,3%,100.00%,18,100%,100%,189%,7.58,100%,75%,57,100%,100%,66,100%,75%,64,100%,75%,64,100%,75%,67,100%,75%,67,100%,75%,63,100%,75%,1.02,100%,75%,62,100%,75%,8,100%,100%,0.72,100%,75%,71,100%,100%,7,100%,75%,2,100%,75%,3.96,100%,75%,66,100%,75%,64,100%,75%,66,100%,75%,62,100%,75%,45100%,0.8,312,340,80%,100%,376,489,100%,77%,83%,112,129,100%,87%,277,302,100%,92%,195,227,100%,86%,132,189,80%,91%,383,485,100%,71%,155,199,80%,74%,83%,223,243,80%,100%,96,128,80%,94%,97%,83,107,90%,86%,161,197,80%,100%,233,299,80%,97%,144,170,90%,94%,285,307,80%,100%,96%,438%,392,473,80%,100%,387,426,80%,100%,223,283,80%,98%,152.00,195.00,80%,63%,2,70%,100%,367,465,70%,100%,162,214,30%,100%,94%,275,344,90%,74%,251,268,95%,100%,140,171,70%,99%,371.00,417.00,90%,72%,313,337,90%,72%,90%,238,310,60%,80%,14.70,2000%,89%,161,400%,100%,105,800%,79%,358%,251,8,270,95%,94.7%,372,341,90%,100.0%,97.4%,313,327,95%,100.0%,367,459,80%,99.9%,316,364,85%,100.0%,331,372,90%,98.9%,30%,95.74%,15.00%,10.00%,37.74%,33.00%
UBT,V,142,168,100%,50%,71,100%,0%,391,450,75%,100%,358,478,100%,0%,0%,120,100%,1%,12,100%,60%,25,100%,60%,72,100%,90%,434,477,3%,100.00%,18,100%,99%,189%,7.20,100%,75%,56,100%,100%,66,100%,75%,66,100%,75%,66,100%,75%,65,100%,75%,64,100%,75%,62,100%,75%,1.02,100%,75%,66,100%,75%,8,100%,100%,0.73,100%,75%,72,100%,100%,7,100%,75%,3,100%,75%,4.04,100%,75%,64,100%,75%,64,100%,75%,66,100%,75%,64,100%,75%,15700%,0.8,282,317,80%,100%,368,409,100%,90%,83%,256,317,100%,81%,138,182,100%,76%,342,413,100%,83%,132,163,80%,83%,334,434,100%,85%,370,500,80%,94%,84%,438,493,80%,100%,329,383,80%,100%,100%,213,225,90%,100%,341,488,80%,87%,350,361,80%,100%,220,237,90%,100%,215,291,80%,92%,96%,442%,326,430,80%,95%,254,344,80%,92%,178,208,80%,100%,175.00,189.00,80%,100%,2,70%,100%,153,183,70%,100%,180,190,30%,100%,98%,407,448,90%,74%,215,273,95%,79%,283,302,70%,70%,411.00,473.00,90%,71%,135,152,90%,92%,88%,266,325,60%,89%,14.40,2000%,73%,36,400%,100%,89,800%,83%,358%,436,56,476,95%,84.0%,436,403,90%,100.0%,92.0%,137,145,95%,99.5%,203,275,80%,92.3%,284,306,85%,100.0%,274,305,90%,99.8%,29%,80.74%,10.00%,0.00%,37.74%,33.00%
UBT,VII,118,121,100%,75%,71,100%,0%,79,109,75%,100%,99,132,100%,100%,50%,115,100%,1%,12,100%,60%,25,100%,60%,74,100%,90%,234,308,3%,100.00%,17,100%,74%,189%,7.42,100%,75%,54,100%,100%,64,100%,75%,66,100%,75%,64,100%,75%,64,100%,75%,66,100%,75%,68,100%,75%,0.96,100%,75%,66,100%,75%,8,100%,100%,0.75,100%,75%,73,100%,100%,7,100%,75%,3,100%,75%,3.96,100%,75%,62,100%,75%,64,100%,75%,64,100%,75%,66,100%,75%,43600%,0.8,267,308,80%,100%,448,472,100%,95%,83%,126,171,100%,74%,128,143,100%,90%,227,256,100%,89%,300,313,80%,71%,366,441,100%,91%,202,250,80%,89%,84%,326,424,80%,96%,252,284,80%,100%,98%,185,195,90%,100%,158,176,80%,100%,95,112,80%,100%,415,442,90%,100%,141,154,80%,100%,100%,444%,366,464,80%,99%,125,128,80%,100%,281,335,80%,100%,417.00,430.00,80%,100%,2,70%,100%,360,500,70%,100%,133,161,30%,100%,100%,449,459,90%,93%,203,217,95%,94%,391,416,70%,82%,144.00,147.00,90%,90%,307,320,90%,94%,93%,253,309,60%,82%,14.40,2000%,94%,96,400%,100%,170,800%,73%,358%,116,11,120,95%,92.1%,432,389,90%,100.0%,96.1%,321,346,95%,97.7%,415,457,80%,100.0%,244,263,85%,100.0%,224,308,90%,80.8%,30%,95.74%,15.00%,10.00%,37.74%,33.00%
UBT,V,262,328,100%,50%,69,100%,0%,422,464,75%,100%,194,270,100%,50%,50%,119,100%,1%,12,100%,60%,26,100%,60%,77,100%,90%,237,286,3%,100.00%,18,100%,91%,189%,7.20,100%,75%,54,100%,100%,68,100%,75%,64,100%,75%,64,100%,75%,68,100%,75%,62,100%,75%,65,100%,75%,0.97,100%,75%,63,100%,75%,8,100%,100%,0.75,100%,75%,67,100%,100%,7,100%,75%,3,100%,75%,4.00,100%,75%,64,100%,75%,62,100%,75%,68,100%,75%,63,100%,75%,13800%,0.8,230,256,80%,100%,205,270,100%,76%,83%,87,103,100%,84%,401,451,100%,89%,360,500,100%,72%,236,324,80%,77%,100,131,100%,88%,161,177,80%,77%,81%,341,468,80%,91%,405,483,80%,100%,96%,441,451,90%,100%,343,404,80%,100%,208,251,80%,100%,396,467,90%,94%,107,130,80%,100%,99%,438%,118,160,80%,92%,231,236,80%,100%,254,280,80%,100%,267.00,311.00,80%,100%,3,70%,100%,271,382,70%,100%,153,190,30%,100%,99%,184,212,90%,94%,234,279,95%,84%,254,271,70%,99%,166.00,185.00,90%,71%,432,460,90%,85%,91%,226,319,60%,90%,15.30,2000%,100%,179,400%,100%,145,800%,91%,358%,186,12,198,95%,92.5%,357,321,90%,100.0%,96.3%,321,346,95%,97.7%,159,166,80%,100.0%,212,234,85%,100.0%,221,236,90%,100.0%,30%,90.74%,10.00%,10.00%,37.74%,33.00%
UBT,V,107,152,100%,50%,69,100%,0%,242,332,75%,100%,167,174,100%,100%,50%,120,100%,1%,12,100%,60%,26,100%,60%,77,100%,90%,167,232,3%,100.00%,18,100%,75%,189%,7.42,100%,75%,53,100%,100%,65,100%,75%,68,100%,75%,68,100%,75%,68,100%,75%,66,100%,75%,68,100%,75%,0.97,100%,75%,64,100%,75%,8,100%,100%,0.72,100%,75%,70,100%,100%,7,100%,75%,3,100%,75%,3.92,100%,75%,63,100%,75%,63,100%,75%,64,100%,75%,66,100%,75%,29500%,0.8,268,302,80%,100%,380,401,100%,95%,83%,288,348,100%,83%,301,324,100%,93%,138,141,100%,98%,328,335,80%,94%,327,356,100%,87%,122,133,80%,77%,89%,268,280,80%,100%,411,473,80%,100%,100%,220,294,90%,83%,219,258,80%,100%,338,484,80%,87%,238,294,90%,90%,297,372,80%,100%,92%,443%,190,194,80%,100%,399,487,80%,100%,216,230,80%,100%,137.00,158.00,80%,100%,2,70%,100%,414,476,70%,100%,324,445,30%,100%,100%,134,148,90%,97%,275,309,95%,84%,361,458,70%,96%,436.00,480.00,90%,86%,166,228,90%,99%,95%,180,218,60%,79%,14.40,2000%,86%,111,400%,100%,87,800%,72%,358%,372,33,414,95%,86.2%,425,379,90%,100.0%,93.1%,257,334,95%,81.0%,310,370,80%,100.0%,325,417,85%,91.7%,140,190,90%,81.9%,27%,90.74%,10.00%,10.00%,37.74%,33.00%
UBT MISTA,VI,356,489,100%,50%,69,100%,0%,355,399,75%,100%,342,398,100%,100%,50%,119,100%,1%,12,100%,60%,25,100%,60%,72,100%,90%,118,143,3%,100.00%,18,100%,89%,189%,7.65,100%,75%,54,100%,100%,65,100%,75%,1,100%,25%,68,100%,75%,64,100%,75%,67,100%,75%,63,100%,75%,1.01,100%,75%,65,100%,75%,8,100%,100%,0.77,100%,75%,67,100%,100%,7,100%,75%,3,100%,75%,4.08,100%,75%,64,100%,75%,66,100%,75%,65,100%,75%,66,100%,75%,11900%,77%,360,424,80%,100%,418,455,100%,92%,80%,380,453,100%,84%,358,454,100%,79%,128,163,100%,79%,162,181,80%,87%,273,351,100%,76%,251,289,80%,89%,82%,275,383,80%,90%,423,470,80%,100%,95%,197,206,90%,100%,349,372,80%,100%,120,131,80%,100%,340,479,90%,79%,221,252,80%,100%,96%,430%,313,442,80%,89%,467,482,80%,100%,222,301,80%,92%,359.00,367.00,80%,100%,2,70%,100%,310,317,70%,100%,131,178,30%,100%,97%,301,346,90%,84%,220,315,95%,84%,348,464,70%,78%,166.00,194.00,90%,82%,204,288,90%,99%,92%,329,351,60%,72%,15.30,2000%,86%,141,400%,100%,82,800%,87%,358%,198,7,231,95%,87.0%,429,429,90%,100.0%,93.5%,283,315,95%,94.6%,312,428,80%,91.1%,183,204,85%,100.0%,350,373,90%,100.0%,29%,88.41%,10.00%,10.00%,37.74%,30.67%
UBT MISTA,V,235,331,100%,50%,71,100%,0%,393,492,75%,100%,333,444,100%,100%,50%,118,100%,1%,12,100%,60%,25,100%,60%,74,100%,90%,278,340,3%,100.00%,18,100%,72%,189%,7.35,100%,75%,54,100%,100%,66,100%,75%,1,100%,25%,68,100%,75%,65,100%,75%,68,100%,75%,67,100%,75%,0.98,100%,75%,66,100%,75%,8,100%,100%,0.75,100%,75%,69,100%,100%,7,100%,75%,2,100%,75%,4.04,100%,75%,66,100%,75%,67,100%,75%,67,100%,75%,62,100%,75%,123,77%,329,397,80%,100%,390,470,100%,83%,80%,309,397,100%,78%,324,373,100%,87%,175,185,100%,95%,349,499,80%,100%,114,117,100%,81%,95,129,80%,87%,88%,99,103,80%,100%,282,328,80%,100%,100%,160,191,90%,93%,237,247,80%,100%,93,103,80%,100%,438,498,90%,98%,323,409,80%,99%,98%,442%,281,339,80%,100%,186,259,80%,90%,387,440,80%,100%,368.00,479.00,80%,63%,3,70%,100%,282,288,70%,100%,234,313,30%,100%,93%,112,116,90%,75%,80,101,95%,81%,192,247,70%,86%,146.00,163.00,90%,78%,194,203,90%,74%,89%,266,355,60%,75%,14.40,2000%,82%,82,400%,100%,38,800%,79%,358%,183,17,185,95%,94.5%,269,253,90%,100.0%,97.2%,128,165,95%,81.7%,196,211,80%,100.0%,134,177,85%,89.1%,399,404,90%,100.0%,27%,88.41%,10.00%,10.00%,37.74%,30.67%
UBT MISTA,V,328,444,100%,50%,67,100%,0%,272,368,75%,100%,174,230,100%,100%,50%,120,100%,1%,12,100%,60%,24,100%,60%,74,100%,90%,220,259,3%,100.00%,18,100%,95%,189%,7.42,100%,75%,53,100%,100%,67,100%,75%,1,100%,25%,62,100%,75%,65,100%,75%,66,100%,75%,65,100%,75%,1.00,100%,75%,64,100%,75%,8,100%,100%,0.75,100%,75%,71,100%,100%,7,100%,75%,3,100%,75%,4.04,100%,75%,64,100%,75%,63,100%,75%,64,100%,75%,64,100%,75%,109,77%,129,158,80%,100%,386,466,100%,83%,80%,315,354,100%,89%,248,310,100%,80%,314,437,100%,72%,457,487,80%,86%,460,470,100%,79%,188,265,80%,90%,83%,373,455,80%,100%,270,338,80%,100%,100%,264,281,90%,100%,313,441,80%,89%,301,407,80%,92%,256,366,90%,78%,286,325,80%,100%,92%,431%,218,291,80%,94%,320,334,80%,100%,170,224,80%,95%,297.00,386.00,80%,63%,2,70%,100%,292,390,70%,100%,198,234,30%,100%,93%,133,174,90%,83%,344,392,95%,86%,433,461,70%,73%,282.00,358.00,90%,90%,475,500,90%,87%,91%,326,337,60%,94%,14.85,2000%,79%,81,400%,100%,169,800%,86%,358%,152,9,184,95%,81.8%,278,250,90%,100.0%,90.9%,355,391,95%,95.6%,451,485,80%,100.0%,341,455,85%,88.2%,311,358,90%,96.5%,28%,88.41%,10.00%,10.00%,37.74%,30.67%
UBT MISTA,II,236,315,100%,50%,72,100%,0%,164,179,75%,100%,114,126,100%,100%,50%,119,100%,1%,12,100%,60%,24,100%,60%,77,100%,90%,146,167,3%,100.00%,17,100%,100%,189%,7.65,100%,75%,53,100%,100%,66,100%,75%,0,100%,25%,67,100%,75%,64,100%,75%,65,100%,75%,64,100%,75%,1.03,100%,75%,66,100%,75%,8,100%,100%,0.73,100%,75%,68,100%,100%,7,100%,75%,2,100%,75%,3.88,100%,75%,65,100%,75%,64,100%,75%,66,100%,75%,64,100%,75%,35900%,77%,139,148,80%,100%,317,429,100%,74%,80%,79,105,100%,75%,193,258,100%,75%,243,316,100%,77%,151,199,80%,95%,239,328,100%,97%,422,454,80%,86%,84%,276,311,80%,100%,151,207,80%,91%,96%,206,279,90%,82%,263,272,80%,100%,243,300,80%,100%,443,467,90%,100%,388,463,80%,100%,96%,433%,131,183,80%,89%,334,360,80%,100%,228,326,80%,87%,432.00,481.00,80%,100%,3,70%,100%,238,314,70%,100%,172,184,30%,100%,97%,156,163,90%,98%,334,423,95%,82%,204,273,70%,94%,333.00,470.00,90%,80%,115,152,90%,84%,92%,377,449,60%,96%,15.60,2000%,75%,98,400%,100%,115,800%,83%,358%,306,24,294,95%,100.0%,164,162,90%,100.0%,100.0%,275,332,95%,87.2%,128,143,80%,100.0%,208,245,85%,99.9%,396,490,90%,89.8%,29%,88.41%,10.00%,10.00%,37.74%,30.67%
UBT MISTA,VIII,182,205,100%,75%,67,100%,0%,126,153,75%,100%,178,212,100%,100%,50%,116,100%,1%,12,100%,60%,26,100%,60%,73,100%,90%,384,400,3%,100.00%,18,100%,95%,189%,7.73,100%,75%,53,100%,100%,64,100%,75%,0,100%,25%,64,100%,75%,64,100%,75%,64,100%,75%,68,100%,75%,0.99,100%,75%,67,100%,75%,8,100%,100%,0.72,100%,75%,71,100%,100%,7,100%,75%,2,100%,75%,4.16,100%,75%,66,100%,75%,64,100%,75%,65,100%,75%,64,100%,75%,30500%,77%,293,419,80%,87%,178,229,100%,78%,80%,282,376,100%,75%,304,350,100%,87%,202,227,100%,89%,179,197,80%,97%,136,177,100%,86%,200,261,80%,93%,88%,203,271,80%,94%,235,314,80%,94%,94%,294,351,90%,93%,238,327,80%,91%,264,326,80%,100%,154,191,90%,90%,418,498,80%,100%,95%,433%,341,392,80%,100%,323,399,80%,100%,139,179,80%,97%,177.00,227.00,80%,63%,3,70%,100%,468,483,70%,100%,172,190,30%,100%,94%,182,260,90%,88%,367,443,95%,71%,235,284,70%,91%,89.00,113.00,90%,99%,212,219,90%,85%,94%,291,343,60%,81%,15.00,2000%,94%,52,400%,100%,60,800%,90%,358%,227,27,231,95%,91.1%,207,199,90%,100.0%,95.6%,277,343,95%,85.0%,170,227,80%,93.6%,125,163,85%,90.2%,180,228,90%,87.7%,27%,93.41%,15.00%,10.00%,37.74%,30.67%
UBT MISTA,VI,331,448,100%,50%,71,100%,0%,211,282,75%,100%,134,148,100%,100%,50%,124,100%,1%,12,100%,60%,25,100%,60%,77,100%,90%,139,153,3%,100.00%,19,100%,80%,189%,7.73,100%,75%,56,100%,100%,62,100%,75%,67,100%,75%,65,100%,75%,64,100%,75%,67,100%,75%,68,100%,75%,0.97,100%,75%,66,100%,75%,8,100%,100%,0.75,100%,75%,67,100%,100%,7,100%,75%,2,100%,75%,4.04,100%,75%,63,100%,75%,66,100%,75%,67,100%,75%,66,100%,75%,13500%,0.8,250,329,80%,95%,199,238,100%,84%,83%,330,341,100%,97%,360,424,100%,85%,335,430,100%,78%,164,173,80%,70%,454,478,100%,91%,110,131,80%,94%,86%,149,180,80%,100%,225,309,80%,91%,96%,144,152,90%,100%,96,121,80%,99%,224,296,80%,95%,168,205,90%,91%,424,467,80%,100%,97%,441%,123,150,80%,100%,97,123,80%,99%,173,181,80%,100%,160.00,164.00,80%,100%,3,70%,100%,146,168,70%,100%,414,450,30%,100%,100%,212,299,90%,87%,263,347,95%,85%,300,330,70%,96%,356.00,415.00,90%,74%,287,355,90%,97%,93%,171,232,60%,88%,14.40,2000%,91%,48,400%,100%,50,800%,73%,358%,167,22,194,95%,78.7%,326,319,90%,100.0%,89.3%,207,288,95%,75.7%,354,422,80%,100.0%,118,122,85%,100.0%,345,368,90%,100.0%,28%,89.74%,10.00%,10.00%,37.74%,32.00%
USF 1,I,136,179,100%,50%,72,100%,0%,125,132,75%,100%,316,364,100%,100%,50%,120,100%,1%,12,100%,60%,25,100%,60%,77,100%,90%,129,154,3%,100.00%,18,100%,99%,189%,7.58,100%,75%,54,100%,100%,62,100%,75%,67,100%,75%,64,100%,75%,66,100%,75%,67,100%,75%,66,100%,75%,1.02,100%,75%,62,100%,75%,8,100%,100%,0.75,100%,75%,70,100%,100%,7,100%,75%,3,100%,75%,3.96,100%,75%,67,100%,75%,1,100%,25%,68,100%,75%,65,100%,75%,49300%,0.8,320,381,80%,100%,224,241,100%,93%,83%,291,394,100%,74%,368,376,100%,98%,165,212,100%,78%,390,482,80%,100%,333,407,100%,72%,372,466,80%,91%,85%,393,428,80%,100%,82,109,80%,94%,97%,361,402,90%,100%,381,454,80%,100%,130,159,80%,100%,312,336,90%,100%,342,439,80%,97%,99%,444%,154,182,80%,100%,401,461,80%,100%,152,157,80%,100%,198.00,280.00,80%,63%,2,70%,100%,220,275,70%,100%,182,225,30%,100%,95%,212,276,90%,79%,243,348,95%,96%,344,431,70%,71%,476.00,491.00,90%,72%,384,401,90%,80%,87%,267,334,60%,75%,15.30,2000%,93%,119,400%,100%,45,800%,89%,358%,349,17,361,95%,96.8%,361,325,90%,100.0%,98.4%,187,216,95%,91.1%,369,435,80%,100.0%,165,204,85%,95.2%,263,318,90%,91.9%,29%,89.74%,10.00%,10.00%,37.74%,32.00%
USF 1,I,409,440,100%,75%,67,100%,0%,450,500,75%,100%,247,258,100%,100%,50%,120,100%,1%,12,100%,60%,25,100%,60%,76,100%,90%,400,422,3%,100.00%,19,100%,100%,189%,7.42,100%,75%,57,100%,100%,67,100%,75%,64,100%,75%,65,100%,75%,67,100%,75%,62,100%,75%,63,100%,75%,0.99,100%,75%,63,100%,75%,8,100%,100%,0.73,100%,75%,69,100%,100%,7,100%,75%,2,100%,75%,3.96,100%,75%,65,100%,75%,1,100%,25%,62,100%,75%,65,100%,75%,21000%,0.8,86,109,80%,99%,354,394,100%,90%,83%,378,425,100%,89%,275,377,100%,73%,125,134,100%,93%,258,332,80%,74%,158,178,100%,80%,246,271,80%,100%,85%,124,160,80%,97%,310,374,80%,100%,98%,387,408,90%,100%,144,162,80%,100%,214,290,80%,92%,321,459,90%,78%,78,108,80%,90%,91%,437%,351,391,80%,100%,332,416,80%,100%,199,208,80%,100%,238.00,243.00,80%,100%,2,70%,100%,283,368,70%,100%,227,299,30%,100%,100%,342,483,90%,95%,293,337,95%,92%,178,223,70%,99%,179.00,193.00,90%,99%,145,199,90%,85%,95%,418,476,60%,95%,14.85,2000%,70%,137,400%,100%,102,800%,85%,358%,277,10,276,95%,100.0%,445,419,90%,100.0%,100.0%,262,313,95%,88.1%,273,329,80%,100.0%,326,424,85%,90.5%,435,489,90%,98.8%,28%,94.74%,15.00%,10.00%,37.74%,32.00%
USF 1,I,176,248,100%,50%,69,100%,0%,198,207,75%,100%,346,394,100%,100%,50%,118,100%,1%,12,100%,60%,26,100%,60%,77,100%,90%,238,310,3%,100.00%,18,100%,71%,189%,7.35,100%,75%,56,100%,100%,63,100%,75%,64,100%,75%,68,100%,75%,67,100%,75%,67,100%,75%,66,100%,75%,1.04,100%,75%,66,100%,75%,8,100%,100%,0.77,100%,75%,71,100%,100%,7,100%,75%,3,100%,75%,3.84,100%,75%,68,100%,75%,1,100%,25%,62,100%,75%,67,100%,75%,159,0.8,362,394,80%,100%,136,161,100%,84%,83%,352,367,100%,96%,95,119,100%,80%,159,186,100%,85%,220,286,80%,96%,478,493,100%,86%,180,228,80%,93%,89%,312,381,80%,100%,440,474,80%,100%,100%,110,149,90%,82%,239,257,80%,100%,332,443,80%,94%,103,110,90%,100%,316,439,80%,90%,74%,426%,403,443,80%,100%,121,136,80%,100%,405,472,80%,100%,252.00,300.00,80%,100%,2,70%,100%,121,162,70%,100%,427,475,30%,100%,100%,354,455,90%,76%,260,293,95%,92%,331,373,70%,87%,418.00,431.00,90%,96%,85,116,90%,94%,95%,264,270,60%,92%,15.60,2000%,100%,47,400%,100%,48,800%,87%,358%,335,6,370,95%,93.6%,197,184,90%,100.0%,96.8%,270,375,95%,75.8%,415,483,80%,100.0%,167,171,85%,100.0%,312,326,90%,100.0%,28%,89.74%,10.00%,10.00%,37.74%,32.00%
USF 2,I,350,444,100%,50%,67,100%,0%,330,341,75%,100%,288,317,100%,100%,50%,121,100%,1%,12,100%,60%,24,100%,60%,75,100%,90%,203,214,3%,100.00%,18,100%,82%,189%,7.50,100%,75%,53,100%,100%,67,100%,75%,65,100%,75%,64,100%,75%,64,100%,75%,66,100%,75%,65,100%,75%,1.02,100%,75%,63,100%,75%,8,100%,100%,0.75,100%,75%,72,100%,100%,7,100%,75%,2,100%,75%,3.84,100%,75%,68,100%,75%,1,100%,25%,64,100%,75%,63,100%,75%,25500%,0.8,395,465,80%,100%,349,357,100%,98%,83%,167,188,100%,89%,329,340,100%,97%,340,374,100%,91%,357,471,80%,74%,77,100,100%,83%,136,189,80%,74%,85%,172,186,80%,100%,408,449,80%,100%,100%,371,432,90%,95%,131,146,80%,100%,189,270,80%,88%,320,381,90%,93%,397,468,80%,100%,79%,426%,209,256,80%,100%,114,119,80%,100%,128,143,80%,100%,394.00,475.00,80%,100%,3,70%,100%,302,332,70%,100%,285,344,30%,100%,100%,311,331,90%,97%,194,198,95%,71%,208,254,70%,79%,460.00,470.00,90%,76%,323,340,90%,93%,90%,385,397,60%,83%,15.45,2000%,87%,116,400%,100%,147,800%,74%,358%,385,33,401,95%,92.4%,209,199,90%,100.0%,96.2%,101,129,95%,82.4%,174,216,80%,100.0%,315,385,85%,96.3%,219,278,90%,87.5%,28%,89.74%,10.00%,10.00%,37.74%,32.00%
USF 2,I,228,272,100%,50%,70,100%,0%,350,403,75%,100%,145,196,100%,50%,50%,120,100%,1%,12,100%,60%,25,100%,60%,77,100%,90%,92,111,3%,100.00%,18,100%,87%,189%,7.58,100%,75%,54,100%,100%,66,100%,75%,64,100%,75%,66,100%,75%,66,100%,75%,66,100%,75%,65,100%,75%,0.97,100%,75%,67,100%,75%,8,100%,100%,0.75,100%,75%,71,100%,100%,7,100%,75%,2,100%,75%,4.00,100%,75%,63,100%,75%,1,100%,25%,63,100%,75%,64,100%,75%,49400%,0.8,457,482,80%,100%,370,446,100%,83%,83%,168,206,100%,82%,123,156,100%,79%,203,237,100%,86%,413,465,80%,95%,147,202,100%,81%,218,238,80%,85%,85%,363,404,80%,100%,405,489,80%,100%,100%,138,175,90%,88%,233,281,80%,100%,102,139,80%,92%,244,249,90%,100%,336,431,80%,97%,89%,436%,221,249,80%,100%,289,366,80%,99%,314,419,80%,94%,237.00,247.00,80%,100%,3,70%,100%,86,107,70%,100%,129,141,30%,100%,99%,300,334,90%,80%,233,295,95%,83%,261,291,70%,74%,91.00,114.00,90%,88%,395,476,90%,83%,90%,115,120,60%,90%,14.40,2000%,81%,153,400%,100%,172,800%,82%,358%,275,26,257,95%,100.0%,157,152,90%,100.0%,100.0%,365,435,95%,88.3%,142,195,80%,91.0%,370,457,85%,95.3%,191,225,90%,94.3%,27%,89.74%,10.00%,10.00%,37.74%,32.00%
USF 1,II,184,198,100%,75%,68,100%,0%,231,304,75%,100%,322,347,100%,100%,50%,119,100%,1%,12,100%,60%,25,100%,60%,77,100%,90%,82,108,3%,100.00%,18,100%,79%,189%,7.65,100%,75%,55,100%,100%,62,100%,75%,63,100%,75%,63,100%,75%,64,100%,75%,66,100%,75%,66,100%,75%,1.02,100%,75%,65,100%,75%,8,100%,100%,0.77,100%,75%,73,100%,100%,7,100%,75%,2,100%,75%,4.12,100%,75%,67,100%,75%,1,100%,25%,66,100%,75%,64,100%,75%,40300%,0.8,308,395,80%,97%,93,127,100%,73%,83%,337,344,100%,98%,184,201,100%,92%,124,170,100%,73%,283,383,80%,98%,251,311,100%,76%,283,405,80%,76%,85%,146,172,80%,100%,385,459,80%,100%,100%,282,325,90%,96%,348,441,80%,99%,294,320,80%,100%,291,379,90%,85%,148,152,80%,100%,99%,447%,74,101,80%,92%,420,500,80%,100%,91,124,80%,92%,185.00,250.00,80%,63%,2,70%,100%,251,273,70%,100%,317,423,30%,100%,92%,203,234,90%,73%,275,296,95%,73%,308,328,70%,76%,258.00,294.00,90%,87%,309,397,90%,98%,92%,180,208,60%,81%,15.60,2000%,75%,33,400%,100%,95,800%,97%,358%,416,8,454,95%,94.6%,177,165,90%,100.0%,97.3%,404,493,95%,86.3%,288,401,80%,89.8%,426,444,85%,100.0%,370,488,90%,84.2%,28%,94.74%,15.00%,10.00%,37.74%,32.00%
USF 2,III,197,206,100%,75%,72,100%,0%,286,318,75%,100%,240,261,100%,100%,50%,124,100%,1%,12,100%,60%,26,100%,60%,72,100%,90%,323,420,3%,100.00%,18,100%,78%,189%,7.35,100%,75%,56,100%,100%,66,100%,75%,67,100%,75%,67,100%,75%,62,100%,75%,63,100%,75%,64,100%,75%,1.04,100%,75%,68,100%,75%,8,100%,100%,0.77,100%,75%,67,100%,100%,7,100%,75%,3,100%,75%,4.16,100%,75%,64,100%,75%,0,100%,25%,66,100%,75%,64,100%,75%,27300%,0.8,282,353,80%,100%,361,435,100%,83%,83%,146,174,100%,84%,303,428,100%,71%,306,383,100%,80%,261,267,80%,88%,386,455,100%,95%,278,352,80%,85%,84%,350,461,80%,95%,149,154,80%,100%,97%,347,476,90%,81%,88,121,80%,91%,475,485,80%,100%,234,242,90%,100%,230,292,80%,98%,98%,442%,241,313,80%,96%,408,470,80%,100%,297,316,80%,100%,223.00,306.00,80%,63%,2,70%,100%,344,383,70%,100%,313,320,30%,100%,94%,204,273,90%,87%,357,453,95%,78%,382,425,70%,83%,319.00,426.00,90%,92%,252,294,90%,95%,94%,97,107,60%,100%,14.70,2000%,74%,79,400%,100%,116,800%,77%,358%,413,18,404,95%,100.0%,415,377,90%,100.0%,100.0%,155,183,95%,89.2%,126,137,80%,100.0%,166,191,85%,100.0%,255,312,90%,90.8%,29%,94.74%,15.00%,10.00%,37.74%,32.00%
USF 2,III,326,403,100%,50%,69,100%,0%,375,488,75%,100%,155,165,100%,100%,50%,116,100%,1%,12,100%,60%,25,100%,60%,78,100%,90%,190,248,3%,100.00%,19,100%,82%,189%,7.35,100%,75%,56,100%,100%,64,100%,75%,67,100%,75%,63,100%,75%,66,100%,75%,66,100%,75%,62,100%,75%,0.99,100%,75%,66,100%,75%,8,100%,100%,0.76,100%,75%,68,100%,100%,7,100%,75%,3,100%,75%,3.84,100%,75%,66,100%,75%,0,100%,25%,66,100%,75%,63,100%,75%,16500%,0.8,248,279,80%,100%,301,407,100%,74%,83%,135,171,100%,79%,163,207,100%,79%,287,410,100%,70%,178,203,80%,94%,93,104,100%,79%,141,199,80%,75%,79%,274,392,80%,87%,107,147,80%,91%,89%,306,333,90%,100%,254,274,80%,100%,379,417,80%,100%,347,483,90%,80%,326,429,80%,95%,97%,428%,246,324,80%,95%,406,432,80%,100%,101,119,80%,100%,341.00,461.00,80%,63%,3,70%,100%,241,257,70%,100%,350,358,30%,100%,94%,164,222,90%,99%,97,136,95%,74%,215,248,70%,81%,190.00,203.00,90%,89%,340,436,90%,95%,93%,237,313,60%,74%,14.55,2000%,91%,177,400%,100%,89,800%,97%,358%,275,19,282,95%,95.6%,402,390,90%,100.0%,97.8%,232,298,95%,81.9%,231,279,80%,100.0%,382,425,85%,100.0%,244,249,90%,100.0%,28%,89.74%,10.00%,10.00%,37.74%,32.00%
USF 2,III,351,413,100%,50%,69,100%,0%,128,183,75%,100%,109,142,100%,100%,50%,118,100%,1%,12,100%,60%,26,100%,60%,76,100%,90%,159,224,3%,100.00%,19,100%,80%,189%,7.35,100%,75%,57,100%,100%,62,100%,75%,66,100%,75%,67,100%,75%,66,100%,75%,68,100%,75%,67,100%,75%,0.96,100%,75%,64,100%,75%,8,100%,100%,0.73,100%,75%,71,100%,100%,7,100%,75%,3,100%,75%,3.88,100%,75%,63,100%,75%,0,100%,25%,64,100%,75%,63,100%,75%,34600%,0.8,266,321,80%,100%,173,185,100%,94%,83%,263,314,100%,84%,303,337,100%,90%,276,285,100%,97%,144,192,80%,100%,168,189,100%,91%,137,197,80%,70%,89%,187,264,80%,89%,200,275,80%,91%,90%,347,390,90%,99%,421,458,80%,100%,95,105,80%,100%,402,452,90%,99%,282,328,80%,100%,96%,437%,198,205,80%,100%,108,136,80%,99%,403,480,80%,100%,259.00,270.00,80%,100%,3,70%,100%,319,355,70%,100%,253,288,30%,100%,100%,326,384,90%,87%,254,307,95%,91%,317,402,70%,88%,135.00,171.00,90%,98%,160,206,90%,91%,95%,273,307,60%,82%,15.00,2000%,81%,43,400%,100%,52,800%,92%,358%,398,42,410,95%,91.4%,130,119,90%,100.0%,95.7%,470,495,95%,99.9%,402,463,80%,100.0%,324,411,85%,92.7%,195,247,90%,87.7%,29%,89.74%,10.00%,10.00%,37.74%,32.00%
USF 2,III,319,420,100%,50%,67,100%,0%,238,243,75%,100%,391,445,100%,100%,50%,118,100%,1%,12,100%,60%,25,100%,60%,74,100%,90%,180,194,3%,100.00%,17,100%,98%,189%,7.20,100%,75%,56,100%,100%,64,100%,75%,68,100%,75%,68,100%,75%,65,100%,75%,68,100%,75%,63,100%,75%,1.01,100%,75%,65,100%,75%,8,100%,100%,0.73,100%,75%,70,100%,100%,7,100%,75%,3,100%,75%,4.08,100%,75%,63,100%,75%,0,100%,25%,66,100%,75%,65,100%,75%,29500%,0.8,167,193,80%,100%,331,385,100%,86%,83%,430,495,100%,87%,137,156,100%,88%,364,439,100%,83%,252,271,80%,89%,186,236,100%,82%,428,442,80%,89%,86%,294,313,80%,100%,165,199,80%,100%,100%,156,196,90%,88%,377,402,80%,100%,363,383,80%,100%,336,426,90%,88%,117,138,80%,100%,77%,426%,147,166,80%,100%,89,113,80%,98%,117,149,80%,98%,438.00,462.00,80%,100%,3,70%,100%,351,469,70%,100%,446,460,30%,100%,100%,372,490,90%,77%,216,230,95%,99%,317,423,70%,78%,476.00,496.00,90%,98%,205,251,90%,91%,93%,331,473,60%,88%,15.60,2000%,88%,138,400%,100%,77,800%,99%,358%,141,7,143,95%,98.6%,243,235,90%,100.0%,99.3%,407,420,95%,100.0%,283,318,80%,100.0%,296,361,85%,96.5%,242,307,90%,87.6%,30%,89.74%,10.00%,10.00%,37.74%,32.00%
USF 4,III,274,315,100%,75%,68,100%,0%,185,218,75%,100%,311,380,100%,100%,50%,122,100%,1%,12,100%,60%,26,100%,60%,75,100%,90%,382,420,3%,100.00%,18,100%,99%,189%,7.50,100%,75%,56,100%,100%,66,100%,75%,68,100%,75%,62,100%,75%,67,100%,75%,63,100%,75%,64,100%,75%,0.98,100%,75%,62,100%,75%,8,100%,100%,0.77,100%,75%,71,100%,100%,7,100%,75%,2,100%,75%,4.04,100%,75%,63,100%,75%,0,100%,25%,63,100%,75%,65,100%,75%,149,0.8,286,349,80%,100%,134,172,100%,78%,83%,200,242,100%,83%,130,137,100%,95%,418,440,100%,95%,254,299,80%,80%,108,134,100%,70%,250,269,80%,96%,86%,416,484,80%,100%,222,259,80%,100%,100%,185,254,90%,81%,193,261,80%,92%,441,496,80%,100%,307,394,90%,87%,201,234,80%,100%,88%,437%,258,272,80%,100%,319,363,80%,100%,248,355,80%,87%,337.00,476.00,80%,63%,3,70%,100%,424,438,70%,100%,325,458,30%,100%,93%,377,466,90%,92%,379,422,95%,91%,187,254,70%,75%,202.00,241.00,90%,78%,151,178,90%,75%,88%,429,483,60%,76%,15.45,2000%,75%,32,400%,100%,120,800%,89%,358%,212,22,254,95%,78.7%,285,261,90%,100.0%,89.4%,414,451,95%,96.6%,287,364,80%,98.6%,343,419,85%,96.3%,300,334,90%,99.8%,29%,94.74%,15.00%,10.00%,37.74%,32.00%
USF 1,IV,141,167,100%,50%,67,100%,0%,116,146,75%,100%,186,207,100%,100%,50%,124,100%,1%,12,100%,60%,25,100%,60%,76,100%,90%,360,401,3%,100.00%,17,100%,99%,189%,7.50,100%,75%,57,100%,100%,64,100%,75%,63,100%,75%,66,100%,75%,65,100%,75%,66,100%,75%,67,100%,75%,0.97,100%,75%,62,100%,75%,8,100%,100%,0.76,100%,75%,68,100%,100%,7,100%,75%,3,100%,75%,3.96,100%,75%,64,100%,75%,63,100%,75%,66,100%,75%,67,100%,75%,35900%,0.8,206,279,80%,92%,270,318,100%,85%,83%,122,144,100%,85%,252,263,100%,96%,267,377,100%,71%,268,309,80%,86%,293,323,100%,93%,342,413,80%,92%,87%,310,317,80%,100%,203,245,80%,100%,100%,157,175,90%,100%,303,422,80%,90%,220,294,80%,94%,228,301,90%,84%,275,383,80%,90%,82%,432%,354,454,80%,97%,274,292,80%,100%,384,475,80%,100%,249.00,332.00,80%,63%,2,70%,100%,204,277,70%,100%,219,252,30%,100%,94%,75,101,90%,95%,197,257,95%,100%,414,450,70%,81%,373.00,385.00,90%,99%,419,446,90%,96%,94%,394,487,60%,76%,14.40,2000%,85%,170,400%,100%,91,800%,76%,358%,413,47,416,95%,92.6%,390,382,90%,100.0%,96.3%,239,257,95%,97.9%,492,497,80%,100.0%,397,423,85%,100.0%,410,472,90%,96.5%,30%,89.74%,10.00%,10.00%,37.74%,32.00%
USF 1,IV,436,445,100%,75%,70,100%,0%,369,440,75%,100%,304,411,100%,50%,50%,119,100%,1%,12,100%,60%,25,100%,60%,77,100%,90%,92,117,3%,100.00%,18,100%,71%,189%,7.73,100%,75%,54,100%,100%,64,100%,75%,66,100%,75%,64,100%,75%,68,100%,75%,62,100%,75%,66,100%,75%,1.04,100%,75%,64,100%,75%,8,100%,100%,0.74,100%,75%,69,100%,100%,7,100%,75%,2,100%,75%,4.16,100%,75%,66,100%,75%,68,100%,75%,65,100%,75%,63,100%,75%,35400%,0.8,333,445,80%,94%,317,338,100%,94%,83%,216,289,100%,75%,353,402,100%,88%,87,105,100%,83%,283,405,80%,97%,193,208,100%,96%,369,468,80%,86%,87%,269,303,80%,100%,260,283,80%,100%,100%,369,385,90%,100%,363,375,80%,100%,276,329,80%,100%,77,107,90%,80%,157,187,80%,100%,78%,428%,340,401,80%,100%,128,140,80%,100%,426,449,80%,100%,321.00,407.00,80%,63%,3,70%,100%,266,365,70%,100%,154,178,30%,100%,95%,172,230,90%,100%,309,340,95%,83%,328,450,70%,93%,429.00,443.00,90%,78%,278,382,90%,99%,94%,191,218,60%,100%,14.55,2000%,78%,117,400%,100%,49,800%,88%,358%,360,41,409,95%,82.1%,136,136,90%,100.0%,91.1%,176,238,95%,77.8%,227,250,80%,100.0%,330,435,85%,89.2%,358,381,90%,100.0%,27%,94.74%,15.00%,10.00%,37.74%,32.00%
USF 1,IV,90,107,100%,50%,73,100%,0%,257,299,75%,100%,406,432,100%,100%,50%,118,100%,1%,12,100%,60%,26,100%,60%,74,100%,90%,188,251,3%,100.00%,18,100%,76%,189%,7.65,100%,75%,53,100%,100%,64,100%,75%,68,100%,75%,63,100%,75%,64,100%,75%,64,100%,75%,62,100%,75%,0.98,100%,75%,64,100%,75%,8,100%,100%,0.72,100%,75%,67,100%,100%,7,100%,75%,3,100%,75%,4.00,100%,75%,66,100%,75%,66,100%,75%,62,100%,75%,65,100%,75%,12900%,0.8,188,219,80%,100%,157,164,100%,96%,83%,125,138,100%,91%,205,234,100%,88%,171,229,100%,75%,166,206,80%,73%,185,195,100%,91%,217,311,80%,92%,85%,210,270,80%,97%,240,297,80%,100%,99%,72,101,90%,79%,272,363,80%,94%,221,255,80%,100%,272,317,90%,95%,205,219,80%,100%,98%,444%,310,345,80%,100%,193,220,80%,100%,361,420,80%,100%,362.00,453.00,80%,63%,3,70%,100%,255,328,70%,100%,183,226,30%,100%,95%,268,320,90%,85%,117,122,95%,82%,322,351,70%,77%,203.00,234.00,90%,76%,204,220,90%,94%,90%,381,439,60%,73%,15.15,2000%,99%,143,400%,100%,58,800%,96%,358%,172,8,179,95%,96.4%,458,428,90%,100.0%,98.2%,283,394,95%,75.6%,98,135,80%,90.7%,436,459,85%,100.0%,304,406,90%,83.2%,27%,89.74%,10.00%,10.00%,37.74%,32.00%
USF 1,IV,148,195,100%,50%,69,100%,0%,171,242,75%,100%,146,159,100%,100%,50%,118,100%,1%,12,100%,60%,25,100%,60%,78,100%,90%,145,197,3%,100.00%,17,100%,88%,189%,7.80,100%,75%,54,100%,100%,64,100%,75%,66,100%,75%,62,100%,75%,64,100%,75%,62,100%,75%,66,100%,75%,0.98,100%,75%,62,100%,75%,8,100%,100%,0.74,100%,75%,71,100%,100%,7,100%,75%,3,100%,75%,4.12,100%,75%,64,100%,75%,65,100%,75%,67,100%,75%,62,100%,75%,22100%,0.8,390,403,80%,100%,277,360,100%,77%,83%,340,378,100%,90%,300,429,100%,70%,103,125,100%,82%,166,183,80%,87%,411,420,100%,96%,242,341,80%,71%,83%,97,118,80%,100%,285,366,80%,97%,99%,143,148,90%,100%,285,307,80%,100%,323,431,80%,94%,220,250,90%,98%,222,239,80%,100%,100%,444%,190,209,80%,100%,119,124,80%,100%,198,255,80%,97%,123.00,134.00,80%,100%,2,70%,100%,363,413,70%,100%,262,268,30%,100%,100%,231,321,90%,81%,153,180,95%,76%,423,446,70%,98%,220.00,227.00,90%,82%,311,321,90%,87%,93%,327,442,60%,98%,14.85,2000%,86%,105,400%,100%,50,800%,95%,358%,453,47,415,95%,100.0%,441,412,90%,100.0%,100.0%,135,143,95%,99.4%,200,275,80%,90.9%,185,191,85%,100.0%,340,425,90%,88.9%,29%,89.74%,10.00%,10.00%,37.74%,32.00%
USF 2,IV,247,305,100%,50%,69,100%,0%,83,116,75%,100%,208,257,100%,100%,50%,116,100%,1%,12,100%,60%,25,100%,60%,77,100%,90%,210,237,3%,100.00%,18,100%,80%,189%,7.73,100%,75%,57,100%,100%,68,100%,75%,64,100%,75%,63,100%,75%,63,100%,75%,68,100%,75%,63,100%,75%,1.04,100%,75%,63,100%,75%,8,100%,100%,0.72,100%,75%,68,100%,100%,7,100%,75%,3,100%,75%,4.00,100%,75%,67,100%,75%,64,100%,75%,65,100%,75%,64,100%,75%,25900%,0.8,287,319,80%,100%,136,187,100%,73%,83%,274,286,100%,96%,183,209,100%,88%,268,336,100%,80%,330,389,80%,91%,143,151,100%,96%,315,451,80%,94%,91%,400,500,80%,100%,249,320,80%,97%,99%,251,359,90%,78%,161,231,80%,87%,191,270,80%,88%,214,265,90%,90%,184,246,80%,93%,84%,436%,203,251,80%,100%,273,338,80%,100%,201,240,80%,100%,429.00,483.00,80%,100%,2,70%,100%,111,114,70%,100%,78,110,30%,100%,100%,178,207,90%,81%,286,333,95%,83%,199,237,70%,81%,261.00,308.00,90%,82%,281,371,90%,96%,92%,436,450,60%,98%,14.70,2000%,85%,82,400%,100%,81,800%,98%,358%,414,25,423,95%,96.8%,310,295,90%,100.0%,98.4%,341,427,95%,84.1%,123,161,80%,95.5%,434,478,85%,100.0%,349,384,90%,100.0%,28%,89.74%,10.00%,10.00%,37.74%,32.00%
USF 2,V,118,150,100%,50%,70,100%,0%,127,131,75%,100%,270,311,100%,100%,50%,118,100%,1%,12,100%,60%,26,100%,60%,72,100%,90%,298,335,3%,100.00%,17,100%,83%,189%,7.20,100%,75%,54,100%,100%,62,100%,75%,68,100%,75%,65,100%,75%,67,100%,75%,65,100%,75%,66,100%,75%,1.04,100%,75%,64,100%,75%,8,100%,100%,0.73,100%,75%,73,100%,100%,7,100%,75%,3,100%,75%,3.84,100%,75%,62,100%,75%,64,100%,75%,64,100%,75%,68,100%,75%,17100%,0.8,182,222,80%,100%,351,429,100%,82%,83%,250,309,100%,81%,358,498,100%,72%,402,415,100%,97%,276,389,80%,83%,310,431,100%,99%,96,129,80%,95%,88%,147,187,80%,98%,471,491,80%,100%,99%,339,373,90%,100%,222,232,80%,100%,112,122,80%,100%,455,500,90%,100%,384,475,80%,100%,75%,424%,205,274,80%,94%,454,483,80%,100%,141,156,80%,100%,365.00,469.00,80%,63%,2,70%,100%,105,132,70%,100%,349,388,30%,100%,94%,299,374,90%,84%,228,254,95%,96%,163,234,70%,85%,222.00,268.00,90%,99%,362,477,90%,79%,93%,234,312,60%,98%,15.45,2000%,98%,93,400%,100%,46,800%,99%,358%,144,9,144,95%,98.7%,388,352,90%,100.0%,99.3%,195,272,95%,75.5%,353,364,80%,100.0%,188,196,85%,100.0%,171,186,90%,100.0%,28%,89.74%,10.00%,10.00%,37.74%,32.00%
USF 2,V,152,175,100%,75%,67,100%,0%,105,118,75%,100%,122,128,100%,100%,50%,116,100%,1%,12,100%,60%,24,100%,60%,78,100%,90%,297,334,3%,100.00%,18,100%,98%,189%,7.50,100%,75%,53,100%,100%,64,100%,75%,68,100%,75%,66,100%,75%,65,100%,75%,64,100%,75%,64,100%,75%,0.96,100%,75%,65,100%,75%,8,100%,100%,0.72,100%,75%,67,100%,100%,7,100%,75%,3,100%,75%,4.00,100%,75%,62,100%,75%,64,100%,75%,64,100%,75%,63,100%,75%,26300%,0.8,316,434,80%,91%,310,443,100%,70%,83%,119,151,100%,79%,173,177,100%,98%,228,233,100%,98%,292,370,80%,72%,319,371,100%,78%,352,420,80%,71%,83%,368,384,80%,100%,284,343,80%,100%,100%,388,452,90%,95%,309,392,80%,99%,404,445,80%,100%,220,294,90%,83%,377,385,80%,100%,87%,432%,371,464,80%,100%,148,163,80%,100%,388,452,80%,100%,259.00,273.00,80%,100%,2,70%,100%,192,196,70%,100%,216,228,30%,100%,100%,239,292,90%,81%,83,102,95%,96%,388,437,70%,71%,237.00,273.00,90%,98%,346,438,90%,77%,90%,215,248,60%,77%,15.15,2000%,86%,146,400%,100%,71,800%,90%,358%,313,6,338,95%,95.6%,292,267,90%,100.0%,97.8%,399,454,95%,92.5%,243,338,80%,89.9%,250,258,85%,100.0%,239,328,90%,81.0%,28%,94.74%,15.00%,10.00%,37.74%,32.00%
USF 1,V,157,164,100%,75%,71,100%,0%,312,332,75%,100%,251,310,100%,100%,50%,124,100%,1%,12,100%,60%,26,100%,60%,77,100%,90%,269,313,3%,100.00%,18,100%,82%,189%,7.27,100%,75%,54,100%,100%,67,100%,75%,67,100%,75%,64,100%,75%,64,100%,75%,62,100%,75%,66,100%,75%,1.04,100%,75%,63,100%,75%,8,100%,100%,0.77,100%,75%,69,100%,100%,7,100%,75%,3,100%,75%,3.84,100%,75%,64,100%,75%,64,100%,75%,66,100%,75%,66,100%,75%,182,0.8,219,226,80%,100%,176,182,100%,97%,83%,185,232,100%,80%,187,223,100%,84%,368,434,100%,85%,124,150,80%,78%,170,201,100%,72%,264,343,80%,98%,83%,279,399,80%,87%,253,357,80%,89%,88%,445,500,90%,99%,182,190,80%,100%,151,161,80%,100%,441,460,90%,100%,170,244,80%,87%,94%,427%,164,198,80%,100%,182,257,80%,89%,224,312,80%,90%,319.00,326.00,80%,100%,3,70%,100%,310,320,70%,100%,422,491,30%,100%,97%,133,180,90%,92%,367,448,95%,81%,348,477,70%,75%,354.00,365.00,90%,98%,347,391,90%,87%,92%,142,200,60%,82%,15.45,2000%,84%,137,400%,100%,70,800%,94%,358%,406,12,443,95%,93.6%,274,251,90%,100.0%,96.8%,333,379,95%,92.5%,189,206,80%,100.0%,362,477,85%,89.3%,116,137,90%,94.1%,28%,94.74%,15.00%,10.00%,37.74%,32.00%
USF 1,V,322,384,100%,50%,67,100%,0%,86,101,75%,100%,225,259,100%,100%,50%,118,100%,1%,12,100%,60%,26,100%,60%,73,100%,90%,230,265,3%,100.00%,18,100%,95%,189%,7.73,100%,75%,56,100%,100%,62,100%,75%,65,100%,75%,64,100%,75%,66,100%,75%,64,100%,75%,63,100%,75%,1.00,100%,75%,66,100%,75%,8,100%,100%,0.73,100%,75%,69,100%,100%,7,100%,75%,3,100%,75%,4.08,100%,75%,62,100%,75%,67,100%,75%,66,100%,75%,67,100%,75%,21800%,0.8,467,477,80%,100%,277,338,100%,82%,83%,380,443,100%,86%,283,388,100%,73%,139,174,100%,80%,275,378,80%,76%,166,205,100%,77%,398,453,80%,98%,82%,209,276,80%,95%,305,392,80%,97%,96%,214,278,90%,86%,294,378,80%,97%,93,134,80%,87%,167,192,90%,97%,159,212,80%,94%,70%,410%,103,138,80%,93%,331,342,80%,100%,124,152,80%,100%,170.00,216.00,80%,63%,2,70%,100%,337,450,70%,100%,163,233,30%,100%,94%,85,102,90%,100%,410,477,95%,97%,105,110,70%,83%,309.00,356.00,90%,70%,422,445,90%,72%,87%,287,364,60%,89%,14.55,2000%,87%,172,400%,100%,121,800%,98%,358%,159,7,173,95%,92.5%,147,147,90%,100.0%,96.2%,214,226,95%,99.7%,167,226,80%,92.4%,251,349,85%,84.6%,97,124,90%,86.9%,28%,89.74%,10.00%,10.00%,37.74%,32.00%
USF 2,VI,150,181,100%,50%,73,100%,0%,379,457,75%,100%,159,192,100%,100%,50%,119,100%,1%,12,100%,60%,25,100%,60%,72,100%,90%,332,343,3%,100.00%,17,100%,70%,189%,7.20,100%,75%,56,100%,100%,67,100%,75%,64,100%,75%,67,100%,75%,67,100%,75%,63,100%,75%,63,100%,75%,1.04,100%,75%,66,100%,75%,8,100%,100%,0.74,100%,75%,70,100%,100%,7,100%,75%,2,100%,75%,3.96,100%,75%,62,100%,75%,64,100%,75%,65,100%,75%,63,100%,75%,25200%,0.8,186,266,80%,87%,389,402,100%,97%,83%,201,210,100%,96%,120,142,100%,85%,101,121,100%,83%,334,352,80%,91%,305,322,100%,74%,291,360,80%,71%,83%,326,441,80%,92%,190,261,80%,91%,92%,95,124,90%,85%,399,408,80%,100%,198,283,80%,87%,192,221,90%,97%,248,310,80%,100%,76%,413%,164,208,80%,99%,168,238,80%,88%,425,458,80%,100%,396.00,436.00,80%,100%,2,70%,100%,293,303,70%,100%,124,134,30%,100%,98%,242,247,90%,76%,390,470,95%,88%,358,491,70%,78%,190.00,203.00,90%,87%,263,306,90%,86%,91%,139,164,60%,92%,14.85,2000%,89%,178,400%,100%,119,800%,95%,358%,179,15,214,95%,80.7%,281,267,90%,100.0%,90.3%,114,150,95%,80.0%,411,457,80%,100.0%,243,287,85%,99.6%,312,351,90%,98.8%,28%,89.74%,10.00%,10.00%,37.74%,32.00%
USF 1,VI,249,347,100%,50%,73,100%,0%,366,431,75%,100%,102,108,100%,100%,50%,122,100%,1%,12,100%,60%,24,100%,60%,76,100%,90%,300,417,3%,100.00%,19,100%,99%,189%,7.27,100%,75%,54,100%,100%,66,100%,75%,65,100%,75%,63,100%,75%,68,100%,75%,65,100%,75%,65,100%,75%,0.98,100%,75%,64,100%,75%,8,100%,100%,0.78,100%,75%,69,100%,100%,7,100%,75%,2,100%,75%,4.08,100%,75%,64,100%,75%,64,100%,75%,66,100%,75%,66,100%,75%,18500%,0.8,347,476,80%,91%,328,361,100%,91%,83%,201,232,100%,87%,127,157,100%,81%,418,450,100%,93%,294,346,80%,84%,140,158,100%,87%,280,369,80%,81%,85%,125,129,80%,100%,278,316,80%,100%,100%,298,324,90%,100%,133,181,80%,92%,289,413,80%,87%,348,375,90%,100%,348,363,80%,100%,94%,442%,389,453,80%,100%,261,272,80%,100%,134,177,80%,95%,251.00,293.00,80%,100%,2,70%,100%,114,152,70%,100%,446,460,30%,100%,99%,207,214,90%,79%,156,184,95%,73%,164,208,70%,84%,457.00,472.00,90%,98%,146,163,90%,75%,92%,383,391,60%,90%,15.60,2000%,89%,49,400%,100%,173,800%,97%,358%,167,10,199,95%,83.0%,448,439,90%,100.0%,91.5%,174,186,95%,98.5%,109,134,80%,100.0%,264,308,85%,100.0%,217,256,90%,94.2%,30%,89.74%,10.00%,10.00%,37.74%,32.00%
USF 1,VI,135,141,100%,75%,73,100%,0%,119,134,75%,100%,275,313,100%,100%,50%,120,100%,1%,12,100%,60%,26,100%,60%,78,100%,90%,208,232,3%,100.00%,19,100%,80%,189%,7.65,100%,75%,54,100%,100%,64,100%,75%,66,100%,75%,64,100%,75%,65,100%,75%,64,100%,75%,62,100%,75%,1.00,100%,75%,64,100%,75%,8,100%,100%,0.78,100%,75%,69,100%,100%,7,100%,75%,2,100%,75%,4.08,100%,75%,66,100%,75%,64,100%,75%,68,100%,75%,66,100%,75%,12000%,0.8,364,372,80%,100%,450,474,100%,95%,83%,165,221,100%,75%,101,143,100%,71%,368,478,100%,77%,207,239,80%,97%,114,164,100%,80%,88,116,80%,83%,80%,424,456,80%,100%,253,347,80%,91%,96%,408,444,90%,100%,313,330,80%,100%,291,320,80%,100%,414,476,90%,97%,404,482,80%,100%,89%,427%,277,361,80%,96%,453,472,80%,100%,144,198,80%,91%,270.00,300.00,80%,100%,3,70%,100%,86,107,70%,100%,93,128,30%,100%,98%,198,251,90%,90%,281,327,95%,86%,101,113,70%,79%,318.00,403.00,90%,78%,93,100,90%,97%,91%,436,490,60%,83%,15.30,2000%,78%,96,400%,100%,97,800%,81%,358%,199,25,215,95%,85.2%,112,110,90%,100.0%,92.6%,382,425,95%,94.6%,134,170,80%,98.5%,173,212,85%,96.0%,281,347,90%,90.0%,29%,94.74%,15.00%,10.00%,37.74%,32.00%
USF 1,VII,241,298,100%,50%,73,100%,0%,271,335,75%,100%,193,251,100%,100%,50%,122,100%,1%,12,100%,60%,26,100%,60%,77,100%,90%,174,236,3%,100.00%,17,100%,84%,189%,7.65,100%,75%,53,100%,100%,64,100%,75%,65,100%,75%,62,100%,75%,63,100%,75%,67,100%,75%,64,100%,75%,1.01,100%,75%,63,100%,75%,8,100%,100%,0.77,100%,75%,68,100%,100%,7,100%,75%,3,100%,75%,4.08,100%,75%,66,100%,75%,68,100%,75%,66,100%,75%,64,100%,75%,32500%,0.8,423,437,80%,100%,188,239,100%,79%,83%,119,133,100%,89%,421,474,100%,89%,332,387,100%,86%,307,370,80%,83%,291,410,100%,94%,149,166,80%,93%,89%,324,360,80%,100%,144,164,80%,100%,100%,428,437,90%,100%,260,280,80%,100%,406,428,80%,100%,314,361,90%,97%,115,128,80%,100%,71%,423%,160,171,80%,100%,159,219,80%,91%,255,365,80%,87%,85.00,117.00,80%,63%,2,70%,100%,399,420,70%,100%,334,356,30%,100%,92%,427,475,90%,87%,127,179,95%,98%,301,328,70%,74%,486.00,496.00,90%,90%,374,462,90%,73%,89%,161,183,60%,85%,15.00,2000%,89%,142,400%,100%,82,800%,83%,358%,368,34,440,95%,79.9%,204,187,90%,100.0%,90.0%,431,464,95%,97.8%,306,425,80%,90.0%,478,498,85%,100.0%,133,150,90%,98.5%,29%,89.74%,10.00%,10.00%,37.74%,32.00%
USF 2,VII,191,237,100%,50%,73,100%,0%,266,360,75%,100%,141,152,100%,100%,50%,124,100%,1%,12,100%,60%,26,100%,60%,72,100%,90%,373,467,3%,100.00%,18,100%,98%,189%,7.50,100%,75%,54,100%,100%,64,100%,75%,63,100%,75%,66,100%,75%,62,100%,75%,63,100%,75%,66,100%,75%,1.04,100%,75%,65,100%,75%,8,100%,100%,0.73,100%,75%,72,100%,100%,7,100%,75%,3,100%,75%,4.04,100%,75%,68,100%,75%,65,100%,75%,67,100%,75%,62,100%,75%,39900%,0.8,314,431,80%,91%,358,478,100%,75%,83%,282,393,100%,72%,265,341,100%,78%,187,234,100%,80%,330,398,80%,94%,101,135,100%,87%,318,328,80%,72%,80%,301,413,80%,91%,287,410,80%,88%,89%,344,400,90%,96%,144,159,80%,100%,294,373,80%,99%,332,449,90%,82%,259,328,80%,99%,91%,423%,429,477,80%,100%,201,232,80%,100%,408,426,80%,100%,129.00,134.00,80%,100%,2,70%,100%,415,467,70%,100%,254,359,30%,100%,100%,322,358,90%,70%,90,108,95%,84%,347,382,70%,89%,258.00,275.00,90%,74%,134,172,90%,84%,90%,423,492,60%,90%,14.70,2000%,75%,141,400%,100%,131,800%,71%,358%,328,39,341,95%,89.2%,219,212,90%,100.0%,94.6%,226,252,95%,94.4%,367,427,80%,100.0%,129,149,85%,100.0%,188,201,90%,100.0%,29%,89.74%,10.00%,10.00%,37.74%,32.00%
USF 2,VII,106,138,100%,50%,69,100%,0%,257,339,75%,100%,405,461,100%,100%,50%,122,100%,1%,12,100%,60%,26,100%,60%,72,100%,90%,332,401,3%,100.00%,18,100%,85%,189%,7.42,100%,75%,53,100%,100%,68,100%,75%,64,100%,75%,65,100%,75%,68,100%,75%,62,100%,75%,64,100%,75%,1.03,100%,75%,67,100%,75%,8,100%,100%,0.76,100%,75%,69,100%,100%,7,100%,75%,3,100%,75%,3.92,100%,75%,65,100%,75%,63,100%,75%,65,100%,75%,66,100%,75%,29200%,0.8,213,248,80%,100%,344,442,100%,78%,83%,234,242,100%,97%,377,406,100%,93%,118,152,100%,78%,176,186,80%,98%,136,184,100%,87%,228,266,80%,98%,92%,307,394,80%,97%,117,166,80%,88%,93%,230,271,90%,94%,355,374,80%,100%,147,170,80%,100%,217,227,90%,100%,344,355,80%,100%,82%,429%,295,410,80%,90%,352,415,80%,100%,383,391,80%,100%,383.00,456.00,80%,100%,2,70%,100%,166,225,70%,100%,313,442,30%,100%,99%,414,494,90%,100%,102,139,95%,90%,420,478,70%,73%,397.00,457.00,90%,82%,398,469,90%,86%,89%,171,197,60%,72%,15.30,2000%,76%,178,400%,100%,162,800%,79%,358%,307,18,308,95%,98.8%,321,305,90%,100.0%,99.4%,343,390,95%,92.6%,132,164,80%,100.0%,244,260,85%,100.0%,340,355,90%,100.0%,29%,89.74%,10.00%,10.00%,37.74%,32.00%
USF 2,VII,174,180,100%,75%,67,100%,0%,144,172,75%,100%,291,300,100%,100%,50%,118,100%,1%,12,100%,60%,26,100%,60%,72,100%,90%,360,434,3%,100.00%,18,100%,76%,189%,7.65,100%,75%,57,100%,100%,64,100%,75%,65,100%,75%,67,100%,75%,64,100%,75%,64,100%,75%,63,100%,75%,0.96,100%,75%,68,100%,75%,8,100%,100%,0.73,100%,75%,70,100%,100%,7,100%,75%,3,100%,75%,4.00,100%,75%,63,100%,75%,64,100%,75%,66,100%,75%,64,100%,75%,12500%,0.8,417,435,80%,100%,78,106,100%,74%,83%,264,326,100%,81%,276,288,100%,96%,466,491,100%,95%,241,265,80%,81%,249,324,100%,94%,320,458,80%,94%,90%,161,221,80%,91%,126,153,80%,100%,96%,215,227,90%,100%,162,185,80%,100%,177,254,80%,87%,116,147,90%,88%,335,381,80%,100%,84%,432%,201,221,80%,100%,443,453,80%,100%,81,106,80%,96%,425.00,439.00,80%,100%,3,70%,100%,347,374,70%,100%,222,275,30%,100%,99%,347,390,90%,96%,278,381,95%,78%,432,446,70%,96%,330.00,375.00,90%,85%,317,338,90%,74%,91%,189,234,60%,70%,14.85,2000%,94%,60,400%,100%,133,800%,86%,358%,121,11,133,95%,87.1%,174,172,90%,100.0%,93.5%,364,409,95%,93.7%,401,418,80%,100.0%,158,196,85%,94.8%,289,402,90%,79.9%,29%,94.74%,15.00%,10.00%,37.74%,32.00%
USF 1,VIII,84,117,100%,50%,73,100%,0%,350,417,75%,100%,196,200,100%,100%,50%,115,100%,1%,12,100%,60%,25,100%,60%,72,100%,90%,238,310,3%,100.00%,18,100%,99%,189%,7.27,100%,75%,56,100%,100%,66,100%,75%,68,100%,75%,66,100%,75%,62,100%,75%,67,100%,75%,63,100%,75%,1.04,100%,75%,65,100%,75%,8,100%,100%,0.77,100%,75%,69,100%,100%,7,100%,75%,2,100%,75%,3.88,100%,75%,65,100%,75%,62,100%,75%,65,100%,75%,67,100%,75%,19000%,0.8,329,470,80%,88%,238,280,100%,85%,83%,469,499,100%,94%,367,490,100%,75%,440,474,100%,93%,267,311,80%,93%,272,359,100%,83%,152,203,80%,80%,86%,317,382,80%,100%,378,403,80%,100%,100%,337,438,90%,85%,300,417,80%,90%,229,323,80%,89%,417,459,90%,100%,97,127,80%,95%,72%,421%,150,200,80%,94%,263,299,80%,100%,150,181,80%,100%,200.00,248.00,80%,100%,3,70%,100%,261,374,70%,50%,108,117,30%,100%,92%,129,182,90%,74%,246,301,95%,89%,339,453,70%,100%,226.00,267.00,90%,98%,239,263,90%,73%,87%,163,199,60%,82%,15.30,2000%,73%,161,400%,100%,79,800%,92%,358%,107,14,123,95%,79.6%,208,203,90%,100.0%,89.8%,238,280,95%,89.5%,284,327,80%,100.0%,218,280,85%,91.6%,395,430,90%,100.0%,28%,89.74%,10.00%,10.00%,37.74%,32.00%
USF 1,VIII,267,382,100%,0%,69,100%,0%,246,259,75%,100%,430,448,100%,100%,50%,116,100%,1%,12,100%,60%,24,100%,60%,77,100%,90%,134,172,3%,100.00%,18,100%,79%,189%,7.42,100%,75%,54,100%,100%,67,100%,75%,64,100%,75%,66,100%,75%,62,100%,75%,67,100%,75%,65,100%,75%,1.04,100%,75%,67,100%,75%,8,100%,100%,0.75,100%,75%,69,100%,100%,7,100%,75%,2,100%,75%,4.04,100%,75%,68,100%,75%,65,100%,75%,66,100%,75%,65,100%,75%,14700%,0.8,232,319,80%,91%,263,283,100%,93%,83%,316,434,100%,73%,129,146,100%,88%,136,175,100%,78%,197,202,80%,73%,285,380,100%,76%,248,319,80%,73%,77%,367,399,80%,100%,345,437,80%,99%,99%,123,153,90%,89%,413,445,80%,100%,153,171,80%,100%,136,171,90%,88%,137,156,80%,100%,82%,421%,197,202,80%,100%,243,277,80%,100%,322,366,80%,100%,384.00,422.00,80%,100%,3,70%,100%,105,109,70%,100%,344,352,30%,100%,100%,263,338,90%,88%,288,412,95%,96%,407,434,70%,92%,154.00,182.00,90%,93%,261,331,90%,98%,95%,124,131,60%,70%,15.30,2000%,84%,125,400%,100%,33,800%,70%,358%,257,23,260,95%,94.7%,184,184,90%,100.0%,97.4%,300,327,95%,96.6%,268,274,80%,100.0%,372,376,85%,100.0%,102,123,90%,92.1%,30%,79.74%,0.00%,10.00%,37.74%,32.00%
USF 1,VIII,237,293,100%,50%,70,100%,0%,88,125,75%,100%,405,495,100%,100%,50%,124,100%,1%,12,100%,60%,26,100%,60%,77,100%,90%,455,485,3%,100.00%,18,100%,96%,189%,7.80,100%,75%,55,100%,100%,64,100%,75%,63,100%,75%,64,100%,75%,65,100%,75%,67,100%,75%,67,100%,75%,0.97,100%,75%,68,100%,75%,8,100%,100%,0.73,100%,75%,69,100%,100%,7,100%,75%,3,100%,75%,4.04,100%,75%,66,100%,75%,66,100%,75%,64,100%,75%,63,100%,75%,193,0.8,298,409,80%,91%,79,114,100%,69%,83%,105,141,100%,74%,145,150,100%,97%,226,257,100%,88%,387,479,80%,80%,341,411,100%,81%,180,229,80%,77%,83%,109,146,80%,93%,222,297,80%,93%,93%,287,378,90%,84%,126,178,80%,88%,190,222,80%,100%,127,134,90%,100%,388,457,80%,100%,89%,428%,462,477,80%,100%,378,491,80%,96%,309,402,80%,96%,153.00,181.00,80%,100%,3,70%,100%,218,287,70%,100%,133,180,30%,100%,99%,296,322,90%,70%,336,366,95%,77%,96,114,70%,100%,189.00,260.00,90%,83%,323,376,90%,74%,92%,372,465,60%,84%,14.85,2000%,87%,119,400%,100%,135,800%,73%,358%,322,15,375,95%,86.2%,239,221,90%,100.0%,93.1%,343,354,95%,100.0%,414,477,80%,100.0%,262,350,85%,88.1%,319,367,90%,96.6%,29%,89.74%,10.00%,10.00%,37.74%,32.00%
USF 3,I,133,140,100%,75%,73,100%,0%,202,263,75%,100%,434,462,100%,100%,50%,125,100%,1%,12,100%,60%,25,100%,60%,74,100%,90%,156,223,3%,100.00%,18,100%,80%,189%,7.80,100%,75%,55,100%,100%,62,100%,75%,63,100%,75%,63,100%,75%,67,100%,75%,65,100%,75%,64,100%,75%,0.99,100%,75%,64,100%,75%,8,100%,100%,0.72,100%,75%,69,100%,100%,7,100%,75%,3,100%,75%,3.88,100%,75%,64,100%,75%,64,100%,75%,65,100%,75%,65,100%,75%,24500%,0.8,434,462,80%,100%,378,467,100%,81%,83%,266,381,100%,70%,254,330,100%,77%,215,242,100%,89%,234,242,80%,100%,203,275,100%,89%,271,277,80%,78%,84%,140,145,80%,100%,210,297,80%,88%,94%,88,117,90%,84%,124,132,80%,100%,121,148,80%,100%,332,469,90%,79%,198,284,80%,87%,81%,421%,345,454,80%,95%,311,375,80%,100%,114,130,80%,100%,242.00,341.00,80%,63%,2,70%,100%,361,369,70%,100%,374,486,30%,100%,94%,310,414,90%,98%,200,245,95%,84%,120,140,70%,74%,207.00,236.00,90%,88%,174,192,90%,94%,92%,150,193,60%,86%,15.00,2000%,73%,83,400%,100%,70,800%,78%,358%,180,12,187,95%,94.6%,391,372,90%,100.0%,97.3%,167,232,95%,75.8%,318,414,80%,96.0%,176,226,85%,91.6%,417,444,90%,100.0%,26%,94.74%,15.00%,10.00%,37.74%,32.00%
USF 2,I,280,334,100%,50%,67,100%,0%,142,201,75%,100%,375,500,100%,100%,50%,119,100%,1%,12,100%,60%,24,100%,60%,74,100%,90%,254,271,3%,100.00%,18,100%,73%,189%,7.20,100%,75%,57,100%,100%,68,100%,75%,65,100%,75%,66,100%,75%,64,100%,75%,62,100%,75%,66,100%,75%,0.98,100%,75%,62,100%,75%,8,100%,100%,0.73,100%,75%,69,100%,100%,7,100%,75%,3,100%,75%,4.12,100%,75%,62,100%,75%,62,100%,75%,65,100%,75%,63,100%,75%,26300%,0.8,143,171,80%,100%,206,246,100%,84%,83%,363,423,100%,86%,140,163,100%,86%,311,321,100%,97%,314,349,80%,82%,372,443,100%,96%,328,387,80%,83%,88%,84,113,80%,93%,227,250,80%,100%,96%,128,137,90%,100%,356,383,80%,100%,173,235,80%,92%,164,171,90%,100%,265,359,80%,92%,100%,447%,438,466,80%,100%,468,488,80%,100%,417,464,80%,100%,165.00,236.00,80%,63%,3,70%,100%,199,235,70%,100%,129,160,30%,100%,95%,220,276,90%,74%,139,189,95%,99%,300,338,70%,98%,197.00,219.00,90%,75%,229,315,90%,92%,93%,84,110,60%,71%,14.40,2000%,84%,164,400%,100%,163,800%,88%,358%,397,23,462,95%,85.2%,200,192,90%,100.0%,92.6%,316,440,95%,75.6%,111,124,80%,100.0%,341,432,85%,92.9%,299,357,90%,93.1%,27%,89.74%,10.00%,10.00%,37.74%,32.00%
USF 4,I,120,172,100%,0%,69,100%,0%,307,439,75%,100%,103,110,100%,100%,50%,120,100%,1%,12,100%,60%,25,100%,60%,77,100%,90%,342,433,3%,100.00%,17,100%,77%,189%,7.50,100%,75%,57,100%,100%,65,100%,75%,68,100%,75%,62,100%,75%,66,100%,75%,67,100%,75%,64,100%,75%,1.04,100%,75%,67,100%,75%,8,100%,100%,0.72,100%,75%,70,100%,100%,7,100%,75%,2,100%,75%,4.04,100%,75%,66,100%,75%,66,100%,75%,66,100%,75%,64,100%,75%,37300%,0.8,127,170,80%,93%,103,112,100%,92%,83%,119,166,100%,72%,382,450,100%,85%,161,202,100%,80%,158,201,80%,95%,193,265,100%,72%,243,308,80%,88%,82%,305,343,80%,100%,173,183,80%,100%,100%,269,313,90%,95%,469,489,80%,100%,204,213,80%,100%,331,460,90%,80%,370,458,80%,100%,95%,439%,173,214,80%,100%,387,473,80%,100%,358,491,80%,91%,159.00,207.00,80%,63%,3,70%,100%,339,435,70%,100%,90,125,30%,100%,93%,466,496,90%,74%,327,377,95%,75%,143,186,70%,98%,206.00,265.00,90%,79%,449,468,90%,81%,92%,242,328,60%,78%,15.45,2000%,98%,67,400%,100%,175,800%,97%,358%,222,24,242,95%,86.1%,482,438,90%,100.0%,93.1%,172,230,95%,78.7%,204,255,80%,100.0%,376,470,85%,94.1%,210,292,90%,79.9%,27%,79.74%,0.00%,10.00%,37.74%,32.00%
USF 3,II,199,252,100%,50%,73,100%,0%,88,124,75%,100%,307,404,100%,100%,50%,121,100%,1%,12,100%,60%,25,100%,60%,75,100%,90%,137,162,3%,100.00%,19,100%,74%,189%,7.20,100%,75%,57,100%,100%,68,100%,75%,64,100%,75%,66,100%,75%,62,100%,75%,68,100%,75%,66,100%,75%,0.96,100%,75%,64,100%,75%,8,100%,100%,0.78,100%,75%,71,100%,100%,7,100%,75%,2,100%,75%,4.12,100%,75%,64,100%,75%,66,100%,75%,62,100%,75%,64,100%,75%,49100%,0.8,270,342,80%,99%,321,397,100%,81%,83%,312,359,100%,87%,247,349,100%,71%,239,263,100%,91%,322,398,80%,73%,414,494,100%,98%,379,452,80%,79%,83%,89,121,80%,92%,345,411,80%,100%,96%,194,209,90%,100%,102,147,80%,87%,479,489,80%,100%,167,236,90%,79%,208,271,80%,96%,72%,414%,208,278,80%,94%,148,203,80%,91%,126,167,80%,94%,252.00,260.00,80%,100%,2,70%,100%,183,189,70%,100%,399,412,30%,100%,97%,164,203,90%,86%,241,246,95%,95%,261,373,70%,77%,138.00,146.00,90%,88%,123,149,90%,100%,93%,367,497,60%,75%,14.85,2000%,86%,41,400%,100%,123,800%,93%,358%,130,10,156,95%,81.0%,229,214,90%,100.0%,90.5%,324,338,95%,100.0%,271,280,80%,100.0%,356,475,85%,88.2%,390,488,90%,88.8%,29%,89.74%,10.00%,10.00%,37.74%,32.00%
USF 3,II,329,445,100%,50%,71,100%,0%,125,172,75%,100%,219,313,100%,50%,50%,119,100%,1%,12,100%,60%,25,100%,60%,78,100%,90%,123,158,3%,100.00%,17,100%,87%,189%,7.65,100%,75%,54,100%,100%,66,100%,75%,64,100%,75%,68,100%,75%,63,100%,75%,63,100%,75%,67,100%,75%,1.00,100%,75%,65,100%,75%,8,100%,100%,0.72,100%,75%,71,100%,100%,7,100%,75%,3,100%,75%,4.08,100%,75%,64,100%,75%,66,100%,75%,65,100%,75%,66,100%,75%,12100%,0.8,256,302,80%,100%,198,242,100%,82%,83%,266,376,100%,71%,281,316,100%,89%,252,312,100%,81%,384,437,80%,73%,144,195,100%,88%,191,236,80%,82%,81%,270,297,80%,100%,234,325,80%,90%,95%,126,158,90%,89%,363,443,80%,100%,427,491,80%,100%,328,386,90%,94%,335,460,80%,91%,74%,412%,80,112,80%,89%,123,144,80%,100%,386,398,80%,100%,319.00,371.00,80%,100%,2,70%,100%,340,358,70%,100%,327,409,30%,100%,98%,364,493,90%,71%,372,472,95%,99%,326,460,70%,95%,281.00,323.00,90%,78%,195,199,90%,84%,92%,217,286,60%,100%,14.70,2000%,86%,93,400%,100%,35,800%,97%,358%,247,15,274,95%,89.1%,449,419,90%,100.0%,94.6%,428,466,95%,96.7%,164,177,80%,100.0%,289,337,85%,100.0%,368,388,90%,100.0%,30%,89.74%,10.00%,10.00%,37.74%,32.00%
USF 2,II,201,210,100%,75%,68,100%,0%,258,345,75%,100%,359,449,100%,100%,50%,122,100%,1%,12,100%,60%,26,100%,60%,75,100%,90%,357,389,3%,100.00%,17,100%,98%,189%,7.35,100%,75%,56,100%,100%,67,100%,75%,62,100%,75%,64,100%,75%,62,100%,75%,63,100%,75%,64,100%,75%,0.99,100%,75%,65,100%,75%,8,100%,100%,0.77,100%,75%,71,100%,100%,7,100%,75%,3,100%,75%,4.00,100%,75%,66,100%,75%,62,100%,75%,66,100%,75%,64,100%,75%,22200%,0.8,276,354,80%,97%,299,394,100%,76%,83%,133,185,100%,72%,336,432,100%,78%,377,472,100%,80%,90,124,80%,93%,302,340,100%,85%,346,488,80%,99%,84%,396,472,80%,100%,220,266,80%,100%,100%,310,334,90%,100%,251,293,80%,100%,318,379,80%,100%,428,461,90%,100%,386,434,80%,100%,89%,436%,215,250,80%,100%,188,200,80%,100%,321,453,80%,89%,78.00,109.00,80%,63%,3,70%,100%,114,121,70%,100%,276,373,30%,100%,93%,175,244,90%,72%,123,127,95%,70%,399,439,70%,73%,397.00,468.00,90%,80%,241,262,90%,94%,90%,160,185,60%,77%,15.30,2000%,73%,168,400%,100%,140,800%,91%,358%,251,17,286,95%,86.1%,463,436,90%,100.0%,93.1%,276,318,95%,91.4%,132,177,80%,93.2%,377,410,85%,100.0%,167,212,90%,87.5%,28%,94.74%,15.00%,10.00%,37.74%,32.00%
USF 3,II,127,162,100%,50%,71,100%,0%,166,191,75%,100%,361,420,100%,100%,50%,124,100%,1%,12,100%,60%,26,100%,60%,72,100%,90%,105,127,3%,100.00%,18,100%,90%,189%,7.27,100%,75%,54,100%,100%,67,100%,75%,64,100%,75%,66,100%,75%,65,100%,75%,63,100%,75%,63,100%,75%,0.96,100%,75%,63,100%,75%,8,100%,100%,0.73,100%,75%,70,100%,100%,7,100%,75%,3,100%,75%,4.08,100%,75%,65,100%,75%,63,100%,75%,65,100%,75%,66,100%,75%,33200%,0.8,305,312,80%,100%,474,499,100%,95%,83%,116,142,100%,82%,78,107,100%,73%,103,133,100%,77%,104,109,80%,80%,124,159,100%,72%,86,106,80%,74%,76%,304,335,80%,100%,450,474,80%,100%,100%,374,474,90%,88%,287,394,80%,91%,273,385,80%,89%,147,192,90%,85%,149,170,80%,100%,96%,435%,173,191,80%,100%,423,450,80%,100%,355,374,80%,100%,396.00,445.00,80%,100%,3,70%,100%,483,498,70%,100%,123,145,30%,100%,100%,118,145,90%,92%,249,280,95%,72%,340,487,70%,81%,428.00,442.00,90%,81%,187,247,90%,75%,89%,275,394,60%,83%,14.85,2000%,72%,149,400%,100%,140,800%,91%,358%,139,12,134,95%,99.8%,300,285,90%,100.0%,99.9%,324,349,95%,97.7%,334,338,80%,100.0%,262,337,85%,91.5%,282,377,90%,83.1%,29%,89.74%,10.00%,10.00%,37.74%,32.00%
USF 2,II,376,409,100%,75%,71,100%,0%,243,297,75%,100%,85,107,100%,100%,50%,125,100%,1%,12,100%,60%,25,100%,60%,72,100%,90%,326,393,3%,100.00%,18,100%,93%,189%,7.50,100%,75%,56,100%,100%,67,100%,75%,64,100%,75%,63,100%,75%,66,100%,75%,64,100%,75%,68,100%,75%,0.98,100%,75%,64,100%,75%,8,100%,100%,0.73,100%,75%,71,100%,100%,7,100%,75%,3,100%,75%,4.08,100%,75%,65,100%,75%,67,100%,75%,66,100%,75%,1,100%,25%,35100%,0.8,436,445,80%,100%,149,210,100%,71%,83%,280,295,100%,95%,219,285,100%,77%,255,261,100%,98%,366,382,80%,96%,192,209,100%,89%,226,233,80%,76%,88%,230,311,80%,92%,125,157,80%,100%,96%,222,297,90%,83%,126,145,80%,100%,363,438,80%,100%,293,402,90%,81%,350,500,80%,88%,74%,421%,408,470,80%,100%,155,159,80%,100%,189,215,80%,100%,138.00,165.00,80%,100%,3,70%,100%,169,239,70%,100%,174,205,30%,100%,100%,382,491,90%,95%,275,299,95%,74%,92,112,70%,85%,472.00,492.00,90%,83%,350,474,90%,73%,89%,391,466,60%,85%,15.30,2000%,78%,136,400%,100%,93,800%,97%,358%,198,11,208,95%,94.6%,205,183,90%,100.0%,97.3%,130,145,95%,94.4%,358,398,80%,100.0%,374,440,85%,100.0%,251,289,90%,96.5%,29%,94.74%,15.00%,10.00%,37.74%,32.00%
USF 2,II,390,470,100%,50%,71,100%,0%,392,490,75%,100%,343,490,100%,50%,50%,121,100%,1%,12,100%,60%,25,100%,60%,78,100%,90%,338,356,3%,100.00%,19,100%,84%,189%,7.35,100%,75%,54,100%,100%,66,100%,75%,66,100%,75%,64,100%,75%,68,100%,75%,64,100%,75%,63,100%,75%,1.02,100%,75%,66,100%,75%,8,100%,100%,0.77,100%,75%,72,100%,100%,7,100%,75%,3,100%,75%,3.84,100%,75%,66,100%,75%,67,100%,75%,66,100%,75%,1,100%,25%,110,0.8,381,477,80%,100%,244,266,100%,92%,83%,281,316,100%,89%,306,337,100%,91%,212,295,100%,72%,313,435,80%,82%,344,383,100%,83%,122,153,80%,74%,82%,378,492,80%,96%,306,348,80%,100%,98%,273,311,90%,98%,218,232,80%,100%,305,351,80%,100%,178,212,90%,93%,231,305,80%,95%,96%,438%,350,373,80%,100%,340,473,80%,90%,231,241,80%,100%,216.00,305.00,80%,63%,2,70%,100%,105,124,70%,100%,281,296,30%,100%,93%,328,426,90%,75%,207,216,95%,82%,191,204,70%,77%,234.00,330.00,90%,100%,203,279,90%,73%,91%,147,164,60%,82%,15.15,2000%,82%,132,400%,100%,47,800%,94%,358%,133,5,131,95%,100.0%,231,213,90%,100.0%,100.0%,388,480,95%,85.1%,146,156,80%,100.0%,285,362,85%,92.6%,273,300,90%,100.0%,28%,89.74%,10.00%,10.00%,37.74%,32.00%
USF 4,II,263,321,100%,50%,69,100%,0%,406,490,75%,100%,92,125,100%,50%,50%,121,100%,1%,12,100%,60%,25,100%,60%,78,100%,90%,319,404,3%,100.00%,19,100%,76%,189%,7.42,100%,75%,57,100%,100%,66,100%,75%,64,100%,75%,64,100%,75%,67,100%,75%,64,100%,75%,62,100%,75%,1.00,100%,75%,64,100%,75%,8,100%,100%,0.76,100%,75%,70,100%,100%,7,100%,75%,3,100%,75%,4.04,100%,75%,67,100%,75%,63,100%,75%,67,100%,75%,1,100%,25%,38100%,0.8,205,281,80%,91%,396,405,100%,98%,83%,135,191,100%,71%,100,115,100%,87%,445,490,100%,91%,393,457,80%,78%,162,193,100%,91%,329,388,80%,92%,85%,209,230,80%,100%,135,194,80%,87%,93%,173,222,90%,87%,367,497,80%,92%,265,374,80%,89%,209,269,90%,86%,292,380,80%,96%,97%,438%,295,384,80%,96%,310,345,80%,100%,192,235,80%,100%,264.00,315.00,80%,100%,2,70%,100%,460,470,70%,100%,287,293,30%,100%,99%,127,147,90%,82%,195,254,95%,71%,208,243,70%,91%,277.00,370.00,90%,70%,315,363,90%,100%,92%,234,252,60%,71%,15.60,2000%,90%,68,400%,100%,144,800%,73%,358%,488,52,445,95%,100.0%,134,121,90%,100.0%,100.0%,354,472,95%,78.9%,172,215,80%,100.0%,312,332,85%,100.0%,241,309,90%,86.7%,28%,89.74%,10.00%,10.00%,37.74%,32.00%
USF 2,II,280,319,100%,75%,72,100%,0%,315,375,75%,100%,352,420,100%,100%,50%,120,100%,1%,12,100%,60%,26,100%,60%,78,100%,90%,116,140,3%,100.00%,19,100%,72%,189%,7.65,100%,75%,53,100%,100%,65,100%,75%,64,100%,75%,62,100%,75%,63,100%,75%,65,100%,75%,66,100%,75%,1.00,100%,75%,64,100%,75%,8,100%,100%,0.77,100%,75%,73,100%,100%,7,100%,75%,3,100%,75%,3.92,100%,75%,65,100%,75%,66,100%,75%,64,100%,75%,1,100%,25%,34700%,0.8,321,374,80%,100%,77,102,100%,75%,83%,183,227,100%,81%,183,206,100%,89%,203,224,100%,91%,322,358,80%,74%,253,298,100%,87%,158,198,80%,79%,83%,158,200,80%,99%,194,214,80%,100%,99%,308,315,90%,100%,407,474,80%,100%,95,136,80%,87%,194,203,90%,100%,421,474,80%,100%,93%,438%,317,402,80%,99%,264,344,80%,96%,176,184,80%,100%,101.00,104.00,80%,100%,2,70%,100%,404,460,70%,100%,344,401,30%,100%,99%,210,245,90%,76%,223,310,95%,82%,158,165,70%,83%,438.00,452.00,90%,88%,339,447,90%,72%,90%,193,262,60%,85%,15.60,2000%,74%,102,400%,100%,38,800%,75%,358%,242,13,280,95%,86.1%,473,442,90%,100.0%,93.0%,155,205,95%,79.6%,264,362,80%,91.2%,338,445,85%,89.4%,216,233,90%,100.0%,26%,94.74%,15.00%,10.00%,37.74%,32.00%
USF 2,II,342,376,100%,75%,73,100%,0%,221,304,75%,100%,292,344,100%,100%,50%,119,100%,1%,12,100%,60%,25,100%,60%,72,100%,90%,113,140,3%,100.00%,18,100%,95%,189%,7.50,100%,75%,56,100%,100%,65,100%,75%,67,100%,75%,62,100%,75%,65,100%,75%,64,100%,75%,68,100%,75%,1.00,100%,75%,62,100%,75%,8,100%,100%,0.72,100%,75%,71,100%,100%,7,100%,75%,2,100%,75%,3.84,100%,75%,67,100%,75%,66,100%,75%,63,100%,75%,1,100%,25%,18500%,0.8,229,252,80%,100%,194,252,100%,77%,83%,337,379,100%,89%,265,328,100%,81%,431,454,100%,95%,399,421,80%,97%,161,207,100%,93%,225,268,80%,97%,92%,417,464,80%,100%,172,180,80%,100%,100%,327,394,90%,92%,411,479,80%,100%,138,180,80%,96%,143,205,90%,78%,134,164,80%,100%,94%,448%,193,254,80%,95%,290,330,80%,100%,271,292,80%,100%,316.00,381.00,80%,100%,3,70%,100%,161,165,70%,100%,200,225,30%,100%,99%,154,196,90%,70%,109,117,95%,84%,454,464,70%,80%,92.00,125.00,90%,81%,241,287,90%,98%,92%,244,281,60%,86%,14.40,2000%,91%,176,400%,100%,87,800%,73%,358%,340,31,329,95%,98.9%,142,129,90%,100.0%,99.4%,171,189,95%,95.2%,225,230,80%,100.0%,223,279,85%,94.0%,204,241,90%,94.1%,29%,94.74%,15.00%,10.00%,37.74%,32.00%
USF 2,II,391,460,100%,75%,72,100%,0%,375,447,75%,100%,170,243,100%,50%,50%,125,100%,1%,12,100%,60%,26,100%,60%,72,100%,90%,308,351,3%,100.00%,18,100%,98%,189%,7.42,100%,75%,53,100%,100%,66,100%,75%,64,100%,75%,68,100%,75%,64,100%,75%,63,100%,75%,64,100%,75%,1.03,100%,75%,66,100%,75%,8,100%,100%,0.75,100%,75%,68,100%,100%,7,100%,75%,3,100%,75%,4.08,100%,75%,66,100%,75%,66,100%,75%,63,100%,75%,1,100%,25%,32800%,0.8,212,226,80%,100%,416,434,100%,96%,83%,195,235,100%,83%,344,401,100%,86%,178,244,100%,73%,191,213,80%,74%,468,498,100%,77%,294,398,80%,80%,79%,313,345,80%,100%,172,200,80%,100%,100%,234,286,90%,91%,313,365,80%,100%,406,447,80%,100%,339,430,90%,88%,420,452,80%,100%,94%,435%,428,498,80%,100%,293,309,80%,100%,298,426,80%,87%,73.00,104.00,80%,63%,3,70%,100%,113,119,70%,100%,280,315,30%,100%,93%,319,344,90%,92%,255,315,95%,96%,360,383,70%,71%,340.00,480.00,90%,77%,291,364,90%,94%,90%,421,435,60%,76%,15.15,2000%,89%,70,400%,100%,163,800%,71%,358%,423,43,400,95%,100.0%,457,448,90%,100.0%,100.0%,337,402,95%,88.2%,266,306,80%,100.0%,209,223,85%,100.0%,300,376,90%,88.7%,29%,94.74%,15.00%,10.00%,37.74%,32.00%
USF 2,II,439,483,100%,75%,69,100%,0%,165,218,75%,100%,336,420,100%,100%,50%,116,100%,1%,12,100%,60%,26,100%,60%,74,100%,90%,246,293,3%,100.00%,18,100%,84%,189%,7.27,100%,75%,57,100%,100%,65,100%,75%,62,100%,75%,65,100%,75%,66,100%,75%,66,100%,75%,66,100%,75%,1.03,100%,75%,66,100%,75%,8,100%,100%,0.73,100%,75%,71,100%,100%,7,100%,75%,3,100%,75%,3.84,100%,75%,67,100%,75%,62,100%,75%,63,100%,75%,0,100%,25%,14500%,0.8,175,251,80%,87%,225,301,100%,75%,83%,275,306,100%,90%,103,113,100%,91%,461,486,100%,95%,249,352,80%,93%,296,370,100%,99%,370,412,80%,88%,93%,247,321,80%,96%,434,467,80%,100%,98%,177,246,90%,80%,440,469,80%,100%,131,167,80%,98%,169,190,90%,99%,240,256,80%,100%,90%,443%,286,387,80%,92%,281,371,80%,95%,346,468,80%,92%,328.00,406.00,80%,100%,3,70%,100%,273,318,70%,100%,293,397,30%,100%,97%,279,310,90%,89%,350,394,95%,75%,375,458,70%,81%,165.00,195.00,90%,77%,379,391,90%,72%,88%,229,234,60%,99%,15.30,2000%,95%,161,400%,100%,99,800%,77%,358%,249,30,258,95%,89.4%,426,426,90%,100.0%,94.7%,260,343,95%,79.8%,140,167,80%,100.0%,462,467,85%,100.0%,259,309,90%,93.1%,28%,94.74%,15.00%,10.00%,37.74%,32.00%
USF 4,III,292,406,100%,50%,72,100%,0%,284,309,75%,100%,396,440,100%,100%,50%,119,100%,1%,12,100%,60%,24,100%,60%,74,100%,90%,331,474,3%,100.00%,18,100%,97%,189%,7.35,100%,75%,56,100%,100%,67,100%,75%,66,100%,75%,66,100%,75%,67,100%,75%,66,100%,75%,68,100%,75%,1.04,100%,75%,64,100%,75%,8,100%,100%,0.72,100%,75%,71,100%,100%,7,100%,75%,3,100%,75%,4.04,100%,75%,63,100%,75%,64,100%,75%,67,100%,75%,0,100%,25%,23900%,0.8,216,264,80%,100%,88,121,100%,73%,83%,170,174,100%,98%,368,392,100%,94%,166,201,100%,83%,302,369,80%,96%,264,326,100%,91%,95,106,80%,97%,93%,133,161,80%,100%,174,221,80%,98%,99%,128,141,90%,100%,305,332,80%,100%,88,102,80%,100%,243,338,90%,80%,321,429,80%,94%,98%,453%,103,126,80%,100%,439,494,80%,100%,329,439,80%,94%,99.00,111.00,80%,100%,2,70%,100%,193,269,70%,100%,288,307,30%,100%,99%,260,352,90%,78%,277,283,95%,91%,420,452,70%,79%,225.00,245.00,90%,89%,133,154,90%,74%,90%,270,365,60%,95%,14.70,2000%,97%,86,400%,100%,97,800%,73%,358%,99,6,121,95%,80.9%,455,429,90%,100.0%,90.5%,205,267,95%,80.8%,136,139,80%,100.0%,239,311,85%,90.4%,141,157,90%,99.8%,27%,89.74%,10.00%,10.00%,37.74%,32.00%
USF 4,III,254,260,100%,75%,70,100%,0%,202,225,75%,100%,273,294,100%,100%,50%,119,100%,1%,12,100%,60%,24,100%,60%,77,100%,90%,252,294,3%,100.00%,18,100%,87%,189%,7.42,100%,75%,57,100%,100%,66,100%,75%,65,100%,75%,65,100%,75%,62,100%,75%,64,100%,75%,63,100%,75%,0.97,100%,75%,64,100%,75%,8,100%,100%,0.76,100%,75%,72,100%,100%,7,100%,75%,3,100%,75%,4.04,100%,75%,65,100%,75%,64,100%,75%,68,100%,75%,0,100%,25%,16100%,0.8,300,307,80%,100%,320,401,100%,80%,83%,222,265,100%,84%,209,269,100%,78%,364,444,100%,82%,182,194,80%,74%,339,424,100%,92%,234,293,80%,74%,81%,239,333,80%,90%,424,477,80%,100%,95%,134,151,90%,99%,194,221,80%,100%,260,325,80%,100%,359,413,90%,97%,96,100,80%,100%,92%,430%,298,409,80%,91%,122,125,80%,100%,132,174,80%,95%,135.00,149.00,80%,100%,2,70%,100%,313,356,70%,100%,126,149,30%,100%,98%,300,371,90%,90%,130,174,95%,96%,278,367,70%,87%,353.00,372.00,90%,85%,170,231,90%,91%,93%,217,290,60%,79%,15.30,2000%,85%,81,400%,100%,72,800%,89%,358%,328,22,313,95%,100.0%,236,231,90%,100.0%,100.0%,325,428,95%,79.9%,197,204,80%,100.0%,380,458,85%,97.6%,314,398,90%,87.7%,28%,94.74%,15.00%,10.00%,37.74%,32.00%
USF 4,IV,391,461,100%,50%,67,100%,0%,470,480,75%,100%,263,314,100%,100%,50%,125,100%,1%,12,100%,60%,25,100%,60%,76,100%,90%,165,207,3%,100.00%,18,100%,97%,189%,7.42,100%,75%,54,100%,100%,68,100%,75%,64,100%,75%,66,100%,75%,65,100%,75%,68,100%,75%,64,100%,75%,1.03,100%,75%,64,100%,75%,8,100%,100%,0.73,100%,75%,71,100%,100%,7,100%,75%,2,100%,75%,3.84,100%,75%,66,100%,75%,62,100%,75%,67,100%,75%,0,100%,25%,42600%,0.8,123,162,80%,95%,333,402,100%,83%,83%,158,226,100%,70%,369,492,100%,75%,372,472,100%,79%,385,433,80%,75%,395,439,100%,80%,98,117,80%,77%,76%,374,446,80%,100%,318,328,80%,100%,100%,122,128,90%,100%,83,108,80%,96%,316,344,80%,100%,297,391,90%,84%,399,425,80%,100%,83%,421%,402,437,80%,100%,254,277,80%,100%,208,294,80%,88%,101.00,109.00,80%,100%,2,70%,100%,216,264,70%,100%,196,266,30%,100%,98%,268,358,90%,86%,155,219,95%,79%,239,257,70%,82%,397.00,452.00,90%,75%,115,133,90%,71%,88%,184,188,60%,84%,15.45,2000%,85%,103,400%,100%,152,800%,80%,358%,337,37,327,95%,96.6%,282,276,90%,100.0%,98.3%,448,488,95%,96.6%,415,420,80%,100.0%,292,353,85%,97.3%,176,208,90%,94.0%,29%,89.74%,10.00%,10.00%,37.74%,32.00%
USF 2,IV,367,438,100%,50%,67,100%,0%,115,133,75%,100%,271,362,100%,0%,0%,125,100%,1%,12,100%,60%,25,100%,60%,77,100%,90%,322,362,3%,100.00%,18,100%,85%,189%,7.73,100%,75%,53,100%,100%,67,100%,75%,64,100%,75%,66,100%,75%,66,100%,75%,64,100%,75%,66,100%,75%,1.04,100%,75%,64,100%,75%,8,100%,100%,0.73,100%,75%,69,100%,100%,7,100%,75%,3,100%,75%,4.16,100%,75%,66,100%,75%,68,100%,75%,62,100%,75%,0,100%,25%,17400%,0.8,86,103,80%,100%,345,368,100%,94%,83%,128,167,100%,77%,317,435,100%,73%,173,214,100%,81%,167,192,80%,87%,271,327,100%,91%,291,378,80%,85%,82%,402,411,80%,100%,332,437,80%,95%,97%,110,153,90%,80%,229,314,80%,91%,179,183,80%,100%,253,333,90%,84%,90,108,80%,100%,94%,436%,304,400,80%,95%,333,402,80%,100%,355,480,80%,92%,105.00,140.00,80%,63%,3,70%,100%,402,438,70%,100%,244,313,30%,100%,93%,113,133,90%,71%,332,396,95%,96%,396,417,70%,96%,437.00,486.00,90%,80%,398,443,90%,73%,91%,258,336,60%,100%,14.70,2000%,74%,94,400%,100%,162,800%,71%,358%,163,15,198,95%,78.7%,269,249,90%,100.0%,89.3%,353,389,95%,95.5%,155,167,80%,100.0%,389,453,85%,100.0%,361,415,90%,96.7%,30%,79.74%,10.00%,0.00%,37.74%,32.00%
USF 2,IV,291,327,100%,75%,69,100%,0%,191,204,75%,100%,331,345,100%,100%,50%,122,100%,1%,12,100%,60%,24,100%,60%,74,100%,90%,112,158,3%,100.00%,18,100%,84%,189%,7.35,100%,75%,56,100%,100%,63,100%,75%,63,100%,75%,66,100%,75%,64,100%,75%,64,100%,75%,67,100%,75%,0.96,100%,75%,63,100%,75%,8,100%,100%,0.77,100%,75%,71,100%,100%,7,100%,75%,3,100%,75%,3.84,100%,75%,64,100%,75%,66,100%,75%,66,100%,75%,66,100%,75%,22000%,0.8,294,387,80%,95%,251,265,100%,95%,83%,233,243,100%,96%,93,121,100%,77%,363,387,100%,94%,323,356,80%,74%,434,467,100%,89%,215,299,80%,74%,84%,325,374,80%,100%,402,437,80%,100%,100%,117,135,90%,96%,105,123,80%,100%,279,329,80%,100%,326,419,90%,86%,101,108,80%,100%,94%,440%,308,321,80%,100%,412,458,80%,100%,285,304,80%,100%,272.00,306.00,80%,100%,3,70%,100%,332,443,70%,100%,150,200,30%,100%,100%,148,206,90%,83%,291,384,95%,93%,184,192,70%,99%,188.00,262.00,90%,92%,83,119,90%,79%,94%,187,206,60%,72%,15.15,2000%,92%,50,400%,100%,70,800%,74%,358%,325,35,338,95%,90.3%,245,218,90%,100.0%,95.2%,304,342,95%,93.6%,220,248,80%,100.0%,302,360,85%,98.7%,323,395,90%,90.9%,29%,94.74%,15.00%,10.00%,37.74%,32.00%
USF 2,IV,197,270,100%,50%,69,100%,0%,112,135,75%,100%,287,306,100%,100%,50%,124,100%,1%,12,100%,60%,26,100%,60%,76,100%,90%,73,104,3%,100.00%,18,100%,97%,189%,7.58,100%,75%,54,100%,100%,68,100%,75%,67,100%,75%,63,100%,75%,65,100%,75%,64,100%,75%,63,100%,75%,1.01,100%,75%,66,100%,75%,8,100%,100%,0.73,100%,75%,69,100%,100%,7,100%,75%,3,100%,75%,4.16,100%,75%,64,100%,75%,66,100%,75%,65,100%,75%,67,100%,75%,36800%,0.8,152,191,80%,99%,168,187,100%,90%,83%,414,476,100%,87%,358,442,100%,81%,230,248,100%,93%,174,246,80%,96%,164,196,100%,97%,205,263,80%,93%,91%,399,481,80%,100%,394,438,80%,100%,100%,316,326,90%,100%,165,227,80%,91%,318,449,80%,89%,353,376,90%,100%,107,154,80%,87%,95%,449%,92,111,80%,100%,208,248,80%,100%,339,419,80%,100%,358.00,442.00,80%,100%,3,70%,100%,239,275,70%,100%,360,379,30%,100%,100%,235,271,90%,82%,186,239,95%,83%,226,287,70%,71%,301.00,377.00,90%,73%,178,235,90%,75%,86%,213,285,60%,81%,14.55,2000%,98%,113,400%,100%,99,800%,76%,358%,256,16,267,95%,94.6%,255,227,90%,100.0%,97.3%,256,295,95%,91.3%,147,171,80%,100.0%,294,313,85%,100.0%,273,318,90%,95.4%,29%,89.74%,10.00%,10.00%,37.74%,32.00%
USF 2,IV,306,352,100%,75%,68,100%,0%,376,443,75%,100%,281,309,100%,100%,50%,125,100%,1%,12,100%,60%,24,100%,60%,75,100%,90%,129,135,3%,100.00%,18,100%,80%,189%,7.65,100%,75%,54,100%,100%,64,100%,75%,67,100%,75%,63,100%,75%,64,100%,75%,65,100%,75%,67,100%,75%,1.04,100%,75%,64,100%,75%,8,100%,100%,0.73,100%,75%,69,100%,100%,7,100%,75%,3,100%,75%,3.92,100%,75%,66,100%,75%,1,100%,25%,1,100%,25%,66,100%,75%,24200%,0.8,360,400,80%,100%,422,440,100%,96%,83%,220,245,100%,90%,205,245,100%,84%,379,486,100%,78%,297,327,80%,100%,187,216,100%,76%,135,191,80%,96%,87%,159,210,80%,95%,275,362,80%,95%,95%,330,371,90%,99%,263,314,80%,100%,412,434,80%,100%,147,168,90%,97%,245,351,80%,87%,90%,435%,89,104,80%,100%,365,411,80%,100%,374,403,80%,100%,167.00,188.00,80%,100%,2,70%,100%,273,288,70%,100%,406,496,30%,100%,100%,158,191,90%,82%,153,172,95%,79%,201,268,70%,75%,434.00,499.00,90%,75%,88,119,90%,74%,87%,105,118,60%,83%,14.85,2000%,73%,82,400%,100%,37,800%,94%,358%,371,46,397,95%,86.2%,150,136,90%,100.0%,93.1%,251,265,95%,99.7%,381,406,80%,100.0%,157,190,85%,97.2%,193,262,90%,81.8%,30%,94.74%,15.00%,10.00%,37.74%,32.00%
USF 3,IV,345,432,100%,50%,73,100%,0%,215,237,75%,100%,279,318,100%,100%,50%,122,100%,1%,12,100%,60%,25,100%,60%,75,100%,90%,299,333,3%,100.00%,18,100%,95%,189%,7.27,100%,75%,56,100%,100%,62,100%,75%,62,100%,75%,67,100%,75%,63,100%,75%,65,100%,75%,62,100%,75%,1.02,100%,75%,65,100%,75%,8,100%,100%,0.77,100%,75%,68,100%,100%,7,100%,75%,3,100%,75%,4.16,100%,75%,64,100%,75%,1,100%,25%,1,100%,25%,66,100%,75%,40300%,0.8,291,355,80%,100%,222,239,100%,93%,83%,236,282,100%,84%,79,111,100%,71%,186,262,100%,71%,320,337,80%,80%,200,231,100%,83%,300,401,80%,98%,81%,224,281,80%,100%,222,247,80%,100%,100%,197,241,90%,91%,291,369,80%,99%,143,149,80%,100%,160,176,90%,100%,161,207,80%,97%,72%,415%,338,353,80%,100%,170,219,80%,97%,203,275,80%,92%,339.00,395.00,80%,100%,3,70%,100%,268,305,70%,100%,109,116,30%,100%,98%,275,393,90%,74%,350,381,95%,100%,165,171,70%,71%,256.00,333.00,90%,76%,298,421,90%,90%,89%,206,261,60%,70%,15.15,2000%,73%,40,400%,100%,172,800%,93%,358%,356,11,449,95%,80.9%,372,372,90%,100.0%,90.4%,210,263,95%,84.1%,362,437,80%,100.0%,213,232,85%,100.0%,352,490,90%,79.8%,28%,89.74%,10.00%,10.00%,37.74%,32.00%
USF 3,IV,271,344,100%,50%,71,100%,0%,281,335,75%,100%,414,476,100%,100%,50%,125,100%,1%,12,100%,60%,26,100%,60%,73,100%,90%,402,479,3%,100.00%,17,100%,98%,189%,7.73,100%,75%,57,100%,100%,65,100%,75%,64,100%,75%,66,100%,75%,66,100%,75%,66,100%,75%,68,100%,75%,0.99,100%,75%,63,100%,75%,8,100%,100%,0.73,100%,75%,72,100%,100%,7,100%,75%,2,100%,75%,4.16,100%,75%,64,100%,75%,1,100%,25%,1,100%,25%,62,100%,75%,37700%,0.8,170,194,80%,100%,365,402,100%,91%,83%,232,332,100%,70%,334,372,100%,90%,363,498,100%,73%,220,315,80%,79%,298,420,100%,70%,360,384,80%,74%,76%,168,183,80%,100%,204,225,80%,100%,100%,308,355,90%,96%,418,465,80%,100%,222,256,80%,100%,427,445,90%,100%,211,258,80%,100%,87%,425%,238,254,80%,100%,425,468,80%,100%,246,277,80%,100%,289.00,329.00,80%,100%,3,70%,100%,309,402,70%,100%,428,461,30%,100%,100%,381,433,90%,91%,147,211,95%,83%,306,403,70%,70%,196.00,280.00,90%,78%,149,156,90%,94%,90%,252,336,60%,93%,14.40,2000%,76%,34,400%,100%,75,800%,90%,358%,427,8,442,95%,99.8%,456,438,90%,100.0%,99.9%,267,315,95%,89.2%,263,293,80%,100.0%,138,147,85%,100.0%,146,198,90%,81.9%,29%,89.74%,10.00%,10.00%,37.74%,32.00%
USF 2,IV,104,131,100%,50%,67,100%,0%,145,163,75%,100%,251,268,100%,100%,50%,119,100%,1%,12,100%,60%,24,100%,60%,73,100%,90%,348,435,3%,100.00%,17,100%,76%,189%,7.50,100%,75%,56,100%,100%,64,100%,75%,67,100%,75%,66,100%,75%,66,100%,75%,66,100%,75%,64,100%,75%,1.00,100%,75%,64,100%,75%,8,100%,100%,0.76,100%,75%,69,100%,100%,7,100%,75%,2,100%,75%,4.12,100%,75%,67,100%,75%,1,100%,25%,1,100%,25%,68,100%,75%,34400%,0.8,173,179,80%,100%,397,468,100%,85%,83%,130,142,100%,92%,340,420,100%,81%,157,199,100%,79%,167,223,80%,78%,377,434,100%,99%,206,246,80%,86%,86%,263,329,80%,100%,156,198,80%,98%,99%,366,407,90%,100%,281,316,80%,100%,286,298,80%,100%,242,282,90%,95%,136,167,80%,100%,91%,438%,275,340,80%,100%,169,207,80%,100%,208,258,80%,100%,435.00,473.00,80%,100%,2,70%,100%,212,239,70%,100%,367,454,30%,100%,100%,359,486,90%,88%,91,103,95%,78%,322,367,70%,74%,163.00,210.00,90%,85%,450,479,90%,87%,90%,254,364,60%,70%,14.40,2000%,88%,176,400%,100%,82,800%,90%,358%,390,40,467,95%,78.9%,111,109,90%,100.0%,89.4%,160,208,95%,81.0%,271,289,80%,100.0%,91,120,85%,89.2%,252,274,90%,100.0%,27%,89.74%,10.00%,10.00%,37.74%,32.00%
USF 3,V,373,479,100%,50%,69,100%,0%,294,300,75%,100%,232,247,100%,100%,50%,115,100%,1%,12,100%,60%,25,100%,60%,74,100%,90%,119,134,3%,100.00%,17,100%,100%,189%,7.27,100%,75%,56,100%,100%,68,100%,75%,63,100%,75%,65,100%,75%,64,100%,75%,68,100%,75%,65,100%,75%,1.02,100%,75%,66,100%,75%,8,100%,100%,0.73,100%,75%,73,100%,100%,7,100%,75%,3,100%,75%,4.08,100%,75%,62,100%,75%,1,100%,25%,1,100%,25%,66,100%,75%,47900%,0.8,412,458,80%,100%,264,300,100%,88%,83%,260,306,100%,85%,338,380,100%,89%,334,389,100%,86%,288,301,80%,99%,281,391,100%,80%,174,221,80%,74%,85%,188,251,80%,94%,115,137,80%,100%,97%,91,125,90%,81%,409,440,80%,100%,224,234,80%,100%,466,491,90%,100%,133,180,80%,92%,79%,424%,146,201,80%,91%,190,269,80%,88%,151,194,80%,97%,301.00,430.00,80%,63%,3,70%,100%,415,489,70%,100%,393,457,30%,100%,91%,313,392,90%,84%,334,385,95%,85%,213,281,70%,95%,188.00,224.00,90%,91%,139,162,90%,98%,96%,220,310,60%,94%,14.40,2000%,100%,98,400%,100%,154,800%,73%,358%,256,27,239,95%,100.0%,413,404,90%,100.0%,100.0%,332,358,95%,97.6%,211,255,80%,100.0%,300,341,85%,100.0%,320,341,90%,100.0%,30%,89.74%,10.00%,10.00%,37.74%,32.00%
USF 4,V,333,340,100%,75%,72,100%,0%,183,226,75%,100%,367,471,100%,100%,50%,121,100%,1%,12,100%,60%,24,100%,60%,76,100%,90%,222,262,3%,100.00%,18,100%,80%,189%,7.80,100%,75%,56,100%,100%,68,100%,75%,66,100%,75%,66,100%,75%,64,100%,75%,66,100%,75%,66,100%,75%,1.00,100%,75%,64,100%,75%,8,100%,100%,0.76,100%,75%,67,100%,100%,7,100%,75%,3,100%,75%,4.12,100%,75%,64,100%,75%,1,100%,25%,1,100%,25%,64,100%,75%,26700%,0.8,169,177,80%,100%,163,188,100%,87%,83%,255,336,100%,76%,433,476,100%,91%,399,459,100%,87%,165,190,80%,75%,211,261,100%,91%,359,423,80%,82%,84%,131,138,80%,100%,282,328,80%,100%,100%,370,412,90%,100%,300,320,80%,100%,116,164,80%,88%,298,355,90%,93%,77,103,80%,93%,98%,444%,124,143,80%,100%,221,267,80%,100%,99,142,80%,87%,300.00,371.00,80%,100%,2,70%,100%,248,299,70%,100%,82,108,30%,100%,98%,135,143,90%,84%,86,102,95%,80%,412,463,70%,78%,146.00,183.00,90%,75%,340,374,90%,85%,89%,174,216,60%,94%,15.00,2000%,95%,57,400%,100%,64,800%,100%,358%,460,48,469,95%,92.5%,359,351,90%,100.0%,96.2%,180,226,95%,83.8%,455,470,80%,100.0%,376,495,85%,89.4%,152,201,90%,84.0%,27%,94.74%,15.00%,10.00%,37.74%,32.00%
USF 3,V,102,142,100%,50%,68,100%,0%,309,360,75%,100%,360,401,100%,100%,50%,124,100%,1%,12,100%,60%,24,100%,60%,74,100%,90%,451,480,3%,100.00%,19,100%,75%,189%,7.73,100%,75%,57,100%,100%,64,100%,75%,62,100%,75%,64,100%,75%,65,100%,75%,67,100%,75%,66,100%,75%,1.01,100%,75%,62,100%,75%,8,100%,100%,0.72,100%,75%,72,100%,100%,7,100%,75%,3,100%,75%,4.16,100%,75%,64,100%,75%,0,100%,25%,0,100%,25%,63,100%,75%,46100%,0.8,369,462,80%,100%,255,294,100%,87%,83%,262,375,100%,70%,245,296,100%,83%,369,397,100%,93%,300,376,80%,98%,335,390,100%,76%,190,257,80%,98%,86%,419,494,80%,100%,352,396,80%,100%,100%,178,212,90%,93%,149,187,80%,100%,246,254,80%,100%,292,308,90%,100%,413,445,80%,100%,75%,424%,281,352,80%,100%,259,324,80%,100%,153,173,80%,100%,360.00,445.00,80%,100%,3,70%,100%,269,313,70%,100%,145,160,30%,100%,100%,192,226,90%,93%,262,279,95%,95%,261,300,70%,87%,160.00,214.00,90%,80%,450,479,90%,73%,89%,88,100,60%,74%,15.45,2000%,97%,132,400%,100%,163,800%,81%,358%,293,30,310,95%,89.3%,330,317,90%,100.0%,94.7%,249,320,95%,81.9%,461,466,80%,100.0%,294,388,85%,89.1%,146,151,90%,100.0%,27%,89.74%,10.00%,10.00%,37.74%,32.00%
USF 2,V,126,164,100%,50%,71,100%,0%,302,348,75%,100%,408,417,100%,100%,50%,125,100%,1%,12,100%,60%,25,100%,60%,74,100%,90%,134,164,3%,100.00%,18,100%,92%,189%,7.20,100%,75%,53,100%,100%,64,100%,75%,63,100%,75%,68,100%,75%,64,100%,75%,64,100%,75%,67,100%,75%,0.98,100%,75%,64,100%,75%,8,100%,100%,0.76,100%,75%,68,100%,100%,7,100%,75%,2,100%,75%,3.96,100%,75%,65,100%,75%,0,100%,25%,0,100%,25%,66,100%,75%,18400%,0.8,248,299,80%,100%,130,150,100%,87%,83%,299,356,100%,84%,301,387,100%,78%,432,451,100%,96%,215,239,80%,88%,224,307,100%,85%,283,364,80%,82%,85%,264,368,80%,90%,237,258,80%,100%,95%,91,117,90%,86%,390,454,80%,100%,186,222,80%,100%,84,106,90%,88%,196,228,80%,100%,87%,430%,136,189,80%,90%,141,165,80%,100%,304,386,80%,98%,313.00,397.00,80%,63%,3,70%,100%,103,125,70%,100%,108,153,30%,100%,93%,377,497,90%,99%,303,337,95%,84%,443,498,70%,100%,329.00,383.00,90%,72%,191,270,90%,77%,91%,457,472,60%,86%,15.00,2000%,84%,42,400%,100%,30,800%,94%,358%,274,18,273,95%,98.7%,448,403,90%,100.0%,99.4%,479,499,95%,100.0%,376,476,80%,98.7%,272,296,85%,100.0%,132,164,90%,89.4%,30%,89.74%,10.00%,10.00%,37.74%,32.00%
USF 2,V,192,241,100%,50%,69,100%,0%,105,121,75%,100%,447,486,100%,100%,50%,115,100%,1%,12,100%,60%,24,100%,60%,77,100%,90%,117,154,3%,100.00%,18,100%,96%,189%,7.27,100%,75%,57,100%,100%,67,100%,75%,66,100%,75%,64,100%,75%,67,100%,75%,68,100%,75%,64,100%,75%,0.96,100%,75%,68,100%,75%,8,100%,100%,0.73,100%,75%,71,100%,100%,7,100%,75%,2,100%,75%,4.08,100%,75%,64,100%,75%,0,100%,25%,0,100%,25%,66,100%,75%,197,0.8,213,227,80%,100%,214,298,100%,72%,83%,98,120,100%,82%,407,463,100%,88%,270,300,100%,90%,105,112,80%,90%,152,177,100%,91%,414,482,80%,98%,90%,308,435,80%,89%,343,404,80%,100%,94%,274,361,90%,84%,213,285,80%,93%,312,400,80%,98%,282,372,90%,84%,218,303,80%,90%,80%,427%,420,472,80%,100%,156,163,80%,100%,144,151,80%,100%,188.00,251.00,80%,63%,3,70%,100%,347,490,70%,100%,120,140,30%,100%,95%,315,358,90%,75%,299,333,95%,98%,450,479,70%,95%,352.00,400.00,90%,82%,125,169,90%,96%,94%,125,143,60%,87%,14.70,2000%,80%,64,400%,100%,124,800%,76%,358%,268,18,275,95%,95.7%,352,335,90%,100.0%,97.8%,236,241,95%,100.0%,212,226,80%,100.0%,386,420,85%,100.0%,252,301,90%,93.0%,30%,89.74%,10.00%,10.00%,37.74%,32.00%
USF 2,V,92,119,100%,50%,68,100%,0%,219,301,75%,100%,350,438,100%,100%,50%,119,100%,1%,12,100%,60%,26,100%,60%,74,100%,90%,471,481,3%,100.00%,19,100%,85%,189%,7.73,100%,75%,54,100%,100%,66,100%,75%,68,100%,75%,64,100%,75%,62,100%,75%,66,100%,75%,65,100%,75%,0.99,100%,75%,63,100%,75%,8,100%,100%,0.74,100%,75%,70,100%,100%,7,100%,75%,3,100%,75%,4.08,100%,75%,66,100%,75%,0,100%,25%,0,100%,25%,64,100%,75%,10700%,0.8,317,418,80%,95%,433,493,100%,88%,83%,385,470,100%,82%,115,138,100%,83%,96,110,100%,87%,414,432,80%,99%,305,372,100%,77%,141,177,80%,89%,86%,250,288,80%,100%,154,218,80%,88%,94%,397,442,90%,100%,121,143,80%,100%,188,255,80%,92%,363,413,90%,98%,144,203,80%,89%,76%,419%,133,188,80%,88%,124,158,80%,98%,282,304,80%,100%,410.00,495.00,80%,100%,3,70%,100%,103,144,70%,100%,289,353,30%,100%,98%,429,494,90%,84%,435,454,95%,86%,387,440,70%,77%,433.00,476.00,90%,75%,371,470,90%,95%,90%,355,487,60%,70%,14.55,2000%,88%,133,400%,100%,78,800%,77%,358%,367,38,402,95%,86.1%,484,444,90%,100.0%,93.1%,250,317,95%,83.0%,143,145,80%,100.0%,316,326,85%,100.0%,112,121,90%,100.0%,28%,89.74%,10.00%,10.00%,37.74%,32.00%
USF 2,V,181,239,100%,50%,69,100%,0%,164,206,75%,100%,132,141,100%,100%,50%,120,100%,1%,12,100%,60%,25,100%,60%,74,100%,90%,319,329,3%,100.00%,17,100%,88%,189%,7.35,100%,75%,55,100%,100%,65,100%,75%,68,100%,75%,67,100%,75%,65,100%,75%,66,100%,75%,67,100%,75%,1.02,100%,75%,66,100%,75%,8,100%,100%,0.72,100%,75%,72,100%,100%,7,100%,75%,3,100%,75%,3.84,100%,75%,64,100%,75%,0,100%,25%,0,100%,25%,65,100%,75%,49300%,0.8,295,422,80%,87%,254,274,100%,93%,83%,221,274,100%,81%,167,215,100%,78%,197,219,100%,90%,167,217,80%,99%,436,459,100%,77%,295,411,80%,99%,87%,113,117,80%,100%,363,472,80%,96%,98%,138,190,90%,81%,444,494,80%,100%,355,418,80%,100%,80,112,90%,79%,395,421,80%,100%,80%,428%,239,260,80%,100%,309,326,80%,100%,408,459,80%,100%,458.00,488.00,80%,100%,3,70%,100%,164,191,70%,100%,169,235,30%,100%,100%,94,135,90%,84%,428,456,95%,83%,213,296,70%,80%,342.00,353.00,90%,88%,292,418,90%,100%,93%,384,396,60%,94%,14.40,2000%,83%,176,400%,100%,90,800%,76%,358%,286,35,323,95%,81.8%,141,139,90%,100.0%,90.9%,135,151,95%,94.1%,382,398,80%,100.0%,363,371,85%,100.0%,419,494,90%,94.2%,29%,89.74%,10.00%,10.00%,37.74%,32.00%
USF 4,V,419,456,100%,75%,69,100%,0%,183,218,75%,100%,157,183,100%,100%,50%,122,100%,1%,12,100%,60%,25,100%,60%,72,100%,90%,258,359,3%,100.00%,18,100%,78%,189%,7.35,100%,75%,56,100%,100%,68,100%,75%,68,100%,75%,64,100%,75%,63,100%,75%,64,100%,75%,63,100%,75%,0.98,100%,75%,65,100%,75%,8,100%,100%,0.75,100%,75%,68,100%,100%,7,100%,75%,3,100%,75%,3.88,100%,75%,65,100%,75%,68,100%,75%,63,100%,75%,65,100%,75%,12000%,0.8,266,355,80%,94%,254,354,100%,72%,83%,302,360,100%,84%,257,330,100%,78%,123,176,100%,70%,308,386,80%,79%,310,317,100%,85%,333,371,80%,87%,80%,126,164,80%,96%,99,127,80%,97%,97%,144,174,90%,92%,282,336,80%,100%,126,129,80%,100%,376,409,90%,100%,428,493,80%,100%,94%,434%,225,279,80%,100%,335,436,80%,96%,274,283,80%,100%,337.00,411.00,80%,100%,2,70%,100%,331,409,70%,100%,287,388,30%,100%,99%,277,292,90%,87%,94,130,95%,97%,458,493,70%,100%,226.00,319.00,90%,87%,164,235,90%,88%,94%,249,324,60%,85%,15.45,2000%,84%,92,400%,100%,148,800%,86%,358%,120,6,136,95%,88.2%,207,199,90%,100.0%,94.1%,153,192,95%,83.9%,99,136,80%,91.0%,444,454,85%,100.0%,353,357,90%,100.0%,27%,94.74%,15.00%,10.00%,37.74%,32.00%
USF 3,V,409,471,100%,75%,70,100%,0%,126,130,75%,100%,343,477,100%,50%,50%,116,100%,1%,12,100%,60%,25,100%,60%,76,100%,90%,206,211,3%,100.00%,18,100%,87%,189%,7.20,100%,75%,57,100%,100%,62,100%,75%,64,100%,75%,62,100%,75%,66,100%,75%,63,100%,75%,65,100%,75%,0.98,100%,75%,65,100%,75%,8,100%,100%,0.76,100%,75%,72,100%,100%,7,100%,75%,2,100%,75%,4.12,100%,75%,68,100%,75%,64,100%,75%,65,100%,75%,68,100%,75%,36800%,0.8,248,314,80%,99%,148,152,100%,97%,83%,221,258,100%,86%,258,297,100%,87%,143,153,100%,93%,261,335,80%,84%,383,395,100%,75%,184,231,80%,93%,86%,147,159,80%,100%,155,165,80%,100%,100%,290,309,90%,100%,87,123,80%,88%,359,367,80%,100%,192,207,90%,100%,251,257,80%,100%,77%,426%,299,319,80%,100%,312,332,80%,100%,219,268,80%,100%,343.00,409.00,80%,100%,2,70%,100%,347,482,70%,100%,225,232,30%,100%,100%,190,248,90%,77%,247,278,95%,82%,237,264,70%,82%,386.00,495.00,90%,84%,286,349,90%,74%,89%,397,452,60%,71%,15.00,2000%,84%,145,400%,100%,132,800%,89%,358%,345,19,408,95%,84.1%,320,285,90%,100.0%,92.1%,270,273,95%,100.0%,283,333,80%,100.0%,488,498,85%,100.0%,240,277,90%,96.3%,30%,94.74%,15.00%,10.00%,37.74%,32.00%
USF 2,VI,246,254,100%,75%,70,100%,0%,194,234,75%,100%,422,449,100%,100%,50%,119,100%,1%,12,100%,60%,26,100%,60%,72,100%,90%,207,277,3%,100.00%,18,100%,86%,189%,7.50,100%,75%,57,100%,100%,67,100%,75%,64,100%,75%,63,100%,75%,63,100%,75%,65,100%,75%,66,100%,75%,1.01,100%,75%,62,100%,75%,8,100%,100%,0.75,100%,75%,73,100%,100%,7,100%,75%,3,100%,75%,3.92,100%,75%,66,100%,75%,64,100%,75%,64,100%,75%,68,100%,75%,48100%,0.8,246,277,80%,100%,123,130,100%,95%,83%,161,207,100%,78%,450,500,100%,90%,310,353,100%,88%,231,331,80%,93%,168,241,100%,77%,232,273,80%,74%,83%,91,101,80%,100%,244,331,80%,92%,96%,386,429,90%,100%,259,298,80%,100%,205,282,80%,91%,388,409,90%,100%,202,250,80%,100%,88%,430%,432,460,80%,100%,394,424,80%,100%,406,496,80%,100%,240.00,248.00,80%,100%,3,70%,100%,268,358,70%,100%,308,422,30%,100%,100%,311,366,90%,85%,214,246,95%,84%,291,417,70%,95%,292.00,321.00,90%,82%,126,164,90%,79%,92%,173,231,60%,73%,14.85,2000%,78%,116,400%,100%,108,800%,99%,358%,350,17,402,95%,87.2%,338,331,90%,100.0%,93.6%,111,150,95%,77.9%,145,147,80%,100.0%,335,454,85%,86.8%,217,244,90%,98.8%,26%,94.74%,15.00%,10.00%,37.74%,32.00%
USF 2,VI,393,419,100%,75%,72,100%,0%,184,234,75%,100%,391,478,100%,100%,50%,122,100%,1%,12,100%,60%,26,100%,60%,72,100%,90%,267,366,3%,100.00%,18,100%,79%,189%,7.42,100%,75%,54,100%,100%,62,100%,75%,67,100%,75%,68,100%,75%,63,100%,75%,63,100%,75%,64,100%,75%,1.00,100%,75%,66,100%,75%,8,100%,100%,0.77,100%,75%,69,100%,100%,7,100%,75%,3,100%,75%,4.04,100%,75%,68,100%,75%,64,100%,75%,66,100%,75%,64,100%,75%,41600%,0.8,184,214,80%,100%,130,159,100%,82%,83%,89,121,100%,74%,393,442,100%,89%,96,124,100%,77%,421,490,80%,89%,135,169,100%,97%,406,462,80%,81%,84%,361,415,80%,100%,140,169,80%,100%,100%,446,460,90%,100%,81,102,80%,99%,249,271,80%,100%,402,473,90%,94%,125,167,80%,94%,91%,438%,362,447,80%,100%,314,383,80%,100%,149,210,80%,89%,369.00,445.00,80%,100%,2,70%,100%,153,207,70%,100%,387,473,30%,100%,98%,87,107,90%,96%,326,453,95%,87%,163,234,70%,87%,430.00,458.00,90%,74%,382,411,90%,70%,88%,230,292,60%,83%,14.55,2000%,97%,157,400%,100%,138,800%,91%,358%,413,47,407,95%,94.7%,448,430,90%,100.0%,97.3%,278,299,95%,97.9%,349,421,80%,100.0%,131,151,85%,100.0%,103,128,90%,89.4%,30%,94.74%,15.00%,10.00%,37.74%,32.00%
USF 2,VI,236,254,100%,75%,67,100%,0%,229,237,75%,100%,117,132,100%,100%,50%,115,100%,1%,12,100%,60%,24,100%,60%,72,100%,90%,97,135,3%,100.00%,18,100%,84%,189%,7.20,100%,75%,54,100%,100%,63,100%,75%,65,100%,75%,64,100%,75%,66,100%,75%,62,100%,75%,68,100%,75%,1.04,100%,75%,64,100%,75%,8,100%,100%,0.73,100%,75%,69,100%,100%,7,100%,75%,2,100%,75%,3.92,100%,75%,64,100%,75%,63,100%,75%,66,100%,75%,62,100%,75%,48200%,0.8,192,240,80%,100%,444,458,100%,97%,83%,83,103,100%,81%,230,296,100%,78%,93,103,100%,90%,112,137,80%,100%,148,179,100%,99%,129,177,80%,71%,86%,343,362,80%,100%,250,269,80%,100%,100%,324,345,90%,100%,158,217,80%,91%,272,345,80%,99%,351,395,90%,99%,333,470,80%,89%,76%,425%,392,418,80%,100%,210,297,80%,88%,332,432,80%,96%,329.00,351.00,80%,100%,2,70%,100%,430,458,70%,100%,171,182,30%,100%,98%,223,238,90%,89%,204,280,95%,70%,115,142,70%,77%,379.00,436.00,90%,79%,378,421,90%,77%,88%,424,447,60%,92%,15.15,2000%,94%,81,400%,100%,30,800%,71%,358%,178,7,202,95%,89.1%,325,309,90%,100.0%,94.6%,301,377,95%,84.0%,121,141,80%,100.0%,457,462,85%,100.0%,198,201,90%,100.0%,28%,94.74%,15.00%,10.00%,37.74%,32.00%
USF 2,VI,242,285,100%,50%,67,100%,0%,349,472,75%,100%,96,101,100%,100%,50%,121,100%,1%,12,100%,60%,25,100%,60%,74,100%,90%,288,339,3%,100.00%,18,100%,93%,189%,7.27,100%,75%,53,100%,100%,63,100%,75%,67,100%,75%,68,100%,75%,66,100%,75%,66,100%,75%,63,100%,75%,0.96,100%,75%,66,100%,75%,8,100%,100%,0.72,100%,75%,69,100%,100%,7,100%,75%,3,100%,75%,4.00,100%,75%,63,100%,75%,68,100%,75%,65,100%,75%,63,100%,75%,420,0.8,286,363,80%,98%,71,101,100%,70%,83%,323,426,100%,76%,194,237,100%,82%,320,422,100%,76%,140,180,80%,78%,89,104,100%,86%,275,328,80%,96%,82%,182,253,80%,90%,283,399,80%,89%,89%,302,312,90%,100%,481,496,80%,100%,337,344,80%,100%,265,328,90%,90%,429,467,80%,100%,70%,404%,416,463,80%,100%,222,318,80%,87%,103,133,80%,97%,126.00,154.00,80%,100%,2,70%,100%,163,227,70%,100%,276,288,30%,100%,98%,373,491,90%,85%,444,494,95%,81%,370,390,70%,94%,275.00,367.00,90%,83%,118,121,90%,74%,91%,172,236,60%,96%,15.00,2000%,81%,109,400%,100%,162,800%,91%,358%,299,27,281,95%,100.0%,181,175,90%,100.0%,100.0%,183,248,95%,77.7%,263,321,80%,100.0%,132,165,85%,94.1%,349,376,90%,100.0%,27%,89.74%,10.00%,10.00%,37.74%,32.00%
USF 2,VII,117,147,100%,50%,73,100%,0%,76,101,75%,100%,214,259,100%,100%,50%,119,100%,1%,12,100%,60%,25,100%,60%,73,100%,90%,123,165,3%,100.00%,17,100%,98%,189%,7.42,100%,75%,55,100%,100%,67,100%,75%,66,100%,75%,68,100%,75%,66,100%,75%,66,100%,75%,67,100%,75%,1.01,100%,75%,64,100%,75%,8,100%,100%,0.72,100%,75%,73,100%,100%,7,100%,75%,3,100%,75%,3.88,100%,75%,64,100%,75%,63,100%,75%,64,100%,75%,63,100%,75%,10000%,0.8,313,337,80%,100%,355,456,100%,78%,83%,136,185,100%,74%,200,241,100%,83%,261,304,100%,86%,204,288,80%,70%,369,451,100%,78%,285,344,80%,81%,79%,366,452,80%,100%,274,381,80%,90%,95%,318,350,90%,100%,353,393,80%,100%,260,296,80%,100%,162,191,90%,94%,241,302,80%,100%,82%,418%,258,294,80%,100%,317,345,80%,100%,125,163,80%,96%,177.00,191.00,80%,100%,2,70%,100%,227,253,70%,100%,258,331,30%,100%,99%,424,499,90%,93%,87,116,95%,96%,191,263,70%,80%,433.00,452.00,90%,92%,105,124,90%,70%,90%,234,264,60%,100%,14.85,2000%,86%,124,400%,100%,113,800%,83%,358%,356,17,346,95%,100.0%,208,198,90%,100.0%,100.0%,165,171,95%,100.0%,200,251,80%,99.6%,309,356,85%,100.0%,131,173,90%,84.1%,30%,89.74%,10.00%,10.00%,37.74%,32.00%
USF 2,VII,161,212,100%,50%,68,100%,0%,303,310,75%,100%,311,399,100%,100%,50%,122,100%,1%,12,100%,60%,26,100%,60%,72,100%,90%,85,106,3%,100.00%,18,100%,76%,189%,7.80,100%,75%,56,100%,100%,65,100%,75%,66,100%,75%,64,100%,75%,63,100%,75%,65,100%,75%,65,100%,75%,0.99,100%,75%,63,100%,75%,8,100%,100%,0.75,100%,75%,69,100%,100%,7,100%,75%,3,100%,75%,4.04,100%,75%,66,100%,75%,66,100%,75%,66,100%,75%,62,100%,75%,42000%,0.8,379,404,80%,100%,312,326,100%,96%,83%,382,467,100%,82%,413,481,100%,86%,204,218,100%,94%,236,260,80%,92%,213,222,100%,84%,91,113,80%,70%,85%,191,195,80%,100%,213,243,80%,100%,100%,438,467,90%,100%,362,417,80%,100%,206,227,80%,100%,368,498,90%,82%,164,200,80%,100%,94%,441%,118,167,80%,88%,224,299,80%,94%,321,387,80%,100%,429.00,483.00,80%,100%,2,70%,100%,448,477,70%,100%,227,261,30%,100%,97%,264,363,90%,75%,361,495,95%,87%,244,331,70%,98%,339.00,354.00,90%,79%,166,200,90%,79%,92%,244,306,60%,94%,14.55,2000%,97%,121,400%,100%,140,800%,77%,358%,144,14,165,95%,82.9%,472,425,90%,100.0%,91.5%,179,243,95%,77.5%,286,295,80%,100.0%,312,343,85%,100.0%,294,339,90%,96.4%,28%,89.74%,10.00%,10.00%,37.74%,32.00%
USF 2,VII,329,397,100%,50%,71,100%,0%,184,194,75%,100%,115,150,100%,100%,50%,118,100%,1%,12,100%,60%,25,100%,60%,72,100%,90%,384,493,3%,100.00%,17,100%,98%,189%,7.27,100%,75%,53,100%,100%,64,100%,75%,65,100%,75%,64,100%,75%,64,100%,75%,65,100%,75%,63,100%,75%,1.01,100%,75%,64,100%,75%,8,100%,100%,0.78,100%,75%,69,100%,100%,7,100%,75%,3,100%,75%,4.00,100%,75%,64,100%,75%,63,100%,75%,66,100%,75%,63,100%,75%,39200%,0.8,423,455,80%,100%,304,376,100%,81%,83%,255,324,100%,79%,190,247,100%,77%,105,139,100%,76%,115,146,80%,76%,232,318,100%,87%,161,174,80%,96%,82%,277,323,80%,100%,205,290,80%,88%,94%,373,450,90%,92%,292,366,80%,100%,161,181,80%,100%,189,220,90%,95%,261,323,80%,100%,80%,418%,325,378,80%,100%,96,110,80%,100%,424,447,80%,100%,336.00,374.00,80%,100%,3,70%,100%,359,408,70%,100%,322,398,30%,100%,100%,300,380,90%,94%,187,247,95%,72%,232,328,70%,75%,229.00,314.00,90%,100%,292,321,90%,94%,93%,282,344,60%,80%,14.40,2000%,84%,61,400%,100%,37,800%,88%,358%,338,14,377,95%,90.5%,483,431,90%,100.0%,95.2%,210,274,95%,80.7%,233,324,80%,89.9%,150,203,85%,86.9%,208,213,90%,100.0%,26%,89.74%,10.00%,10.00%,37.74%,32.00%
USF 2,VII,204,273,100%,50%,71,100%,0%,156,170,75%,100%,123,136,100%,100%,50%,124,100%,1%,12,100%,60%,26,100%,60%,73,100%,90%,127,159,3%,100.00%,18,100%,70%,189%,7.80,100%,75%,56,100%,100%,64,100%,75%,63,100%,75%,66,100%,75%,68,100%,75%,65,100%,75%,62,100%,75%,0.99,100%,75%,63,100%,75%,8,100%,100%,0.77,100%,75%,70,100%,100%,7,100%,75%,2,100%,75%,3.92,100%,75%,66,100%,75%,64,100%,75%,64,100%,75%,62,100%,75%,13400%,0.8,258,272,80%,100%,322,358,100%,90%,83%,155,205,100%,76%,341,474,100%,72%,243,338,100%,72%,229,237,80%,73%,339,435,100%,75%,332,350,80%,90%,76%,316,333,80%,100%,157,166,80%,100%,100%,136,145,90%,100%,186,209,80%,100%,342,381,80%,100%,141,159,90%,99%,111,150,80%,93%,73%,412%,188,198,80%,100%,334,471,80%,89%,218,254,80%,100%,205.00,293.00,80%,63%,2,70%,100%,398,458,70%,100%,119,124,30%,100%,93%,163,190,90%,87%,305,430,95%,73%,288,400,70%,88%,303.00,345.00,90%,97%,138,169,90%,72%,92%,298,373,60%,99%,14.85,2000%,98%,47,400%,100%,91,800%,79%,358%,364,46,414,95%,80.9%,414,376,90%,100.0%,90.4%,126,150,95%,88.4%,205,278,80%,92.2%,200,244,85%,96.4%,140,175,90%,88.9%,28%,89.74%,10.00%,10.00%,37.74%,32.00%
USF 3,VII,264,372,100%,50%,71,100%,0%,106,113,75%,100%,333,383,100%,100%,50%,125,100%,1%,12,100%,60%,25,100%,60%,72,100%,90%,279,383,3%,100.00%,18,100%,98%,189%,7.50,100%,75%,54,100%,100%,66,100%,75%,63,100%,75%,66,100%,75%,65,100%,75%,62,100%,75%,67,100%,75%,1.00,100%,75%,65,100%,75%,8,100%,100%,0.74,100%,75%,71,100%,100%,7,100%,75%,2,100%,75%,3.88,100%,75%,68,100%,75%,63,100%,75%,64,100%,75%,62,100%,75%,21900%,0.8,457,477,80%,100%,100,105,100%,95%,83%,120,158,100%,76%,340,486,100%,70%,125,133,100%,94%,323,449,80%,75%,334,385,100%,99%,114,159,80%,86%,83%,104,128,80%,100%,342,353,80%,100%,100%,368,396,90%,100%,257,358,80%,90%,114,129,80%,100%,189,231,90%,91%,172,227,80%,95%,80%,426%,243,271,80%,100%,326,347,80%,100%,366,452,80%,100%,269.00,350.00,80%,63%,3,70%,100%,200,261,70%,100%,258,294,30%,100%,95%,245,327,90%,82%,283,350,95%,95%,238,302,70%,100%,310.00,393.00,90%,98%,324,396,90%,98%,97%,304,324,60%,99%,15.45,2000%,84%,37,400%,100%,79,800%,92%,358%,249,15,239,95%,100.0%,343,343,90%,100.0%,100.0%,214,262,95%,86.0%,222,289,80%,96.0%,180,220,85%,96.3%,352,383,90%,100.0%,28%,89.74%,10.00%,10.00%,37.74%,32.00%
USF 2,VII,227,296,100%,50%,68,100%,0%,165,204,75%,100%,119,140,100%,100%,50%,116,100%,1%,12,100%,60%,24,100%,60%,77,100%,90%,283,383,3%,100.00%,18,100%,93%,189%,7.73,100%,75%,54,100%,100%,66,100%,75%,67,100%,75%,63,100%,75%,64,100%,75%,63,100%,75%,64,100%,75%,0.96,100%,75%,66,100%,75%,8,100%,100%,0.73,100%,75%,73,100%,100%,7,100%,75%,2,100%,75%,4.08,100%,75%,66,100%,75%,64,100%,75%,64,100%,75%,64,100%,75%,15400%,0.8,178,229,80%,97%,272,363,100%,75%,83%,98,113,100%,87%,227,258,100%,88%,287,350,100%,82%,230,325,80%,90%,193,236,100%,70%,135,191,80%,97%,86%,186,201,80%,100%,97,137,80%,89%,94%,364,450,90%,90%,288,407,80%,88%,104,110,80%,100%,264,358,90%,82%,210,239,80%,100%,76%,418%,105,149,80%,88%,335,409,80%,100%,300,342,80%,100%,203.00,283.00,80%,63%,3,70%,100%,344,448,70%,100%,93,101,30%,100%,93%,214,265,90%,72%,223,283,95%,83%,113,133,70%,84%,416.00,434.00,90%,77%,180,210,90%,89%,91%,119,139,60%,80%,14.55,2000%,97%,35,400%,100%,78,800%,96%,358%,431,24,474,95%,90.4%,474,427,90%,100.0%,95.2%,367,422,95%,91.5%,373,434,80%,100.0%,448,488,85%,100.0%,305,347,90%,97.7%,29%,89.74%,10.00%,10.00%,37.74%,32.00%
USF 2,VII,198,255,100%,50%,73,100%,0%,389,443,75%,100%,311,362,100%,100%,50%,124,100%,1%,12,100%,60%,25,100%,60%,72,100%,90%,217,283,3%,100.00%,19,100%,85%,189%,7.50,100%,75%,55,100%,100%,62,100%,75%,65,100%,75%,64,100%,75%,64,100%,75%,65,100%,75%,64,100%,75%,1.00,100%,75%,67,100%,75%,8,100%,100%,0.76,100%,75%,69,100%,100%,7,100%,75%,2,100%,75%,4.16,100%,75%,63,100%,75%,64,100%,75%,63,100%,75%,62,100%,75%,27400%,0.8,300,354,80%,100%,237,312,100%,76%,83%,355,378,100%,94%,166,208,100%,80%,239,288,100%,83%,174,200,80%,71%,167,190,100%,71%,198,211,80%,70%,78%,181,259,80%,87%,115,162,80%,89%,88%,219,305,90%,80%,92,109,80%,100%,356,388,80%,100%,209,262,90%,89%,327,338,80%,100%,74%,403%,327,368,80%,100%,295,394,80%,94%,151,194,80%,97%,172.00,182.00,80%,100%,3,70%,100%,347,391,70%,100%,117,129,30%,100%,99%,259,298,90%,83%,437,470,95%,83%,222,309,70%,93%,305.00,397.00,90%,95%,133,171,90%,77%,93%,160,206,60%,81%,15.45,2000%,77%,60,400%,100%,81,800%,79%,358%,359,27,378,95%,92.5%,138,135,90%,100.0%,96.2%,165,182,95%,95.4%,228,241,80%,100.0%,164,187,85%,100.0%,125,139,90%,99.9%,30%,89.74%,10.00%,10.00%,37.74%,32.00%
USF 2,VII,107,121,100%,75%,68,100%,0%,91,116,75%,100%,472,482,100%,100%,50%,116,100%,1%,12,100%,60%,26,100%,60%,72,100%,90%,107,140,3%,100.00%,19,100%,79%,189%,7.42,100%,75%,54,100%,100%,66,100%,75%,64,100%,75%,64,100%,75%,62,100%,75%,65,100%,75%,66,100%,75%,0.96,100%,75%,68,100%,75%,8,100%,100%,0.76,100%,75%,71,100%,100%,7,100%,75%,3,100%,75%,3.88,100%,75%,67,100%,75%,66,100%,75%,64,100%,75%,62,100%,75%,32000%,0.8,217,272,80%,100%,398,411,100%,97%,83%,451,496,100%,91%,99,129,100%,77%,101,114,100%,89%,116,145,80%,96%,247,261,100%,82%,124,150,80%,87%,87%,324,464,80%,87%,314,338,80%,100%,94%,291,360,90%,90%,145,164,80%,100%,223,240,80%,100%,135,171,90%,88%,130,176,80%,92%,74%,417%,313,330,80%,100%,219,268,80%,100%,166,238,80%,87%,238.00,256.00,80%,100%,3,70%,100%,145,180,70%,100%,292,395,30%,100%,98%,468,488,90%,79%,130,133,95%,94%,135,143,70%,80%,135.00,188.00,90%,71%,110,116,90%,73%,87%,106,142,60%,93%,15.60,2000%,90%,75,400%,100%,118,800%,74%,358%,133,8,141,95%,93.3%,178,167,90%,100.0%,96.7%,411,496,95%,87.2%,100,124,80%,100.0%,384,405,85%,100.0%,172,182,90%,100.0%,29%,94.74%,15.00%,10.00%,37.74%,32.00%
USF 2,VIII,192,241,100%,50%,68,100%,0%,185,193,75%,100%,222,250,100%,100%,50%,121,100%,1%,12,100%,60%,24,100%,60%,75,100%,90%,247,330,3%,100.00%,18,100%,95%,189%,7.50,100%,75%,54,100%,100%,68,100%,75%,66,100%,75%,67,100%,75%,68,100%,75%,66,100%,75%,64,100%,75%,1.03,100%,75%,66,100%,75%,8,100%,100%,0.75,100%,75%,71,100%,100%,7,100%,75%,2,100%,75%,4.04,100%,75%,66,100%,75%,64,100%,75%,62,100%,75%,65,100%,75%,49700%,0.8,413,454,80%,100%,90,115,100%,78%,83%,257,299,100%,86%,267,361,100%,74%,305,407,100%,75%,119,122,80%,85%,350,438,100%,77%,85,114,80%,98%,82%,203,217,80%,100%,248,270,80%,100%,100%,403,448,90%,100%,460,470,80%,100%,280,338,80%,100%,358,498,90%,80%,320,352,80%,100%,89%,434%,224,241,80%,100%,340,487,80%,87%,311,427,80%,91%,199.00,206.00,80%,100%,2,70%,100%,454,473,70%,100%,176,201,30%,100%,97%,343,377,90%,88%,396,456,95%,70%,436,474,70%,93%,254.00,363.00,90%,95%,202,230,90%,70%,92%,275,324,60%,94%,15.45,2000%,85%,159,400%,100%,80,800%,84%,358%,361,13,396,95%,92.5%,287,270,90%,100.0%,96.3%,253,279,95%,95.5%,259,305,80%,100.0%,175,179,85%,100.0%,153,173,90%,98.3%,30%,89.74%,10.00%,10.00%,37.74%,32.00%
USF 2,VIII,300,323,100%,75%,67,100%,0%,133,174,75%,100%,186,255,100%,50%,50%,122,100%,1%,12,100%,60%,25,100%,60%,76,100%,90%,351,404,3%,100.00%,18,100%,86%,189%,7.42,100%,75%,53,100%,100%,62,100%,75%,64,100%,75%,68,100%,75%,67,100%,75%,65,100%,75%,62,100%,75%,1.04,100%,75%,64,100%,75%,8,100%,100%,0.77,100%,75%,68,100%,100%,7,100%,75%,3,100%,75%,4.00,100%,75%,65,100%,75%,65,100%,75%,68,100%,75%,65,100%,75%,32300%,0.8,448,472,80%,100%,214,261,100%,82%,83%,216,240,100%,90%,261,281,100%,93%,187,220,100%,85%,209,295,80%,93%,162,180,100%,97%,148,169,80%,85%,90%,242,347,80%,87%,158,162,80%,100%,94%,313,334,90%,100%,140,201,80%,87%,334,440,80%,95%,306,313,90%,100%,244,322,80%,95%,72%,419%,129,149,80%,100%,271,280,80%,100%,119,151,80%,99%,371.00,399.00,80%,100%,3,70%,100%,239,282,70%,100%,393,423,30%,100%,100%,375,475,90%,89%,160,189,95%,82%,312,322,70%,88%,111.00,143.00,90%,75%,268,384,90%,85%,90%,178,184,60%,94%,14.40,2000%,83%,130,400%,100%,117,800%,74%,358%,110,9,122,95%,87.1%,255,229,90%,100.0%,93.6%,167,176,95%,99.9%,415,420,80%,100.0%,187,250,85%,88.0%,135,151,90%,99.3%,29%,94.74%,15.00%,10.00%,37.74%,32.00%
USF 2,VIII,265,302,100%,75%,71,100%,0%,107,127,75%,100%,148,152,100%,100%,50%,122,100%,1%,12,100%,60%,26,100%,60%,73,100%,90%,365,425,3%,100.00%,17,100%,88%,189%,7.42,100%,75%,53,100%,100%,64,100%,75%,66,100%,75%,63,100%,75%,66,100%,75%,64,100%,75%,64,100%,75%,1.02,100%,75%,64,100%,75%,8,100%,100%,0.73,100%,75%,73,100%,100%,7,100%,75%,3,100%,75%,3.96,100%,75%,64,100%,75%,67,100%,75%,68,100%,75%,66,100%,75%,24700%,0.8,428,456,80%,100%,150,179,100%,84%,83%,372,472,100%,79%,447,486,100%,92%,350,449,100%,78%,168,196,80%,84%,348,420,100%,99%,131,171,80%,78%,85%,194,201,80%,100%,183,226,80%,100%,100%,218,251,90%,97%,168,234,80%,90%,331,349,80%,100%,153,162,90%,100%,435,468,80%,100%,99%,446%,199,281,80%,89%,451,470,80%,100%,428,471,80%,100%,376.00,459.00,80%,100%,3,70%,100%,336,370,70%,100%,147,191,30%,100%,98%,237,253,90%,88%,169,217,95%,94%,325,383,70%,76%,122.00,146.00,90%,85%,259,298,90%,98%,92%,384,418,60%,95%,15.45,2000%,84%,61,400%,100%,176,800%,70%,358%,420,24,417,95%,100.0%,434,409,90%,100.0%,100.0%,417,430,95%,100.0%,128,176,80%,90.9%,383,412,85%,100.0%,274,343,90%,88.8%,29%,94.74%,15.00%,10.00%,37.74%,32.00%
USF 1,VIII,153,160,100%,75%,69,100%,0%,242,247,75%,100%,309,424,100%,50%,50%,122,100%,1%,12,100%,60%,25,100%,60%,74,100%,90%,331,474,3%,100.00%,18,100%,77%,189%,7.73,100%,75%,54,100%,100%,64,100%,75%,64,100%,75%,62,100%,75%,67,100%,75%,62,100%,75%,63,100%,75%,0.99,100%,75%,66,100%,75%,8,100%,100%,0.77,100%,75%,69,100%,100%,7,100%,75%,2,100%,75%,4.16,100%,75%,62,100%,75%,62,100%,75%,65,100%,75%,68,100%,75%,18100%,0.8,210,250,80%,100%,205,228,100%,90%,83%,392,401,100%,98%,379,404,100%,94%,216,288,100%,75%,149,182,80%,77%,153,192,100%,99%,126,144,80%,96%,90%,182,190,80%,100%,115,163,80%,88%,94%,371,417,90%,99%,130,148,80%,100%,334,464,80%,90%,306,316,90%,100%,422,491,80%,100%,98%,444%,252,351,80%,90%,339,382,80%,100%,401,490,80%,100%,352.00,446.00,80%,63%,3,70%,100%,301,392,70%,100%,100,131,30%,100%,93%,406,423,90%,92%,183,248,95%,82%,131,143,70%,72%,212.00,299.00,90%,79%,307,362,90%,76%,87%,224,249,60%,74%,15.60,2000%,85%,62,400%,100%,107,800%,75%,358%,200,6,200,95%,100.0%,208,198,90%,100.0%,100.0%,379,493,95%,80.9%,184,222,80%,100.0%,215,287,85%,88.1%,391,483,90%,89.9%,27%,94.74%,15.00%,10.00%,37.74%,32.00%
USF 2,VIII,186,200,100%,75%,71,100%,0%,160,223,75%,100%,126,181,100%,50%,50%,121,100%,1%,12,100%,60%,24,100%,60%,74,100%,90%,278,348,3%,100.00%,17,100%,95%,189%,7.20,100%,75%,54,100%,100%,62,100%,75%,66,100%,75%,64,100%,75%,64,100%,75%,62,100%,75%,63,100%,75%,1.01,100%,75%,63,100%,75%,8,100%,100%,0.77,100%,75%,71,100%,100%,7,100%,75%,3,100%,75%,3.88,100%,75%,68,100%,75%,63,100%,75%,64,100%,75%,64,100%,75%,24100%,0.8,224,255,80%,100%,100,112,100%,89%,83%,360,376,100%,96%,323,372,100%,87%,187,254,100%,74%,110,115,80%,87%,370,421,100%,98%,149,210,80%,78%,87%,371,470,80%,99%,210,270,80%,97%,98%,144,195,90%,82%,268,280,80%,100%,335,414,80%,100%,136,159,90%,95%,172,224,80%,96%,100%,447%,189,204,80%,100%,314,361,80%,100%,465,490,80%,100%,232.00,290.00,80%,125%,2,70%,100%,91,123,70%,100%,394,453,30%,100%,104%,143,158,90%,75%,87,116,95%,100%,170,206,70%,84%,444.00,478.00,90%,93%,313,369,90%,74%,91%,134,164,60%,91%,15.45,2000%,73%,38,400%,100%,61,800%,75%,358%,442,30,439,95%,98.8%,331,312,90%,100.0%,99.4%,212,228,95%,97.9%,397,447,80%,100.0%,389,464,85%,98.6%,148,204,90%,80.6%,30%,94.74%,15.00%,10.00%,37.74%,32.00%
USF 2,VIII,317,345,100%,75%,69,100%,0%,151,210,75%,100%,197,253,100%,100%,50%,120,100%,1%,12,100%,60%,25,100%,60%,74,100%,90%,301,382,3%,100.00%,18,100%,75%,189%,7.20,100%,75%,54,100%,100%,62,100%,75%,65,100%,75%,66,100%,75%,68,100%,75%,65,100%,75%,62,100%,75%,1.03,100%,75%,66,100%,75%,8,100%,100%,0.76,100%,75%,67,100%,100%,7,100%,75%,2,100%,75%,3.92,100%,75%,62,100%,75%,66,100%,75%,64,100%,75%,64,100%,75%,16300%,0.8,153,178,80%,100%,240,339,100%,71%,83%,266,350,100%,76%,342,423,100%,81%,257,362,100%,71%,386,460,80%,76%,429,438,100%,72%,411,484,80%,72%,75%,333,383,80%,100%,314,362,80%,100%,100%,213,237,90%,100%,448,487,80%,100%,116,145,80%,100%,124,156,90%,88%,157,205,80%,96%,85%,422%,176,198,80%,100%,244,317,80%,96%,461,476,80%,100%,171.00,241.00,80%,63%,3,70%,100%,115,161,70%,100%,215,253,30%,100%,94%,286,295,90%,70%,93,105,95%,85%,295,318,70%,84%,303.00,333.00,90%,96%,332,415,90%,72%,91%,241,265,60%,82%,14.85,2000%,73%,118,400%,100%,69,800%,76%,358%,367,37,380,95%,91.4%,209,191,90%,100.0%,95.7%,192,256,95%,78.9%,325,370,80%,100.0%,386,460,85%,98.7%,364,401,90%,100.0%,28%,94.74%,15.00%,10.00%,37.74%,32.00%
USF 2,VIII,366,390,100%,75%,69,100%,0%,126,158,75%,100%,414,436,100%,100%,50%,115,100%,1%,12,100%,60%,24,100%,60%,78,100%,90%,261,353,3%,100.00%,18,100%,91%,189%,7.42,100%,75%,55,100%,100%,65,100%,75%,66,100%,75%,64,100%,75%,67,100%,75%,64,100%,75%,62,100%,75%,0.99,100%,75%,64,100%,75%,8,100%,100%,0.77,100%,75%,69,100%,100%,7,100%,75%,2,100%,75%,4.04,100%,75%,64,100%,75%,62,100%,75%,63,100%,75%,65,100%,75%,35800%,0.8,133,185,80%,90%,111,123,100%,90%,83%,148,171,100%,87%,322,371,100%,87%,161,165,100%,98%,99,116,80%,81%,234,252,100%,77%,318,431,80%,80%,85%,345,397,80%,100%,401,432,80%,100%,100%,241,314,90%,85%,248,341,80%,91%,88,121,80%,91%,136,150,90%,100%,414,461,80%,100%,95%,442%,254,331,80%,96%,191,213,80%,100%,226,267,80%,100%,76.00,105.00,80%,63%,3,70%,100%,250,267,70%,100%,138,156,30%,100%,94%,133,140,90%,80%,130,184,95%,95%,86,103,70%,72%,130.00,163.00,90%,95%,336,362,90%,90%,92%,197,222,60%,71%,15.45,2000%,80%,120,400%,100%,31,800%,81%,358%,190,9,191,95%,99.8%,346,314,90%,100.0%,99.9%,185,208,95%,93.6%,389,481,80%,100.0%,100,120,85%,98.0%,119,166,90%,79.7%,29%,94.74%,15.00%,10.00%,37.74%,32.00%
USF 2,VIII,250,256,100%,75%,71,100%,0%,312,363,75%,100%,174,200,100%,100%,50%,118,100%,1%,12,100%,60%,26,100%,60%,72,100%,90%,294,387,3%,100.00%,19,100%,97%,189%,7.80,100%,75%,53,100%,100%,66,100%,75%,64,100%,75%,68,100%,75%,63,100%,75%,64,100%,75%,66,100%,75%,0.99,100%,75%,63,100%,75%,8,100%,100%,0.77,100%,75%,71,100%,100%,7,100%,75%,2,100%,75%,4.16,100%,75%,68,100%,75%,64,100%,75%,66,100%,75%,63,100%,75%,20200%,0.8,158,220,80%,90%,294,382,100%,77%,83%,404,440,100%,92%,176,194,100%,91%,267,372,100%,72%,300,330,80%,73%,186,203,100%,74%,191,246,80%,86%,81%,351,419,80%,100%,306,431,80%,89%,94%,306,340,90%,100%,170,183,80%,100%,123,130,80%,100%,189,211,90%,100%,277,351,80%,99%,91%,429%,93,130,80%,89%,279,318,80%,100%,142,150,80%,100%,207.00,266.00,80%,63%,2,70%,100%,296,361,70%,100%,284,406,30%,100%,93%,426,459,90%,93%,305,347,95%,94%,88,113,70%,81%,321.00,459.00,90%,78%,96,124,90%,93%,91%,85,105,60%,80%,15.45,2000%,87%,128,400%,100%,59,800%,85%,358%,379,7,392,95%,99.9%,413,404,90%,100.0%,99.9%,280,359,95%,82.1%,193,228,80%,100.0%,169,236,85%,84.2%,279,285,90%,100.0%,27%,94.74%,15.00%,10.00%,37.74%,32.00%
USF 3,VIII,103,135,100%,50%,72,100%,0%,119,136,75%,100%,200,275,100%,50%,50%,124,100%,1%,12,100%,60%,24,100%,60%,74,100%,90%,351,413,3%,100.00%,17,100%,98%,189%,7.27,100%,75%,56,100%,100%,66,100%,75%,67,100%,75%,65,100%,75%,66,100%,75%,64,100%,75%,66,100%,75%,0.99,100%,75%,66,100%,75%,8,100%,100%,0.72,100%,75%,70,100%,100%,7,100%,75%,2,100%,75%,3.96,100%,75%,66,100%,75%,64,100%,75%,66,100%,75%,64,100%,75%,47800%,0.8,247,349,80%,88%,134,175,100%,77%,83%,114,118,100%,97%,324,369,100%,88%,357,389,100%,92%,154,174,80%,91%,252,320,100%,98%,161,202,80%,88%,92%,137,166,80%,100%,118,156,80%,95%,97%,338,403,90%,93%,216,278,80%,97%,434,443,80%,100%,176,184,90%,100%,342,450,80%,95%,70%,422%,347,390,80%,100%,275,382,80%,90%,415,437,80%,100%,319.00,390.00,80%,100%,3,70%,100%,241,314,70%,100%,154,215,30%,100%,99%,410,451,90%,83%,176,190,95%,70%,308,391,70%,80%,265.00,289.00,90%,91%,414,488,90%,71%,90%,125,155,60%,74%,14.85,2000%,90%,95,400%,100%,146,800%,74%,358%,295,21,352,95%,81.9%,269,258,90%,100.0%,91.0%,131,178,95%,77.5%,367,383,80%,100.0%,154,180,85%,100.0%,251,292,90%,95.5%,28%,89.74%,10.00%,10.00%,37.74%,32.00%
USF 2,VIII,200,223,100%,75%,71,100%,0%,89,124,75%,100%,217,306,100%,50%,50%,124,100%,1%,12,100%,60%,24,100%,60%,74,100%,90%,165,233,3%,100.00%,18,100%,78%,189%,7.42,100%,75%,54,100%,100%,68,100%,75%,66,100%,75%,66,100%,75%,64,100%,75%,68,100%,75%,62,100%,75%,0.97,100%,75%,63,100%,75%,8,100%,100%,0.73,100%,75%,71,100%,100%,7,100%,75%,2,100%,75%,3.84,100%,75%,65,100%,75%,64,100%,75%,66,100%,75%,63,100%,75%,47100%,0.8,114,143,80%,100%,148,152,100%,97%,83%,133,188,100%,71%,256,264,100%,97%,115,150,100%,77%,150,181,80%,74%,367,483,100%,96%,93,134,80%,82%,83%,418,476,80%,100%,132,154,80%,100%,100%,203,229,90%,98%,314,379,80%,100%,304,423,80%,90%,254,293,90%,96%,477,492,80%,100%,78%,423%,262,313,80%,100%,239,252,80%,100%,231,276,80%,100%,77.00,110.00,80%,63%,2,70%,100%,332,406,70%,100%,194,200,30%,100%,95%,149,159,90%,85%,281,381,95%,89%,126,173,70%,96%,115.00,158.00,90%,74%,160,174,90%,70%,89%,264,373,60%,89%,14.70,2000%,98%,37,400%,100%,117,800%,96%,358%,200,17,187,95%,100.0%,269,256,90%,100.0%,100.0%,263,317,95%,87.3%,115,156,80%,92.1%,139,177,85%,92.4%,322,403,90%,88.8%,27%,94.74%,15.00%,10.00%,37.74%,32.00%
USF 2,VIII,393,402,100%,75%,69,100%,0%,381,465,75%,100%,200,271,100%,50%,50%,119,100%,1%,12,100%,60%,26,100%,60%,72,100%,90%,356,401,3%,100.00%,17,100%,71%,189%,7.58,100%,75%,53,100%,100%,65,100%,75%,62,100%,75%,63,100%,75%,65,100%,75%,64,100%,75%,62,100%,75%,0.98,100%,75%,68,100%,75%,8,100%,100%,0.72,100%,75%,73,100%,100%,7,100%,75%,2,100%,75%,4.04,100%,75%,63,100%,75%,65,100%,75%,67,100%,75%,68,100%,75%,14000%,0.8,367,427,80%,100%,102,117,100%,87%,83%,134,149,100%,90%,182,198,100%,92%,164,193,100%,85%,217,222,80%,97%,144,176,100%,74%,367,432,80%,80%,86%,318,413,80%,96%,241,302,80%,100%,98%,228,269,90%,94%,174,216,80%,100%,401,461,80%,100%,119,157,90%,84%,398,486,80%,100%,82%,429%,199,210,80%,100%,133,178,80%,93%,425,484,80%,100%,206.00,222.00,80%,100%,2,70%,100%,295,416,70%,100%,108,114,30%,100%,99%,327,368,90%,75%,344,367,95%,85%,432,475,70%,82%,309.00,373.00,90%,97%,383,412,90%,91%,94%,157,225,60%,94%,15.00,2000%,73%,121,400%,100%,107,800%,92%,358%,173,18,207,95%,78.8%,127,113,90%,100.0%,89.4%,191,210,95%,95.7%,152,209,80%,90.9%,188,235,85%,94.1%,121,132,90%,100.0%,28%,94.74%,15.00%,10.00%,37.74%,32.00%
USF 4,II,247,281,100%,75%,70,100%,0%,434,483,75%,100%,341,468,100%,50%,50%,120,100%,1%,12,100%,60%,25,100%,60%,75,100%,90%,268,344,3%,100.00%,19,100%,99%,189%,7.35,100%,75%,56,100%,100%,64,100%,75%,64,100%,75%,66,100%,75%,64,100%,75%,66,100%,75%,68,100%,75%,0.99,100%,75%,64,100%,75%,8,100%,100%,0.78,100%,75%,72,100%,100%,7,100%,75%,2,100%,75%,4.04,100%,75%,68,100%,75%,66,100%,75%,68,100%,75%,66,100%,75%,38200%,0.8,366,378,80%,100%,282,301,100%,94%,83%,115,122,100%,94%,256,367,100%,70%,348,383,100%,91%,393,469,80%,82%,397,423,100%,73%,163,202,80%,100%,85%,251,354,80%,89%,125,161,80%,97%,93%,313,435,90%,80%,187,220,80%,100%,82,104,80%,99%,77,102,90%,84%,234,290,80%,100%,90%,430%,118,129,80%,100%,301,391,80%,96%,135,183,80%,92%,375.00,469.00,80%,63%,3,70%,100%,195,225,70%,100%,214,221,30%,100%,93%,191,274,90%,79%,95,107,95%,74%,144,151,70%,98%,289.00,396.00,90%,80%,373,450,90%,96%,94%,259,341,60%,73%,14.70,2000%,95%,74,400%,100%,111,800%,88%,358%,436,20,438,95%,100.0%,420,388,90%,100.0%,100.0%,92,127,95%,76.3%,124,137,80%,100.0%,169,212,85%,93.8%,114,159,90%,79.7%,27%,94.74%,15.00%,10.00%,37.74%,32.00%
USF 3,II,230,295,100%,50%,69,100%,0%,333,351,75%,100%,306,393,100%,100%,50%,118,100%,1%,12,100%,60%,25,100%,60%,73,100%,90%,303,330,3%,100.00%,19,100%,70%,189%,7.20,100%,75%,55,100%,100%,66,100%,75%,64,100%,75%,65,100%,75%,65,100%,75%,63,100%,75%,64,100%,75%,1.00,100%,75%,63,100%,75%,8,100%,100%,0.76,100%,75%,72,100%,100%,7,100%,75%,3,100%,75%,3.92,100%,75%,68,100%,75%,64,100%,75%,64,100%,75%,64,100%,75%,43900%,0.8,411,490,80%,100%,277,380,100%,73%,83%,449,483,100%,93%,163,184,100%,89%,229,249,100%,92%,160,196,80%,89%,216,309,100%,78%,327,431,80%,86%,88%,284,369,80%,96%,345,397,80%,100%,98%,111,117,90%,100%,238,251,80%,100%,229,283,80%,100%,298,427,90%,78%,185,216,80%,100%,97%,445%,382,430,80%,100%,139,150,80%,100%,388,441,80%,100%,361.00,464.00,80%,63%,3,70%,100%,197,260,70%,100%,111,125,30%,100%,95%,256,292,90%,75%,326,430,95%,77%,141,156,70%,90%,204.00,241.00,90%,81%,238,271,90%,77%,90%,270,334,60%,88%,15.00,2000%,97%,80,400%,100%,156,800%,71%,358%,189,7,200,95%,95.8%,288,285,90%,100.0%,97.9%,290,372,95%,82.1%,210,245,80%,100.0%,280,364,85%,90.5%,167,197,90%,94.2%,27%,89.74%,10.00%,10.00%,37.74%,32.00%
USF 3,II,258,291,100%,75%,69,100%,0%,119,168,75%,100%,108,145,100%,0%,0%,125,100%,1%,12,100%,60%,26,100%,60%,76,100%,90%,137,172,3%,100.00%,19,100%,77%,189%,7.50,100%,75%,55,100%,100%,64,100%,75%,65,100%,75%,63,100%,75%,64,100%,75%,64,100%,75%,68,100%,75%,0.98,100%,75%,64,100%,75%,8,100%,100%,0.75,100%,75%,72,100%,100%,7,100%,75%,2,100%,75%,4.04,100%,75%,64,100%,75%,64,100%,75%,68,100%,75%,62,100%,75%,26700%,0.8,308,395,80%,97%,240,329,100%,73%,83%,106,144,100%,74%,197,230,100%,86%,251,265,100%,95%,420,433,80%,94%,295,365,100%,84%,231,297,80%,78%,85%,379,422,80%,100%,339,369,80%,100%,100%,374,487,90%,85%,108,125,80%,100%,192,240,80%,100%,107,145,90%,82%,252,278,80%,100%,100%,447%,292,308,80%,100%,391,496,80%,99%,246,297,80%,100%,301.00,407.00,80%,63%,3,70%,100%,273,391,70%,50%,372,478,30%,100%,87%,395,425,90%,82%,187,220,95%,98%,316,344,70%,99%,349.00,442.00,90%,72%,408,459,90%,93%,86%,98,103,60%,90%,14.40,2000%,89%,38,400%,100%,150,800%,79%,358%,255,20,245,95%,100.0%,282,256,90%,100.0%,100.0%,279,304,95%,96.6%,126,171,80%,92.1%,283,346,85%,96.2%,147,196,90%,83.3%,28%,84.74%,15.00%,0.00%,37.74%,32.00%
USF 3,IV,145,189,100%,50%,69,100%,0%,190,272,75%,100%,439,499,100%,100%,50%,120,100%,1%,12,100%,60%,24,100%,60%,73,100%,90%,200,228,3%,100.00%,18,100%,100%,189%,7.50,100%,75%,55,100%,100%,67,100%,75%,64,100%,75%,62,100%,75%,64,100%,75%,66,100%,75%,62,100%,75%,1.04,100%,75%,65,100%,75%,8,100%,100%,0.74,100%,75%,71,100%,100%,7,100%,75%,3,100%,75%,4.04,100%,75%,64,100%,75%,63,100%,75%,63,100%,75%,67,100%,75%,17000%,0.8,180,210,80%,100%,111,117,100%,95%,83%,290,409,100%,71%,369,440,100%,84%,229,323,100%,71%,294,310,80%,71%,345,407,100%,82%,328,462,80%,70%,75%,342,413,80%,100%,191,202,80%,100%,100%,167,229,90%,81%,96,115,80%,100%,196,216,80%,100%,351,462,90%,84%,270,304,80%,100%,91%,428%,350,433,80%,100%,267,371,80%,90%,237,316,80%,94%,214.00,268.00,80%,63%,2,70%,100%,242,303,70%,100%,345,487,30%,100%,92%,132,166,90%,96%,377,497,95%,79%,248,331,70%,87%,306.00,333.00,90%,70%,215,266,90%,94%,91%,172,198,60%,74%,15.45,2000%,71%,167,400%,100%,170,800%,88%,358%,383,29,403,95%,92.5%,411,370,90%,100.0%,96.2%,300,341,95%,92.6%,321,370,80%,100.0%,218,291,85%,88.1%,231,246,90%,100.0%,28%,89.74%,10.00%,10.00%,37.74%,32.00%
USF 3,IV,171,184,100%,75%,69,100%,0%,329,370,75%,100%,253,298,100%,100%,50%,121,100%,1%,12,100%,60%,25,100%,60%,75,100%,90%,314,449,3%,100.00%,17,100%,88%,189%,7.27,100%,75%,54,100%,100%,67,100%,75%,63,100%,75%,66,100%,75%,64,100%,75%,65,100%,75%,64,100%,75%,0.98,100%,75%,66,100%,75%,8,100%,100%,0.74,100%,75%,68,100%,100%,7,100%,75%,3,100%,75%,4.08,100%,75%,66,100%,75%,62,100%,75%,66,100%,75%,65,100%,75%,19600%,0.8,324,353,80%,100%,352,470,100%,75%,83%,189,197,100%,96%,317,435,100%,73%,156,191,100%,82%,329,383,80%,74%,167,192,100%,88%,392,467,80%,100%,85%,330,418,80%,99%,215,224,80%,100%,99%,336,443,90%,84%,357,376,80%,100%,283,315,80%,100%,168,198,90%,94%,146,176,80%,100%,89%,436%,215,254,80%,100%,362,496,80%,91%,85,108,80%,98%,384.00,405.00,80%,100%,2,70%,100%,230,295,70%,100%,190,217,30%,100%,99%,388,396,90%,96%,100,143,95%,76%,195,212,70%,93%,429.00,499.00,90%,88%,280,289,90%,71%,91%,405,466,60%,97%,14.40,2000%,74%,111,400%,100%,108,800%,74%,358%,258,24,270,95%,91.2%,379,364,90%,100.0%,95.6%,344,367,95%,98.7%,248,345,80%,89.9%,321,346,85%,100.0%,289,345,90%,93.1%,29%,94.74%,15.00%,10.00%,37.74%,32.00%
USF 4,IV,257,314,100%,50%,72,100%,0%,206,215,75%,100%,286,367,100%,100%,50%,124,100%,1%,12,100%,60%,25,100%,60%,72,100%,90%,238,294,3%,100.00%,19,100%,83%,189%,7.58,100%,75%,53,100%,100%,64,100%,75%,63,100%,75%,62,100%,75%,67,100%,75%,66,100%,75%,65,100%,75%,1.04,100%,75%,64,100%,75%,8,100%,100%,0.74,100%,75%,67,100%,100%,7,100%,75%,2,100%,75%,4.00,100%,75%,66,100%,75%,64,100%,75%,66,100%,75%,64,100%,75%,30000%,0.8,185,202,80%,100%,214,219,100%,98%,83%,336,461,100%,73%,260,326,100%,80%,383,441,100%,87%,193,197,80%,71%,256,291,100%,95%,414,494,80%,74%,80%,180,192,80%,100%,423,446,80%,100%,100%,79,112,90%,78%,191,228,80%,100%,456,496,80%,100%,227,256,90%,99%,308,406,80%,95%,76%,418%,280,298,80%,100%,237,245,80%,100%,238,327,80%,91%,204.00,246.00,80%,100%,3,70%,100%,130,140,70%,100%,428,461,30%,100%,99%,359,433,90%,85%,279,321,95%,77%,151,197,70%,99%,372.00,444.00,90%,72%,161,182,90%,98%,93%,123,136,60%,75%,15.45,2000%,100%,177,400%,100%,165,800%,89%,358%,329,21,335,95%,96.8%,284,260,90%,100.0%,98.4%,326,359,95%,95.6%,442,492,80%,100.0%,189,197,85%,100.0%,264,315,90%,93.1%,30%,89.74%,10.00%,10.00%,37.74%,32.00%
USF 6,IV,89,110,100%,50%,67,100%,0%,181,195,75%,100%,324,349,100%,100%,50%,125,100%,1%,12,100%,60%,26,100%,60%,76,100%,90%,178,205,3%,100.00%,19,100%,73%,189%,7.65,100%,75%,53,100%,100%,67,100%,75%,65,100%,75%,65,100%,75%,62,100%,75%,65,100%,75%,65,100%,75%,0.99,100%,75%,67,100%,75%,8,100%,100%,0.73,100%,75%,73,100%,100%,7,100%,75%,3,100%,75%,4.00,100%,75%,66,100%,75%,67,100%,75%,62,100%,75%,62,100%,75%,47400%,0.8,115,158,80%,91%,128,153,100%,84%,83%,312,363,100%,86%,115,148,100%,78%,336,443,100%,76%,105,127,80%,79%,414,493,100%,88%,274,392,80%,99%,84%,202,207,80%,100%,396,451,80%,100%,100%,185,191,90%,100%,362,403,80%,100%,392,485,80%,100%,360,494,90%,81%,99,128,80%,97%,88%,435%,350,433,80%,100%,324,422,80%,96%,431,469,80%,100%,333.00,397.00,80%,100%,2,70%,100%,186,249,70%,100%,418,465,30%,100%,99%,339,346,90%,90%,106,109,95%,78%,131,143,70%,92%,345.00,407.00,90%,86%,96,100,90%,91%,93%,267,347,60%,75%,15.15,2000%,97%,59,400%,100%,71,800%,81%,358%,389,18,427,95%,91.5%,114,107,90%,100.0%,95.7%,259,361,95%,75.5%,171,182,80%,100.0%,216,292,85%,87.0%,404,417,90%,100.0%,26%,89.74%,10.00%,10.00%,37.74%,32.00%
USF 4,V,342,456,100%,50%,70,100%,0%,185,247,75%,100%,164,194,100%,100%,50%,118,100%,1%,12,100%,60%,26,100%,60%,77,100%,90%,230,281,3%,100.00%,18,100%,96%,189%,7.73,100%,75%,56,100%,100%,64,100%,75%,67,100%,75%,63,100%,75%,67,100%,75%,66,100%,75%,65,100%,75%,0.96,100%,75%,65,100%,75%,8,100%,100%,0.76,100%,75%,68,100%,100%,7,100%,75%,2,100%,75%,3.96,100%,75%,64,100%,75%,67,100%,75%,62,100%,75%,62,100%,75%,20200%,0.8,319,456,80%,87%,265,305,100%,87%,83%,325,383,100%,85%,251,326,100%,77%,280,286,100%,98%,101,107,80%,95%,114,163,100%,76%,221,241,80%,89%,87%,219,278,80%,98%,207,284,80%,91%,95%,200,209,90%,100%,436,474,80%,100%,364,486,80%,94%,142,172,90%,92%,255,304,80%,100%,73%,417%,351,390,80%,100%,235,265,80%,100%,284,407,80%,87%,180.00,254.00,80%,63%,3,70%,100%,162,179,70%,100%,87,103,30%,100%,93%,341,474,90%,98%,231,244,95%,94%,243,262,70%,98%,107.00,145.00,90%,93%,400,450,90%,91%,95%,252,308,60%,100%,15.15,2000%,70%,37,400%,100%,55,800%,90%,358%,361,9,410,95%,90.4%,441,432,90%,100.0%,95.2%,392,427,95%,96.6%,120,144,80%,100.0%,102,122,85%,98.4%,360,468,90%,85.5%,29%,89.74%,10.00%,10.00%,37.74%,32.00%
USF 4,V,389,487,100%,50%,68,100%,0%,131,151,75%,100%,271,292,100%,100%,50%,119,100%,1%,12,100%,60%,26,100%,60%,78,100%,90%,148,183,3%,100.00%,19,100%,96%,189%,7.80,100%,75%,57,100%,100%,68,100%,75%,65,100%,75%,62,100%,75%,63,100%,75%,66,100%,75%,62,100%,75%,0.97,100%,75%,65,100%,75%,8,100%,100%,0.74,100%,75%,68,100%,100%,7,100%,75%,2,100%,75%,4.16,100%,75%,63,100%,75%,64,100%,75%,64,100%,75%,65,100%,75%,36400%,0.8,294,392,80%,94%,325,374,100%,87%,83%,271,362,100%,75%,201,258,100%,78%,290,342,100%,85%,225,313,80%,91%,313,412,100%,95%,152,191,80%,70%,82%,169,191,80%,100%,384,432,80%,100%,100%,220,315,90%,78%,349,431,80%,100%,275,309,80%,100%,466,496,90%,100%,106,128,80%,100%,87%,432%,394,454,80%,100%,91,101,80%,100%,216,281,80%,96%,174.00,205.00,80%,100%,3,70%,100%,333,340,70%,100%,321,338,30%,100%,99%,441,455,90%,74%,128,176,95%,92%,322,448,70%,85%,297.00,320.00,90%,78%,353,361,90%,83%,90%,451,470,60%,91%,14.85,2000%,95%,72,400%,100%,161,800%,76%,358%,296,18,335,95%,87.4%,413,372,90%,100.0%,93.7%,148,160,95%,97.4%,375,427,80%,100.0%,293,309,85%,100.0%,263,366,90%,79.8%,30%,89.74%,10.00%,10.00%,37.74%,32.00%
USF 3,V,195,227,100%,75%,68,100%,0%,192,214,75%,100%,155,179,100%,100%,50%,122,100%,1%,12,100%,60%,24,100%,60%,72,100%,90%,286,292,3%,100.00%,19,100%,73%,189%,7.80,100%,75%,56,100%,100%,62,100%,75%,68,100%,75%,66,100%,75%,63,100%,75%,63,100%,75%,65,100%,75%,0.98,100%,75%,64,100%,75%,8,100%,100%,0.78,100%,75%,73,100%,100%,7,100%,75%,3,100%,75%,4.00,100%,75%,66,100%,75%,63,100%,75%,62,100%,75%,68,100%,75%,38600%,0.8,400,440,80%,100%,313,345,100%,91%,83%,436,474,100%,92%,276,373,100%,74%,166,206,100%,81%,257,299,80%,95%,345,380,100%,96%,364,499,80%,90%,88%,378,473,80%,100%,439,483,80%,100%,100%,205,286,90%,80%,317,357,80%,100%,240,276,80%,100%,423,437,90%,100%,366,394,80%,100%,99%,449%,291,410,80%,89%,296,375,80%,99%,219,258,80%,100%,236.00,281.00,80%,100%,2,70%,100%,312,391,70%,100%,233,275,30%,100%,98%,403,412,90%,90%,417,485,95%,93%,302,369,70%,78%,130.00,145.00,90%,98%,333,470,90%,98%,94%,435,463,60%,91%,15.60,2000%,97%,93,400%,100%,126,800%,90%,358%,128,14,120,95%,100.0%,111,105,90%,100.0%,100.0%,205,245,95%,88.1%,276,282,80%,100.0%,393,468,85%,98.8%,382,390,90%,100.0%,29%,94.74%,15.00%,10.00%,37.74%,32.00%
USF 6,V,138,141,100%,75%,68,100%,0%,343,491,75%,100%,337,352,100%,100%,50%,118,100%,1%,12,100%,60%,25,100%,60%,77,100%,90%,235,259,3%,100.00%,19,100%,95%,189%,7.20,100%,75%,56,100%,100%,65,100%,75%,62,100%,75%,67,100%,75%,66,100%,75%,64,100%,75%,66,100%,75%,0.96,100%,75%,66,100%,75%,8,100%,100%,0.73,100%,75%,72,100%,100%,7,100%,75%,2,100%,75%,4.16,100%,75%,63,100%,75%,62,100%,75%,64,100%,75%,65,100%,75%,14800%,0.8,168,189,80%,100%,204,241,100%,85%,83%,133,159,100%,84%,141,188,100%,75%,174,218,100%,80%,225,278,80%,78%,253,282,100%,84%,321,335,80%,98%,83%,289,302,80%,100%,196,209,80%,100%,100%,295,389,90%,84%,237,253,80%,100%,344,370,80%,100%,226,233,90%,100%,397,432,80%,100%,95%,441%,323,437,80%,92%,81,116,80%,87%,308,372,80%,100%,163.00,202.00,80%,100%,3,70%,100%,113,147,70%,100%,383,395,30%,100%,97%,308,417,90%,89%,127,170,95%,94%,99,133,70%,74%,270.00,322.00,90%,74%,96,127,90%,71%,86%,353,431,60%,81%,14.55,2000%,86%,119,400%,100%,44,800%,72%,358%,316,17,361,95%,87.2%,127,114,90%,100.0%,93.6%,278,382,95%,76.6%,111,125,80%,100.0%,249,255,85%,100.0%,272,349,90%,86.6%,28%,94.74%,15.00%,10.00%,37.74%,32.00%
USF 4,VI,110,127,100%,75%,71,100%,0%,318,431,75%,100%,95,124,100%,100%,50%,119,100%,1%,12,100%,60%,25,100%,60%,74,100%,90%,153,162,3%,100.00%,18,100%,94%,189%,7.20,100%,75%,54,100%,100%,66,100%,75%,62,100%,75%,63,100%,75%,66,100%,75%,66,100%,75%,66,100%,75%,0.98,100%,75%,62,100%,75%,8,100%,100%,0.73,100%,75%,72,100%,100%,7,100%,75%,2,100%,75%,3.92,100%,75%,66,100%,75%,66,100%,75%,63,100%,75%,67,100%,75%,14100%,0.8,227,247,80%,100%,298,369,100%,81%,83%,323,420,100%,77%,304,423,100%,72%,116,159,100%,73%,249,280,80%,77%,171,212,100%,78%,164,179,80%,95%,79%,254,292,80%,100%,121,162,80%,93%,97%,409,418,90%,100%,415,437,80%,100%,330,403,80%,100%,389,433,90%,100%,95,102,80%,100%,97%,435%,192,235,80%,100%,453,493,80%,100%,210,237,80%,100%,152.00,162.00,80%,100%,3,70%,100%,385,410,70%,100%,384,418,30%,100%,100%,245,256,90%,85%,210,292,95%,85%,296,319,70%,84%,459.00,489.00,90%,71%,210,267,90%,99%,91%,182,234,60%,76%,15.60,2000%,87%,60,400%,100%,162,800%,70%,358%,265,30,280,95%,88.3%,131,124,90%,100.0%,94.2%,185,254,95%,76.7%,94,128,80%,91.8%,469,494,85%,100.0%,157,195,90%,89.5%,27%,94.74%,15.00%,10.00%,37.74%,32.00%
USF 3,VII,174,196,100%,75%,70,100%,0%,310,323,75%,100%,223,243,100%,100%,50%,116,100%,1%,12,100%,60%,25,100%,60%,76,100%,90%,159,222,3%,100.00%,19,100%,82%,189%,7.42,100%,75%,55,100%,100%,64,100%,75%,67,100%,75%,64,100%,75%,65,100%,75%,68,100%,75%,63,100%,75%,0.96,100%,75%,68,100%,75%,8,100%,100%,0.75,100%,75%,69,100%,100%,7,100%,75%,3,100%,75%,4.04,100%,75%,63,100%,75%,68,100%,75%,63,100%,75%,66,100%,75%,18800%,0.8,317,361,80%,100%,169,226,100%,75%,83%,263,310,100%,85%,382,450,100%,85%,228,246,100%,93%,287,316,80%,83%,133,185,100%,97%,115,138,80%,100%,90%,323,376,80%,100%,280,346,80%,100%,100%,279,318,90%,97%,264,291,80%,100%,341,407,80%,100%,174,201,90%,96%,102,123,80%,100%,74%,427%,162,191,80%,100%,384,437,80%,100%,368,478,80%,96%,391.00,425.00,80%,100%,2,70%,100%,205,216,70%,100%,244,260,30%,100%,99%,196,234,90%,74%,87,114,95%,76%,298,421,70%,100%,353.00,478.00,90%,77%,197,278,90%,85%,92%,278,328,60%,80%,15.00,2000%,70%,55,400%,100%,154,800%,84%,358%,217,25,212,95%,95.3%,469,418,90%,100.0%,97.7%,410,494,95%,87.4%,294,364,80%,100.0%,408,425,85%,100.0%,187,211,90%,98.5%,29%,94.74%,15.00%,10.00%,37.74%,32.00%
USF 5,VII,154,193,100%,50%,71,100%,0%,346,398,75%,100%,332,462,100%,50%,50%,120,100%,1%,12,100%,60%,26,100%,60%,74,100%,90%,398,443,3%,100.00%,19,100%,89%,189%,7.73,100%,75%,53,100%,100%,66,100%,75%,64,100%,75%,64,100%,75%,66,100%,75%,67,100%,75%,63,100%,75%,1.04,100%,75%,66,100%,75%,8,100%,100%,0.77,100%,75%,70,100%,100%,7,100%,75%,2,100%,75%,3.92,100%,75%,66,100%,75%,66,100%,75%,62,100%,75%,64,100%,75%,48900%,0.8,127,175,80%,91%,439,483,100%,91%,83%,187,195,100%,96%,312,434,100%,72%,172,210,100%,82%,116,167,80%,84%,218,267,100%,74%,278,313,80%,74%,80%,142,145,80%,100%,205,263,80%,97%,99%,400,409,90%,100%,252,284,80%,100%,306,344,80%,100%,478,498,90%,100%,189,249,80%,95%,79%,420%,331,386,80%,100%,111,130,80%,100%,92,115,80%,100%,223.00,260.00,80%,100%,2,70%,100%,160,164,70%,100%,342,450,30%,100%,100%,111,147,90%,80%,430,468,95%,84%,262,350,70%,98%,300.00,349.00,90%,85%,358,422,90%,94%,95%,257,362,60%,70%,14.70,2000%,84%,42,400%,100%,103,800%,98%,358%,160,15,184,95%,83.0%,296,266,90%,100.0%,91.5%,163,178,95%,96.4%,154,196,80%,98.2%,387,395,85%,100.0%,374,407,90%,100.0%,29%,89.74%,10.00%,10.00%,37.74%,32.00%
USF 3,VII,410,441,100%,75%,71,100%,0%,104,143,75%,100%,243,287,100%,100%,50%,116,100%,1%,12,100%,60%,26,100%,60%,73,100%,90%,233,334,3%,100.00%,18,100%,99%,189%,7.35,100%,75%,53,100%,100%,64,100%,75%,67,100%,75%,65,100%,75%,62,100%,75%,62,100%,75%,64,100%,75%,0.99,100%,75%,67,100%,75%,8,100%,100%,0.75,100%,75%,71,100%,100%,7,100%,75%,3,100%,75%,4.16,100%,75%,66,100%,75%,62,100%,75%,63,100%,75%,65,100%,75%,15600%,0.8,313,352,80%,100%,339,441,100%,77%,83%,277,342,100%,81%,370,394,100%,94%,187,215,100%,87%,213,235,80%,78%,253,267,100%,79%,128,135,80%,89%,85%,306,326,80%,100%,143,191,80%,94%,97%,286,305,90%,100%,431,474,80%,100%,295,410,80%,90%,353,372,90%,100%,240,325,80%,92%,98%,442%,96,125,80%,96%,257,335,80%,96%,291,378,80%,96%,182.00,246.00,80%,63%,3,70%,100%,370,426,70%,100%,185,199,30%,100%,93%,159,228,90%,96%,358,381,95%,88%,201,229,70%,86%,390.00,459.00,90%,99%,188,209,90%,95%,95%,334,446,60%,96%,14.70,2000%,99%,63,400%,100%,78,800%,89%,358%,319,29,309,95%,98.8%,172,160,90%,100.0%,99.4%,408,430,95%,99.9%,156,168,80%,100.0%,170,203,85%,98.5%,212,279,90%,84.4%,30%,94.74%,15.00%,10.00%,37.74%,32.00%
USF 4,VII,205,221,100%,75%,69,100%,0%,272,317,75%,100%,231,317,100%,50%,50%,120,100%,1%,12,100%,60%,24,100%,60%,78,100%,90%,300,418,3%,100.00%,18,100%,87%,189%,7.50,100%,75%,56,100%,100%,64,100%,75%,62,100%,75%,66,100%,75%,65,100%,75%,66,100%,75%,68,100%,75%,0.97,100%,75%,64,100%,75%,8,100%,100%,0.75,100%,75%,72,100%,100%,7,100%,75%,3,100%,75%,4.16,100%,75%,65,100%,75%,67,100%,75%,64,100%,75%,67,100%,75%,34900%,0.8,406,496,80%,100%,245,251,100%,98%,83%,302,383,100%,79%,141,189,100%,75%,373,397,100%,94%,132,152,80%,75%,239,260,100%,79%,227,284,80%,82%,81%,93,131,80%,89%,365,402,80%,100%,94%,179,185,90%,100%,320,411,80%,97%,236,315,80%,94%,367,413,90%,99%,326,393,80%,100%,79%,416%,293,414,80%,88%,147,150,80%,100%,344,363,80%,100%,225.00,240.00,80%,100%,3,70%,100%,382,394,70%,100%,97,134,30%,100%,98%,117,155,90%,91%,384,432,95%,93%,336,437,70%,80%,324.00,335.00,90%,92%,352,396,90%,88%,92%,248,282,60%,89%,14.55,2000%,96%,149,400%,100%,178,800%,76%,358%,342,27,325,95%,100.0%,148,142,90%,100.0%,100.0%,244,318,95%,80.8%,150,169,80%,100.0%,307,404,85%,89.4%,296,361,90%,91.1%,27%,94.74%,15.00%,10.00%,37.74%,32.00%
USF 4,VII,281,380,100%,50%,71,100%,0%,117,149,75%,100%,103,109,100%,100%,50%,122,100%,1%,12,100%,60%,24,100%,60%,75,100%,90%,364,400,3%,100.00%,18,100%,77%,189%,7.27,100%,75%,55,100%,100%,68,100%,75%,64,100%,75%,64,100%,75%,66,100%,75%,65,100%,75%,63,100%,75%,1.02,100%,75%,68,100%,75%,8,100%,100%,0.77,100%,75%,70,100%,100%,7,100%,75%,3,100%,75%,3.96,100%,75%,65,100%,75%,64,100%,75%,68,100%,75%,66,100%,75%,25900%,0.8,367,465,80%,99%,265,292,100%,91%,83%,289,345,100%,84%,197,274,100%,72%,301,321,100%,94%,127,143,80%,91%,93,125,100%,83%,93,124,80%,83%,84%,128,161,80%,99%,174,213,80%,100%,100%,203,254,90%,89%,322,336,80%,100%,155,197,80%,98%,332,339,90%,100%,415,457,80%,100%,79%,426%,243,254,80%,100%,267,294,80%,100%,217,268,80%,100%,368.00,401.00,80%,100%,3,70%,100%,233,241,70%,100%,84,110,30%,100%,100%,192,219,90%,74%,177,231,95%,71%,275,287,70%,73%,131.00,146.00,90%,73%,383,421,90%,88%,88%,161,197,60%,75%,14.40,2000%,74%,136,400%,100%,160,800%,100%,358%,338,11,372,95%,92.5%,177,177,90%,100.0%,96.3%,121,137,95%,93.0%,369,393,80%,100.0%,142,188,85%,88.9%,330,394,90%,93.1%,28%,89.74%,10.00%,10.00%,37.74%,32.00%
USF 4,VII,382,467,100%,50%,69,100%,0%,254,363,75%,100%,286,308,100%,100%,50%,115,100%,1%,12,100%,60%,25,100%,60%,76,100%,90%,219,255,3%,100.00%,18,100%,96%,189%,7.80,100%,75%,54,100%,100%,62,100%,75%,65,100%,75%,63,100%,75%,62,100%,75%,67,100%,75%,68,100%,75%,1.04,100%,75%,65,100%,75%,8,100%,100%,0.73,100%,75%,73,100%,100%,7,100%,75%,2,100%,75%,3.96,100%,75%,65,100%,75%,66,100%,75%,66,100%,75%,66,100%,75%,39700%,0.8,420,467,80%,100%,261,272,100%,96%,83%,204,273,100%,75%,348,459,100%,76%,336,401,100%,84%,192,224,80%,79%,170,216,100%,81%,377,466,80%,100%,82%,167,239,80%,87%,282,382,80%,92%,90%,245,292,90%,93%,357,497,80%,90%,97,136,80%,89%,185,232,90%,89%,303,333,80%,100%,76%,411%,392,441,80%,100%,179,209,80%,100%,245,267,80%,100%,266.00,306.00,80%,100%,3,70%,100%,228,246,70%,100%,415,472,30%,100%,100%,295,325,90%,91%,133,171,95%,83%,300,376,70%,81%,215.00,222.00,90%,86%,211,249,90%,86%,91%,330,424,60%,83%,14.70,2000%,86%,159,400%,100%,60,800%,86%,358%,220,30,251,95%,79.7%,128,126,90%,100.0%,89.8%,269,337,95%,84.0%,151,163,80%,100.0%,137,178,85%,90.5%,303,422,90%,79.8%,27%,89.74%,10.00%,10.00%,37.74%,32.00%
USF 4,VII,319,367,100%,75%,69,100%,0%,127,161,75%,100%,254,344,100%,50%,50%,115,100%,1%,12,100%,60%,24,100%,60%,77,100%,90%,327,436,3%,100.00%,18,100%,74%,189%,7.58,100%,75%,53,100%,100%,64,100%,75%,64,100%,75%,66,100%,75%,66,100%,75%,62,100%,75%,64,100%,75%,1.04,100%,75%,62,100%,75%,8,100%,100%,0.77,100%,75%,69,100%,100%,7,100%,75%,3,100%,75%,4.00,100%,75%,65,100%,75%,64,100%,75%,64,100%,75%,64,100%,75%,13300%,0.8,297,413,80%,90%,425,489,100%,87%,83%,213,274,100%,78%,360,450,100%,80%,306,426,100%,72%,202,274,80%,75%,271,302,100%,85%,203,279,80%,97%,81%,382,425,80%,100%,177,211,80%,100%,100%,161,192,90%,93%,477,487,80%,100%,111,159,80%,87%,324,353,90%,100%,92,106,80%,100%,73%,417%,133,173,80%,96%,312,390,80%,100%,191,270,80%,88%,109.00,134.00,80%,100%,3,70%,100%,112,131,70%,100%,173,244,30%,100%,98%,252,269,90%,84%,162,219,95%,100%,374,487,70%,71%,300.00,353.00,90%,86%,436,469,90%,85%,90%,261,374,60%,92%,14.85,2000%,89%,53,400%,100%,109,800%,86%,358%,407,21,420,95%,96.7%,274,256,90%,100.0%,98.4%,341,443,95%,81.0%,245,332,80%,92.2%,150,201,85%,87.8%,163,195,90%,92.9%,26%,94.74%,15.00%,10.00%,37.74%,32.00%
USF 3,VIII,99,126,100%,50%,68,100%,0%,315,347,75%,100%,168,179,100%,100%,50%,119,100%,1%,12,100%,60%,25,100%,60%,74,100%,90%,193,204,3%,100.00%,17,100%,99%,189%,7.35,100%,75%,57,100%,100%,64,100%,75%,64,100%,75%,64,100%,75%,68,100%,75%,62,100%,75%,67,100%,75%,0.98,100%,75%,63,100%,75%,8,100%,100%,0.73,100%,75%,73,100%,100%,7,100%,75%,3,100%,75%,4.08,100%,75%,64,100%,75%,62,100%,75%,68,100%,75%,66,100%,75%,37700%,0.8,349,384,80%,100%,359,374,100%,96%,83%,150,196,100%,77%,140,151,100%,93%,251,296,100%,85%,124,147,80%,81%,89,104,100%,100%,100,105,80%,95%,88%,162,223,80%,91%,188,251,80%,94%,92%,221,226,90%,100%,268,327,80%,100%,87,102,80%,100%,284,313,90%,100%,132,154,80%,100%,72%,415%,290,354,80%,100%,191,210,80%,100%,133,141,80%,100%,403.00,416.00,80%,100%,3,70%,100%,459,484,70%,100%,329,343,30%,100%,100%,137,142,90%,84%,446,475,95%,84%,347,399,70%,99%,107.00,125.00,90%,94%,286,341,90%,80%,94%,185,216,60%,80%,15.45,2000%,88%,99,400%,100%,55,800%,74%,358%,265,10,311,95%,86.3%,488,447,90%,100.0%,93.2%,134,149,95%,94.7%,145,153,80%,100.0%,203,254,85%,94.0%,279,329,90%,94.2%,29%,89.74%,10.00%,10.00%,37.74%,32.00%
USF 3,VIII,169,178,100%,75%,73,100%,0%,135,141,75%,100%,340,426,100%,100%,50%,122,100%,1%,12,100%,60%,25,100%,60%,72,100%,90%,264,281,3%,100.00%,18,100%,83%,189%,7.65,100%,75%,54,100%,100%,68,100%,75%,65,100%,75%,68,100%,75%,66,100%,75%,68,100%,75%,62,100%,75%,1.04,100%,75%,66,100%,75%,8,100%,100%,0.75,100%,75%,71,100%,100%,7,100%,75%,3,100%,75%,3.92,100%,75%,67,100%,75%,67,100%,75%,66,100%,75%,65,100%,75%,39400%,0.8,327,414,80%,99%,345,388,100%,89%,83%,274,386,100%,71%,189,246,100%,77%,95,115,100%,83%,397,491,80%,77%,232,261,100%,100%,222,285,80%,85%,82%,205,248,80%,100%,357,470,80%,95%,97%,336,481,90%,78%,280,305,80%,100%,279,297,80%,100%,368,479,90%,85%,310,353,80%,100%,70%,412%,201,288,80%,87%,251,262,80%,100%,258,354,80%,91%,176.00,208.00,80%,100%,2,70%,100%,98,100,70%,100%,346,361,30%,100%,97%,319,444,90%,83%,115,118,95%,81%,117,135,70%,92%,297.00,354.00,90%,79%,208,257,90%,96%,93%,355,462,60%,97%,15.15,2000%,76%,155,400%,100%,83,800%,75%,358%,237,29,258,95%,84.9%,180,163,90%,100.0%,92.4%,246,304,95%,85.2%,288,301,80%,100.0%,186,190,85%,100.0%,238,262,90%,100.0%,29%,94.74%,15.00%,10.00%,37.74%,32.00%
USF 3,VIII,204,253,100%,50%,68,100%,0%,280,384,75%,100%,119,122,100%,100%,50%,124,100%,1%,12,100%,60%,26,100%,60%,75,100%,90%,251,322,3%,100.00%,18,100%,91%,189%,7.73,100%,75%,57,100%,100%,65,100%,75%,67,100%,75%,62,100%,75%,67,100%,75%,65,100%,75%,66,100%,75%,1.04,100%,75%,66,100%,75%,8,100%,100%,0.77,100%,75%,68,100%,100%,7,100%,75%,3,100%,75%,4.08,100%,75%,66,100%,75%,66,100%,75%,66,100%,75%,63,100%,75%,25400%,0.8,213,218,80%,100%,359,395,100%,91%,83%,176,192,100%,92%,314,349,100%,90%,262,375,100%,70%,427,455,80%,85%,340,466,100%,97%,115,150,80%,89%,87%,102,125,80%,100%,357,420,80%,100%,100%,253,298,90%,94%,197,222,80%,100%,203,287,80%,88%,90,128,90%,78%,424,433,80%,100%,95%,445%,291,374,80%,97%,321,374,80%,100%,318,424,80%,94%,373.00,406.00,80%,100%,2,70%,100%,204,218,70%,100%,123,171,30%,100%,99%,237,300,90%,93%,365,381,95%,81%,311,405,70%,82%,145.00,164.00,90%,100%,387,445,90%,80%,92%,276,325,60%,92%,15.45,2000%,84%,109,400%,100%,40,800%,95%,358%,219,17,236,95%,90.1%,242,234,90%,100.0%,95.0%,372,444,95%,88.2%,303,357,80%,100.0%,161,165,85%,100.0%,323,380,90%,94.4%,29%,89.74%,10.00%,10.00%,37.74%,32.00%
USF 3,VIII,196,245,100%,50%,72,100%,0%,175,195,75%,100%,288,320,100%,100%,50%,115,100%,1%,12,100%,60%,25,100%,60%,77,100%,90%,310,408,3%,100.00%,19,100%,96%,189%,7.42,100%,75%,57,100%,100%,67,100%,75%,64,100%,75%,67,100%,75%,66,100%,75%,66,100%,75%,66,100%,75%,0.97,100%,75%,64,100%,75%,8,100%,100%,0.74,100%,75%,71,100%,100%,7,100%,75%,2,100%,75%,3.88,100%,75%,64,100%,75%,68,100%,75%,65,100%,75%,66,100%,75%,23200%,0.8,99,138,80%,90%,388,432,100%,90%,83%,256,298,100%,86%,253,329,100%,77%,103,107,100%,96%,227,237,80%,91%,201,288,100%,90%,213,227,80%,91%,89%,268,358,80%,94%,220,276,80%,100%,97%,270,291,90%,100%,202,222,80%,100%,214,236,80%,100%,291,347,90%,93%,363,423,80%,100%,81%,429%,105,117,80%,100%,136,169,80%,100%,257,335,80%,96%,329.00,452.00,80%,63%,3,70%,100%,121,133,70%,100%,393,457,30%,100%,94%,144,162,90%,98%,291,351,95%,98%,223,230,70%,82%,134.00,184.00,90%,96%,237,250,90%,96%,94%,315,426,60%,76%,15.60,2000%,89%,77,400%,100%,57,800%,79%,358%,391,39,387,95%,95.7%,157,145,90%,100.0%,97.9%,315,394,95%,84.2%,128,130,80%,100.0%,195,199,85%,100.0%,317,392,90%,89.9%,28%,89.74%,10.00%,10.00%,37.74%,32.00%
USF 4,VIII,112,118,100%,75%,69,100%,0%,262,346,75%,100%,402,424,100%,100%,50%,118,100%,1%,12,100%,60%,25,100%,60%,75,100%,90%,258,323,3%,100.00%,19,100%,83%,189%,7.42,100%,75%,56,100%,100%,66,100%,75%,66,100%,75%,66,100%,75%,68,100%,75%,63,100%,75%,67,100%,75%,0.99,100%,75%,64,100%,75%,8,100%,100%,0.77,100%,75%,68,100%,100%,7,100%,75%,2,100%,75%,4.12,100%,75%,64,100%,75%,65,100%,75%,62,100%,75%,66,100%,75%,26800%,0.8,332,475,80%,87%,326,447,100%,73%,83%,140,165,100%,85%,424,499,100%,85%,230,307,100%,75%,418,498,80%,71%,347,370,100%,70%,132,143,80%,91%,79%,253,306,80%,100%,91,103,80%,100%,100%,310,341,90%,100%,79,102,80%,97%,282,336,80%,100%,88,119,90%,82%,158,191,80%,100%,95%,437%,206,240,80%,100%,336,455,80%,92%,76,100,80%,95%,270.00,342.00,80%,63%,2,70%,100%,274,316,70%,100%,360,424,30%,100%,93%,466,476,90%,80%,258,331,95%,83%,144,166,70%,71%,174.00,230.00,90%,98%,396,467,90%,99%,93%,410,467,60%,96%,15.60,2000%,97%,178,400%,100%,41,800%,78%,358%,308,25,311,95%,95.8%,202,192,90%,100.0%,97.9%,87,122,95%,75.1%,169,235,80%,89.9%,169,235,85%,84.6%,225,265,90%,94.3%,25%,94.74%,15.00%,10.00%,37.74%,32.00%
USF 3,VIII,201,280,100%,50%,71,100%,0%,192,247,75%,100%,168,200,100%,100%,50%,122,100%,1%,12,100%,60%,25,100%,60%,77,100%,90%,252,284,3%,100.00%,17,100%,95%,189%,7.42,100%,75%,55,100%,100%,67,100%,75%,66,100%,75%,65,100%,75%,68,100%,75%,65,100%,75%,63,100%,75%,1.02,100%,75%,67,100%,75%,8,100%,100%,0.77,100%,75%,71,100%,100%,7,100%,75%,3,100%,75%,4.12,100%,75%,62,100%,75%,65,100%,75%,68,100%,75%,65,100%,75%,13900%,0.8,393,452,80%,100%,234,300,100%,78%,83%,378,491,100%,77%,157,192,100%,82%,103,106,100%,97%,320,341,80%,91%,123,169,100%,81%,157,187,80%,80%,85%,322,358,80%,100%,274,366,80%,94%,97%,125,167,90%,83%,157,225,80%,87%,206,291,80%,88%,140,171,90%,91%,112,122,80%,100%,77%,421%,329,362,80%,100%,178,238,80%,93%,438,467,80%,100%,392.00,467.00,80%,100%,2,70%,100%,348,375,70%,100%,167,174,30%,100%,99%,287,351,90%,82%,161,230,95%,90%,379,412,70%,79%,97.00,111.00,90%,88%,415,489,90%,86%,91%,349,499,60%,87%,14.85,2000%,95%,165,400%,100%,177,800%,79%,358%,317,18,374,95%,84.2%,222,215,90%,100.0%,92.1%,226,290,95%,82.0%,338,342,80%,100.0%,210,281,85%,87.9%,323,395,90%,90.9%,27%,89.74%,10.00%,10.00%,37.74%,32.00%
USF 3,VIII,344,448,100%,50%,70,100%,0%,279,373,75%,100%,307,433,100%,50%,50%,115,100%,1%,12,100%,60%,25,100%,60%,75,100%,90%,189,208,3%,100.00%,18,100%,78%,189%,7.65,100%,75%,54,100%,100%,64,100%,75%,65,100%,75%,63,100%,75%,62,100%,75%,67,100%,75%,66,100%,75%,1.02,100%,75%,68,100%,75%,8,100%,100%,0.76,100%,75%,68,100%,100%,7,100%,75%,2,100%,75%,4.08,100%,75%,66,100%,75%,68,100%,75%,62,100%,75%,62,100%,75%,48800%,0.8,424,482,80%,100%,241,278,100%,87%,83%,441,491,100%,90%,241,340,100%,71%,381,483,100%,79%,336,480,80%,70%,92,125,100%,98%,283,364,80%,82%,82%,147,182,80%,100%,346,357,80%,100%,100%,282,377,90%,83%,113,157,80%,90%,105,141,80%,93%,197,235,90%,93%,138,163,80%,100%,84%,428%,244,306,80%,100%,166,194,80%,100%,202,220,80%,100%,327.00,356.00,80%,100%,3,70%,100%,382,491,70%,100%,383,457,30%,100%,100%,188,222,90%,97%,227,307,95%,89%,289,371,70%,83%,332.00,396.00,90%,98%,359,382,90%,94%,94%,117,161,60%,75%,14.40,2000%,81%,138,400%,100%,58,800%,80%,358%,222,15,233,95%,93.5%,457,443,90%,100.0%,96.8%,153,189,95%,85.2%,194,243,80%,99.8%,98,120,85%,96.1%,246,252,90%,100.0%,28%,89.74%,10.00%,10.00%,37.74%,32.00%
USF 4,VIII,195,213,100%,75%,73,100%,0%,130,177,75%,100%,121,124,100%,100%,50%,116,100%,1%,12,100%,60%,25,100%,60%,77,100%,90%,204,215,3%,100.00%,18,100%,86%,189%,7.35,100%,75%,54,100%,100%,68,100%,75%,66,100%,75%,66,100%,75%,68,100%,75%,64,100%,75%,64,100%,75%,1.01,100%,75%,66,100%,75%,8,100%,100%,0.73,100%,75%,72,100%,100%,7,100%,75%,3,100%,75%,3.88,100%,75%,62,100%,75%,62,100%,75%,66,100%,75%,66,100%,75%,151,0.8,223,294,80%,95%,300,362,100%,83%,83%,196,200,100%,98%,325,446,100%,73%,208,290,100%,72%,150,204,80%,83%,378,420,100%,74%,161,205,80%,73%,79%,247,353,80%,87%,134,137,80%,100%,94%,290,346,90%,93%,401,478,80%,100%,355,444,80%,100%,108,118,90%,100%,335,436,80%,96%,71%,406%,326,389,80%,100%,131,155,80%,100%,135,169,80%,100%,155.00,169.00,80%,100%,3,70%,100%,132,146,70%,100%,301,431,30%,100%,100%,301,431,90%,73%,339,381,95%,76%,356,405,70%,88%,226.00,280.00,90%,92%,182,223,90%,81%,92%,256,366,60%,79%,14.55,2000%,88%,79,400%,100%,162,800%,82%,358%,330,10,373,95%,90.3%,472,429,90%,100.0%,95.2%,188,222,95%,89.1%,188,192,80%,100.0%,236,249,85%,100.0%,208,285,90%,81.1%,29%,94.74%,15.00%,10.00%,37.74%,32.00%
USF 4,VIII,254,262,100%,75%,71,100%,0%,234,242,75%,100%,320,382,100%,100%,50%,115,100%,1%,12,100%,60%,24,100%,60%,74,100%,90%,187,253,3%,100.00%,18,100%,86%,189%,7.20,100%,75%,56,100%,100%,64,100%,75%,66,100%,75%,67,100%,75%,65,100%,75%,65,100%,75%,62,100%,75%,0.98,100%,75%,66,100%,75%,8,100%,100%,0.77,100%,75%,71,100%,100%,7,100%,75%,3,100%,75%,3.84,100%,75%,68,100%,75%,68,100%,75%,63,100%,75%,64,100%,75%,33900%,0.8,291,343,80%,100%,102,119,100%,86%,83%,180,232,100%,78%,405,431,100%,94%,297,413,100%,72%,149,164,80%,92%,110,135,100%,89%,294,320,80%,95%,87%,198,239,80%,100%,245,341,80%,90%,95%,96,132,90%,81%,211,268,80%,98%,247,344,80%,90%,179,216,90%,92%,328,378,80%,100%,90%,434%,366,488,80%,94%,373,385,80%,100%,319,456,80%,87%,134.00,166.00,80%,100%,2,70%,100%,362,459,70%,100%,123,167,30%,100%,97%,288,314,90%,84%,390,488,95%,83%,192,271,70%,76%,239.00,337.00,90%,90%,319,380,90%,79%,90%,228,317,60%,93%,15.00,2000%,89%,77,400%,100%,50,800%,93%,358%,201,16,224,95%,86.9%,289,277,90%,100.0%,93.5%,177,240,95%,77.6%,396,409,80%,100.0%,441,491,85%,100.0%,334,435,90%,85.3%,28%,94.74%,15.00%,10.00%,37.74%,32.00%
USF 4,I,204,256,100%,50%,69,100%,0%,397,491,75%,100%,249,283,100%,100%,50%,121,100%,1%,12,100%,60%,25,100%,60%,77,100%,90%,144,151,3%,100.00%,18,100%,100%,189%,7.42,100%,75%,56,100%,100%,67,100%,75%,64,100%,75%,67,100%,75%,68,100%,75%,66,100%,75%,64,100%,75%,1.00,100%,75%,63,100%,75%,8,100%,100%,0.72,100%,75%,68,100%,100%,7,100%,75%,3,100%,75%,4.12,100%,75%,64,100%,75%,64,100%,75%,63,100%,75%,62,100%,75%,42600%,0.8,343,378,80%,100%,328,373,100%,88%,83%,174,180,100%,97%,226,231,100%,98%,216,264,100%,82%,209,246,80%,89%,271,352,100%,89%,309,436,80%,85%,90%,190,200,80%,100%,143,159,80%,100%,100%,217,256,90%,94%,269,364,80%,92%,100,106,80%,100%,284,400,90%,79%,208,213,80%,100%,88%,440%,268,378,80%,89%,209,218,80%,100%,318,358,80%,100%,260.00,321.00,80%,100%,3,70%,100%,372,490,70%,100%,178,218,30%,100%,98%,296,333,90%,92%,246,254,95%,79%,110,121,70%,80%,122.00,159.00,90%,92%,216,301,90%,74%,90%,188,235,60%,84%,14.40,2000%,86%,178,400%,100%,150,800%,92%,358%,226,5,238,95%,97.7%,129,124,90%,100.0%,98.9%,349,364,95%,100.0%,422,445,80%,100.0%,462,492,85%,100.0%,228,236,90%,100.0%,30%,89.74%,10.00%,10.00%,37.74%,32.00%
USF 4,II,349,357,100%,75%,69,100%,0%,173,220,75%,100%,146,172,100%,100%,50%,115,100%,1%,12,100%,60%,25,100%,60%,76,100%,90%,467,487,3%,100.00%,17,100%,94%,189%,7.58,100%,75%,53,100%,100%,66,100%,75%,64,100%,75%,62,100%,75%,66,100%,75%,64,100%,75%,65,100%,75%,1.03,100%,75%,64,100%,75%,8,100%,100%,0.75,100%,75%,72,100%,100%,7,100%,75%,3,100%,75%,3.88,100%,75%,64,100%,75%,63,100%,75%,64,100%,75%,64,100%,75%,10600%,0.8,424,494,80%,100%,152,184,100%,83%,83%,324,401,100%,81%,122,161,100%,76%,95,127,100%,75%,316,323,80%,72%,101,124,100%,96%,282,325,80%,88%,81%,274,352,80%,97%,135,152,80%,100%,99%,141,154,90%,100%,382,398,80%,100%,110,155,80%,89%,247,326,90%,84%,179,204,80%,100%,86%,428%,176,205,80%,100%,306,378,80%,100%,203,258,80%,98%,166.00,216.00,80%,63%,3,70%,100%,229,315,70%,100%,161,175,30%,100%,94%,391,496,90%,100%,307,346,95%,79%,168,234,70%,95%,291.00,355.00,90%,81%,209,276,90%,83%,92%,422,486,60%,85%,15.00,2000%,90%,137,400%,100%,101,800%,83%,358%,133,6,158,95%,84.6%,369,348,90%,100.0%,92.3%,223,272,95%,86.3%,229,277,80%,100.0%,178,229,85%,91.4%,153,170,90%,100.0%,28%,94.74%,15.00%,10.00%,37.74%,32.00%
USF 5,II,396,489,100%,50%,69,100%,0%,313,387,75%,100%,227,295,100%,100%,50%,120,100%,1%,12,100%,60%,25,100%,60%,76,100%,90%,142,203,3%,100.00%,18,100%,84%,189%,7.27,100%,75%,54,100%,100%,62,100%,75%,66,100%,75%,65,100%,75%,68,100%,75%,64,100%,75%,64,100%,75%,1.03,100%,75%,64,100%,75%,8,100%,100%,0.73,100%,75%,68,100%,100%,7,100%,75%,2,100%,75%,3.88,100%,75%,65,100%,75%,64,100%,75%,64,100%,75%,66,100%,75%,42100%,0.8,164,187,80%,100%,464,489,100%,95%,83%,274,357,100%,77%,139,181,100%,77%,273,385,100%,71%,276,291,80%,74%,345,393,100%,85%,207,250,80%,81%,77%,286,403,80%,89%,147,155,80%,100%,94%,235,271,90%,96%,169,195,80%,100%,267,300,80%,100%,315,420,90%,83%,210,226,80%,100%,73%,407%,373,385,80%,100%,128,183,80%,87%,225,317,80%,89%,176.00,198.00,80%,100%,3,70%,100%,99,119,70%,100%,351,456,30%,100%,97%,302,356,90%,94%,104,129,95%,71%,195,227,70%,70%,213.00,300.00,90%,99%,132,162,90%,100%,93%,175,211,60%,86%,14.85,2000%,97%,52,400%,100%,140,800%,95%,358%,220,13,239,95%,91.2%,199,187,90%,100.0%,95.6%,346,398,95%,91.5%,187,250,80%,93.5%,313,429,85%,85.8%,95,127,90%,83.1%,27%,89.74%,10.00%,10.00%,37.74%,32.00%
USF 4,IV,298,351,100%,50%,71,100%,0%,278,366,75%,100%,182,201,100%,100%,50%,122,100%,1%,12,100%,60%,24,100%,60%,75,100%,90%,418,445,3%,100.00%,18,100%,96%,189%,7.73,100%,75%,55,100%,100%,67,100%,75%,62,100%,75%,68,100%,75%,62,100%,75%,65,100%,75%,63,100%,75%,0.99,100%,75%,68,100%,75%,8,100%,100%,0.77,100%,75%,67,100%,100%,7,100%,75%,2,100%,75%,3.92,100%,75%,64,100%,75%,64,100%,75%,68,100%,75%,67,100%,75%,28200%,0.8,402,419,80%,100%,127,166,100%,77%,83%,197,241,100%,82%,135,174,100%,78%,185,221,100%,84%,154,196,80%,95%,326,467,100%,85%,411,429,80%,70%,82%,414,423,80%,100%,167,207,80%,100%,100%,200,282,90%,79%,131,138,80%,100%,162,169,80%,100%,347,490,90%,79%,179,246,80%,91%,83%,428%,368,414,80%,100%,249,357,80%,87%,328,438,80%,94%,249.00,316.00,80%,63%,2,70%,100%,131,158,70%,100%,198,272,30%,100%,92%,188,262,90%,95%,241,313,95%,93%,241,322,70%,93%,316.00,416.00,90%,73%,96,122,90%,84%,91%,295,302,60%,97%,15.00,2000%,75%,98,400%,100%,173,800%,96%,358%,413,44,406,95%,95.7%,402,362,90%,100.0%,97.8%,202,247,95%,86.1%,241,288,80%,100.0%,127,157,85%,95.2%,337,371,90%,100.0%,28%,89.74%,10.00%,10.00%,37.74%,32.00%
USF 4,VI,345,449,100%,50%,73,100%,0%,141,151,75%,100%,416,496,100%,100%,50%,120,100%,1%,12,100%,60%,25,100%,60%,78,100%,90%,241,281,3%,100.00%,17,100%,71%,189%,7.50,100%,75%,57,100%,100%,68,100%,75%,62,100%,75%,66,100%,75%,68,100%,75%,62,100%,75%,65,100%,75%,1.01,100%,75%,63,100%,75%,8,100%,100%,0.77,100%,75%,68,100%,100%,7,100%,75%,3,100%,75%,3.88,100%,75%,65,100%,75%,62,100%,75%,62,100%,75%,64,100%,75%,42400%,0.8,349,360,80%,100%,312,390,100%,80%,83%,194,226,100%,86%,211,249,100%,85%,405,427,100%,95%,194,226,80%,88%,366,412,100%,72%,248,299,80%,84%,85%,85,103,80%,100%,249,294,80%,100%,100%,369,468,90%,88%,135,159,80%,100%,306,360,80%,100%,190,247,90%,85%,159,222,80%,90%,88%,435%,380,405,80%,100%,286,404,80%,88%,321,387,80%,100%,384.00,442.00,80%,100%,3,70%,100%,204,273,70%,100%,135,180,30%,100%,98%,271,388,90%,83%,357,476,95%,100%,408,425,70%,89%,384.00,442.00,90%,88%,240,329,90%,77%,91%,212,236,60%,82%,15.45,2000%,99%,108,400%,100%,169,800%,92%,358%,366,38,391,95%,88.3%,322,306,90%,100.0%,94.2%,297,359,95%,87.1%,186,192,80%,100.0%,262,316,85%,97.5%,281,356,90%,87.7%,28%,89.74%,10.00%,10.00%,37.74%,32.00%
USF 4,VI,132,152,100%,75%,69,100%,0%,446,480,75%,100%,170,179,100%,100%,50%,118,100%,1%,12,100%,60%,26,100%,60%,76,100%,90%,376,459,3%,100.00%,19,100%,78%,189%,7.58,100%,75%,57,100%,100%,66,100%,75%,66,100%,75%,65,100%,75%,64,100%,75%,67,100%,75%,65,100%,75%,1.03,100%,75%,65,100%,75%,8,100%,100%,0.73,100%,75%,73,100%,100%,7,100%,75%,3,100%,75%,3.84,100%,75%,66,100%,75%,63,100%,75%,67,100%,75%,66,100%,75%,25900%,0.8,345,486,80%,89%,181,214,100%,85%,83%,389,475,100%,82%,302,426,100%,71%,346,488,100%,71%,305,355,80%,73%,71,102,100%,96%,275,320,80%,83%,79%,100,129,80%,97%,320,345,80%,100%,98%,118,143,90%,92%,117,121,80%,100%,234,290,80%,100%,268,305,90%,98%,270,279,80%,100%,74%,414%,152,200,80%,95%,167,223,80%,94%,292,315,80%,100%,177.00,183.00,80%,100%,2,70%,100%,337,363,70%,100%,407,448,30%,100%,98%,426,474,90%,91%,258,269,95%,89%,368,424,70%,84%,135.00,156.00,90%,93%,234,247,90%,89%,93%,402,468,60%,86%,14.55,2000%,76%,122,400%,100%,37,800%,79%,358%,408,13,471,95%,88.3%,283,283,90%,100.0%,94.1%,115,148,95%,81.8%,120,153,80%,98.0%,305,418,85%,85.8%,224,270,90%,92.2%,27%,94.74%,15.00%,10.00%,37.74%,32.00%
USF 4,VI,189,237,100%,50%,73,100%,0%,265,374,75%,100%,289,381,100%,100%,50%,125,100%,1%,12,100%,60%,24,100%,60%,74,100%,90%,103,111,3%,100.00%,19,100%,97%,189%,7.65,100%,75%,57,100%,100%,64,100%,75%,64,100%,75%,64,100%,75%,66,100%,75%,66,100%,75%,64,100%,75%,1.02,100%,75%,66,100%,75%,8,100%,100%,0.76,100%,75%,67,100%,100%,7,100%,75%,3,100%,75%,4.04,100%,75%,62,100%,75%,63,100%,75%,64,100%,75%,66,100%,75%,17100%,0.8,244,340,80%,90%,124,134,100%,93%,83%,80,100,100%,80%,80,102,100%,78%,127,166,100%,77%,351,462,80%,97%,213,281,100%,96%,330,453,80%,96%,87%,202,253,80%,100%,206,217,80%,100%,100%,394,407,90%,100%,223,315,80%,88%,157,195,80%,100%,157,216,90%,81%,99,114,80%,100%,83%,433%,313,423,80%,92%,182,250,80%,91%,130,186,80%,87%,155.00,179.00,80%,100%,2,70%,100%,356,414,70%,100%,111,119,30%,100%,96%,210,234,90%,94%,119,164,95%,74%,261,300,70%,89%,247.00,302.00,90%,85%,375,452,90%,73%,90%,335,395,60%,90%,15.15,2000%,94%,173,400%,100%,71,800%,97%,358%,371,45,419,95%,81.9%,145,134,90%,100.0%,90.9%,206,279,95%,77.7%,363,484,80%,93.8%,126,130,85%,100.0%,120,130,90%,100.0%,27%,89.74%,10.00%,10.00%,37.74%,32.00%
USF 5,VII,375,422,100%,75%,70,100%,0%,454,494,75%,100%,208,222,100%,100%,50%,115,100%,1%,12,100%,60%,24,100%,60%,72,100%,90%,93,123,3%,100.00%,17,100%,82%,189%,7.35,100%,75%,56,100%,100%,62,100%,75%,64,100%,75%,67,100%,75%,62,100%,75%,64,100%,75%,64,100%,75%,0.99,100%,75%,64,100%,75%,8,100%,100%,0.73,100%,75%,71,100%,100%,7,100%,75%,2,100%,75%,4.08,100%,75%,64,100%,75%,66,100%,75%,66,100%,75%,63,100%,75%,40700%,0.8,327,348,80%,100%,212,221,100%,96%,83%,125,144,100%,87%,394,448,100%,88%,278,332,100%,84%,272,337,80%,70%,122,165,100%,91%,375,427,80%,84%,84%,332,432,80%,96%,348,387,80%,100%,98%,254,293,90%,96%,357,464,80%,96%,193,222,80%,100%,117,135,90%,96%,351,475,80%,92%,77%,421%,201,226,80%,100%,147,150,80%,100%,77,110,80%,88%,164.00,203.00,80%,100%,2,70%,100%,143,163,70%,100%,124,128,30%,100%,98%,325,336,90%,76%,297,367,95%,78%,99,112,70%,84%,434.00,443.00,90%,90%,212,236,90%,75%,91%,126,175,60%,87%,15.45,2000%,90%,83,400%,100%,108,800%,90%,358%,226,11,234,95%,96.7%,158,143,90%,100.0%,98.4%,201,229,95%,92.4%,101,141,80%,89.5%,329,347,85%,100.0%,356,364,90%,100.0%,28%,94.74%,15.00%,10.00%,37.74%,32.00%
USF 5,VIII,458,483,100%,75%,68,100%,0%,293,322,75%,100%,204,244,100%,100%,50%,120,100%,1%,12,100%,60%,24,100%,60%,73,100%,90%,285,317,3%,100.00%,18,100%,76%,189%,7.20,100%,75%,57,100%,100%,65,100%,75%,66,100%,75%,62,100%,75%,62,100%,75%,66,100%,75%,68,100%,75%,0.96,100%,75%,62,100%,75%,8,100%,100%,0.73,100%,75%,67,100%,100%,7,100%,75%,3,100%,75%,4.12,100%,75%,67,100%,75%,64,100%,75%,66,100%,75%,66,100%,75%,11700%,0.8,133,191,80%,87%,246,259,100%,95%,83%,74,107,100%,69%,408,481,100%,85%,146,149,100%,98%,228,279,80%,85%,285,376,100%,78%,147,157,80%,70%,81%,172,200,80%,100%,183,241,80%,95%,97%,285,301,90%,100%,204,280,80%,91%,300,423,80%,89%,241,246,90%,100%,315,354,80%,100%,75%,416%,369,377,80%,100%,208,271,80%,96%,401,472,80%,100%,340.00,366.00,80%,100%,3,70%,100%,246,338,70%,100%,297,377,30%,100%,99%,212,269,90%,73%,388,405,95%,94%,249,308,70%,91%,176.00,249.00,90%,94%,95,133,90%,82%,93%,293,419,60%,95%,14.40,2000%,90%,84,400%,100%,138,800%,79%,358%,330,11,372,95%,90.3%,227,206,90%,100.0%,95.1%,415,437,95%,100.0%,175,211,80%,100.0%,305,377,85%,95.2%,138,165,90%,92.9%,30%,94.74%,15.00%,10.00%,37.74%,32.00%
USF 8,IV,141,151,100%,75%,73,100%,0%,382,403,75%,100%,295,416,100%,50%,50%,120,100%,1%,12,100%,60%,24,100%,60%,74,100%,90%,318,328,3%,100.00%,17,100%,70%,189%,7.65,100%,75%,56,100%,100%,67,100%,75%,63,100%,75%,64,100%,75%,64,100%,75%,64,100%,75%,63,100%,75%,0.97,100%,75%,67,100%,75%,8,100%,100%,0.75,100%,75%,67,100%,100%,7,100%,75%,3,100%,75%,4.00,100%,75%,68,100%,75%,67,100%,75%,64,100%,75%,68,100%,75%,35500%,0.8,298,420,80%,89%,159,215,100%,74%,83%,316,452,100%,70%,346,456,100%,76%,336,406,100%,83%,192,214,80%,99%,157,205,100%,77%,241,278,80%,99%,84%,351,395,80%,100%,155,216,80%,90%,95%,285,328,90%,97%,104,109,80%,100%,220,272,80%,100%,342,353,90%,100%,159,197,80%,100%,89%,430%,227,232,80%,100%,143,159,80%,100%,305,318,80%,100%,364.00,455.00,80%,125%,3,70%,100%,200,248,70%,100%,232,270,30%,100%,104%,260,269,90%,84%,146,168,95%,80%,435,454,70%,78%,305.00,322.00,90%,81%,484,494,90%,99%,92%,153,178,60%,83%,15.60,2000%,88%,141,400%,100%,176,800%,97%,358%,303,18,357,95%,84.0%,450,436,90%,100.0%,92.0%,279,341,95%,86.1%,123,160,80%,96.1%,298,360,85%,97.4%,142,168,90%,93.9%,28%,94.74%,15.00%,10.00%,37.74%,32.00%
USF 4,II,271,309,100%,75%,70,100%,0%,172,194,75%,100%,105,137,100%,100%,50%,120,100%,1%,12,100%,60%,25,100%,60%,72,100%,90%,307,317,3%,100.00%,19,100%,75%,189%,7.50,100%,75%,54,100%,100%,63,100%,75%,67,100%,75%,65,100%,75%,67,100%,75%,68,100%,75%,65,100%,75%,0.96,100%,75%,64,100%,75%,8,100%,100%,0.74,100%,75%,69,100%,100%,7,100%,75%,3,100%,75%,4.16,100%,75%,64,100%,75%,64,100%,75%,68,100%,75%,63,100%,75%,43000%,0.8,70,100,80%,88%,159,212,100%,75%,83%,409,445,100%,92%,236,246,100%,96%,278,306,100%,91%,247,281,80%,81%,386,495,100%,88%,171,179,80%,95%,90%,262,316,80%,100%,90,124,80%,91%,95%,82,118,90%,77%,324,338,80%,100%,153,202,80%,95%,341,449,90%,84%,385,453,80%,100%,93%,441%,149,189,80%,99%,398,428,80%,100%,256,337,80%,95%,288.00,395.00,80%,63%,3,70%,100%,209,233,70%,100%,449,494,30%,100%,94%,238,336,90%,79%,166,238,95%,75%,282,398,70%,97%,301.00,407.00,90%,96%,168,216,90%,99%,97%,481,496,60%,88%,15.45,2000%,96%,40,400%,100%,122,800%,92%,358%,111,7,122,95%,89.7%,193,178,90%,100.0%,94.9%,445,484,95%,96.8%,380,400,80%,100.0%,357,369,85%,100.0%,143,169,90%,94.0%,30%,94.74%,15.00%,10.00%,37.74%,32.00%
USF 4,II,319,450,100%,50%,71,100%,0%,423,432,75%,100%,174,184,100%,100%,50%,120,100%,1%,12,100%,60%,26,100%,60%,74,100%,90%,110,153,3%,100.00%,19,100%,88%,189%,7.42,100%,75%,57,100%,100%,63,100%,75%,64,100%,75%,62,100%,75%,66,100%,75%,67,100%,75%,62,100%,75%,0.97,100%,75%,66,100%,75%,8,100%,100%,0.75,100%,75%,73,100%,100%,7,100%,75%,3,100%,75%,3.88,100%,75%,66,100%,75%,64,100%,75%,68,100%,75%,66,100%,75%,32100%,0.8,78,104,80%,94%,357,380,100%,94%,83%,135,165,100%,82%,174,200,100%,87%,451,470,100%,96%,439,483,80%,79%,274,339,100%,88%,110,116,80%,72%,84%,444,483,80%,100%,431,449,80%,100%,100%,136,168,90%,90%,442,452,80%,100%,186,267,80%,87%,200,244,90%,91%,326,337,80%,100%,77%,423%,365,494,80%,92%,323,364,80%,100%,251,331,80%,95%,278.00,376.00,80%,63%,2,70%,100%,334,364,70%,100%,207,241,30%,100%,93%,294,363,90%,94%,95,132,95%,99%,241,327,70%,80%,254.00,335.00,90%,94%,271,316,90%,74%,90%,359,378,60%,94%,15.15,2000%,85%,153,400%,100%,132,800%,91%,358%,225,24,258,95%,82.0%,411,391,90%,100.0%,91.0%,259,313,95%,87.1%,388,405,80%,100.0%,323,333,85%,100.0%,176,205,90%,95.4%,29%,89.74%,10.00%,10.00%,37.74%,32.00%
USF 6,VII,91,111,100%,50%,69,100%,0%,218,287,75%,100%,288,406,100%,50%,50%,122,100%,1%,12,100%,60%,25,100%,60%,73,100%,90%,262,288,3%,100.00%,17,100%,72%,189%,7.35,100%,75%,54,100%,100%,66,100%,75%,68,100%,75%,67,100%,75%,63,100%,75%,64,100%,75%,64,100%,75%,0.98,100%,75%,64,100%,75%,8,100%,100%,0.75,100%,75%,69,100%,100%,7,100%,75%,2,100%,75%,3.88,100%,75%,62,100%,75%,64,100%,75%,62,100%,75%,66,100%,75%,44500%,0.8,99,133,80%,93%,272,321,100%,85%,83%,310,345,100%,90%,414,423,100%,98%,418,441,100%,95%,184,246,80%,97%,362,417,100%,81%,337,355,80%,70%,88%,397,452,80%,100%,258,272,80%,100%,100%,145,180,90%,90%,295,352,80%,100%,193,272,80%,89%,376,465,90%,90%,167,197,80%,100%,86%,437%,366,495,80%,92%,165,174,80%,100%,293,334,80%,100%,354.00,432.00,80%,100%,3,70%,100%,292,390,70%,100%,162,169,30%,100%,99%,94,131,90%,98%,323,380,95%,91%,196,200,70%,91%,432.00,470.00,90%,82%,366,470,90%,75%,90%,384,418,60%,77%,14.70,2000%,77%,47,400%,100%,138,800%,95%,358%,290,8,307,95%,96.7%,233,215,90%,100.0%,98.3%,126,128,95%,100.0%,162,194,80%,100.0%,135,152,85%,100.0%,274,323,90%,94.3%,30%,89.74%,10.00%,10.00%,37.74%,32.00%
USF 6,II,274,343,100%,50%,69,100%,0%,388,468,75%,100%,129,142,100%,100%,50%,116,100%,1%,12,100%,60%,24,100%,60%,74,100%,90%,178,205,3%,100.00%,18,100%,97%,189%,7.27,100%,75%,57,100%,100%,66,100%,75%,67,100%,75%,68,100%,75%,63,100%,75%,66,100%,75%,68,100%,75%,0.96,100%,75%,65,100%,75%,8,100%,100%,0.78,100%,75%,68,100%,100%,7,100%,75%,2,100%,75%,4.04,100%,75%,67,100%,75%,64,100%,75%,68,100%,75%,66,100%,75%,43800%,0.8,105,126,80%,100%,354,438,100%,81%,83%,165,218,100%,76%,116,123,100%,94%,137,142,100%,96%,318,414,80%,98%,127,154,100%,74%,280,359,80%,96%,89%,330,465,80%,89%,437,492,80%,100%,94%,326,375,90%,97%,326,351,80%,100%,247,291,80%,100%,215,242,90%,99%,194,205,80%,100%,95%,441%,388,457,80%,100%,121,167,80%,91%,202,263,80%,96%,405.00,441.00,80%,100%,2,70%,100%,164,201,70%,100%,391,430,30%,100%,98%,103,142,90%,75%,423,465,95%,70%,240,261,70%,79%,290.00,303.00,90%,82%,298,409,90%,92%,91%,352,383,60%,81%,15.60,2000%,90%,31,400%,100%,59,800%,73%,358%,246,22,241,95%,97.8%,216,192,90%,100.0%,98.9%,434,462,95%,98.9%,240,250,80%,100.0%,365,469,85%,91.6%,107,125,90%,95.1%,29%,89.74%,10.00%,10.00%,37.74%,32.00%
USF 6,VI,432,481,100%,75%,71,100%,0%,342,372,75%,100%,364,480,100%,100%,50%,124,100%,1%,12,100%,60%,24,100%,60%,76,100%,90%,264,291,3%,100.00%,17,100%,92%,189%,7.50,100%,75%,54,100%,100%,64,100%,75%,66,100%,75%,66,100%,75%,64,100%,75%,65,100%,75%,64,100%,75%,1.02,100%,75%,64,100%,75%,8,100%,100%,0.75,100%,75%,67,100%,100%,7,100%,75%,2,100%,75%,4.16,100%,75%,62,100%,75%,64,100%,75%,65,100%,75%,66,100%,75%,42300%,0.8,141,161,80%,100%,148,169,100%,88%,83%,195,251,100%,78%,166,183,100%,91%,132,176,100%,75%,272,345,80%,90%,462,477,100%,72%,302,312,80%,89%,82%,464,479,80%,100%,348,375,80%,100%,100%,335,399,90%,93%,195,222,80%,100%,373,450,80%,100%,244,339,90%,80%,276,307,80%,100%,100%,445%,250,269,80%,100%,437,470,80%,100%,183,213,80%,100%,92.00,123.00,80%,63%,2,70%,100%,248,350,70%,100%,269,313,30%,100%,95%,396,417,90%,96%,322,403,95%,90%,159,170,70%,77%,198.00,264.00,90%,73%,224,252,90%,70%,86%,232,306,60%,75%,15.30,2000%,94%,56,400%,100%,157,800%,74%,358%,322,23,333,95%,94.5%,252,233,90%,100.0%,97.3%,348,447,95%,81.9%,281,284,80%,100.0%,282,344,85%,96.4%,297,407,90%,81.1%,28%,94.74%,15.00%,10.00%,37.74%,32.00%
USF 1,IV,358,498,100%,50%,69,100%,0%,190,248,75%,100%,229,290,100%,100%,50%,122,100%,1%,12,100%,60%,25,100%,60%,72,100%,90%,276,345,3%,100.00%,18,100%,90%,189%,7.42,100%,75%,55,100%,100%,62,100%,75%,66,100%,75%,62,100%,75%,64,100%,75%,63,100%,75%,64,100%,75%,0.98,100%,75%,64,100%,75%,8,100%,100%,0.76,100%,75%,68,100%,100%,7,100%,75%,3,100%,75%,3.88,100%,75%,64,100%,75%,67,100%,75%,63,100%,75%,65,100%,75%,44500%,0.8,146,158,80%,100%,163,212,100%,77%,83%,283,308,100%,92%,200,223,100%,90%,310,388,100%,80%,117,138,80%,98%,318,343,100%,93%,119,122,80%,93%,91%,123,150,80%,100%,312,372,80%,100%,100%,142,176,90%,90%,353,447,80%,99%,235,243,80%,100%,123,163,90%,84%,352,441,80%,100%,79%,432%,208,290,80%,90%,319,404,80%,99%,141,164,80%,100%,346.00,369.00,80%,100%,2,70%,100%,86,120,70%,100%,221,231,30%,100%,98%,223,283,90%,95%,361,373,95%,77%,245,270,70%,72%,354.00,365.00,90%,89%,275,367,90%,96%,92%,274,280,60%,85%,15.45,2000%,90%,163,400%,100%,105,800%,97%,358%,278,13,274,95%,100.0%,193,175,90%,100.0%,100.0%,226,315,95%,75.5%,409,450,80%,100.0%,323,390,85%,97.4%,364,400,90%,100.0%,27%,89.74%,10.00%,10.00%,37.74%,32.00%
DS,I,7,12,100%,0%,835.1000,100%,0%,"3,525.0000","4,205.0000",75%,84%,"3,099.0000","3,522.0000",100%,88%,0%,115,100%,75%,12,100%,80%,26,100%,77%,78,100%,76%,14900%,16300%,3%,85.00%,18,100%,93%,0%,7.20,100%,82%,54,100%,80%,63,100%,83%,63,100%,84%,68,100%,100%,64,100%,73%,66,100%,88%,66,100%,72%,1.01,100%,84%,62,100%,85%,8,100%,89%,0.74,100%,75%,69,100%,91%,7,100%,76%,3,100%,94%,3.84,100%,91%,64,100%,82%,65,100%,87%,66,100%,72%,63,100%,80%,25000%,80%,32300%,41500%,80%,70%,10000%,10600%,1.00,0.80,0%,11500%,16000%,100%,83%,15700%,16900%,100%,89%,17600%,21000%,100%,84%,36500%,48100%,80%,98%,20200%,22800%,100%,73%,35700%,43600%,80%,73%,86%,25100%,31400%,80%,73%,36400%,46200%,80%,70%,98%,37200%,49600%,90%,71%,27900%,31100%,80%,92%,23200%,33200%,80%,86%,23200%,25600%,90%,89%,27000%,35600%,80%,71%,74%,437%,189,240,80%,74%,196,211,80%,79%,360,424,80%,95%,158.00,167.00,80%,73%,3,70%,81%,229,291,70%,89%,288,344,30%,99%,78%,246,252,90%,96%,346,369,95%,92%,397,468,70%,96%,169.00,186.00,90%,72%,297,313,90%,100%,75%,159,171,60%,100%,14.40,2000%,92%,40,400%,76%,95,800%,84%,84%,358,18,370,95%,96.7%,474,427,90%,100.0%,98.4%,153,174,95%,92.6%,405,477,80%,100.0%,264,363,85%,85.6%,244,272,90%,99.7%,93%,0.00%,80.00%,75.00%,70.00%,87.38%
DS,II,16,26,100%,0%,"1,821.4000",100%,0%,"6,688.0000","8,022.0000",75%,83%,"6,135.0000","7,617.0000",100%,81%,0%,125,100%,86%,12,100%,97%,26,100%,83%,77,100%,97%,34600%,43900%,3%,79.00%,19,100%,92%,0%,7.80,100%,99%,55,100%,98%,62,100%,89%,68,100%,87%,66,100%,76%,64,100%,86%,67,100%,78%,65,100%,94%,0.96,100%,99%,64,100%,100%,8,100%,99%,0.74,100%,100%,69,100%,93%,7,100%,72%,2,100%,88%,4.12,100%,88%,64,100%,74%,62,100%,92%,62,100%,82%,64,100%,99%,22900%,80%,15900%,21800%,80%,92%,22600%,31400%,1.00,0.98,0%,31800%,33200%,100%,95%,13400%,14800%,100%,100%,23500%,33100%,100%,70%,23900%,33300%,80%,94%,43100%,46900%,100%,76%,18900%,24000%,80%,76%,84%,40900%,48800%,80%,89%,20800%,22700%,80%,92%,98%,34400%,46600%,90%,90%,24500%,28600%,80%,77%,16000%,18900%,80%,96%,11000%,15600%,90%,79%,27500%,34400%,80%,93%,88%,435%,437,481,80%,81%,308,343,80%,76%,467,487,80%,72%,350.00,377.00,80%,98%,3,70%,71%,226,310,70%,79%,196,246,30%,94%,98%,262,345,90%,93%,308,339,95%,94%,183,248,70%,78%,301.00,351.00,90%,94%,264,275,90%,73%,72%,100,110,60%,93%,15.00,2000%,94%,66,400%,88%,92,800%,85%,75%,362,17,372,95%,97.6%,244,225,90%,100.0%,98.8%,233,246,95%,99.7%,260,299,80%,100.0%,270,279,85%,100.0%,230,299,90%,85.5%,100%,0.00%,82.00%,89.00%,99.00%,87.05%
DS,III,8,12,100%,0%,842.8000,100%,0%,"3,067.0000","3,678.0000",75%,83%,"2,929.0000","3,461.0000",100%,85%,0%,121,100%,85%,12,100%,81%,25,100%,92%,76,100%,98%,11900%,14900%,3%,73.00%,18,100%,70%,0%,7.20,100%,97%,54,100%,74%,65,100%,89%,62,100%,97%,63,100%,81%,64,100%,82%,68,100%,83%,66,100%,85%,0.98,100%,74%,63,100%,88%,8,100%,82%,0.74,100%,71%,73,100%,99%,7,100%,90%,3,100%,72%,4.04,100%,99%,64,100%,75%,66,100%,80%,66,100%,73%,65,100%,87%,24100%,80%,23800%,27400%,80%,87%,40300%,44300%,1.00,0.72,0%,38100%,39700%,100%,93%,19100%,24600%,100%,91%,24800%,30700%,100%,100%,9100%,10200%,80%,92%,43300%,49300%,100%,75%,22000%,23700%,80%,96%,86%,29500%,34800%,80%,84%,33300%,45700%,80%,80%,97%,24100%,28700%,90%,83%,23100%,28200%,80%,86%,40600%,44700%,80%,99%,43300%,44200%,90%,84%,23800%,28700%,80%,97%,89%,439%,383,462,80%,90%,378,491,80%,79%,141,161,80%,92%,355.00,404.00,80%,88%,2,70%,79%,354,449,70%,97%,335,365,30%,86%,74%,277,391,90%,94%,462,482,95%,99%,120,161,70%,96%,350.00,427.00,90%,95%,315,351,90%,99%,94%,188,222,60%,81%,14.70,2000%,79%,108,400%,91%,154,800%,91%,93%,314,29,381,95%,78.7%,109,109,90%,100.0%,89.4%,441,446,95%,100.0%,193,195,80%,100.0%,275,383,85%,84.5%,190,235,90%,89.8%,95%,0.00%,78.00%,90.00%,84.00%,87.77%
DS,IV,16,27,100%,0%,"1,874.6000",100%,0%,"6,609.0000","7,843.0000",75%,84%,"7,154.0000","8,478.0000",100%,84%,0%,116,100%,72%,12,100%,73%,24,100%,75%,74,100%,90%,46600%,49100%,3%,96.00%,18,100%,81%,0%,7.35,100%,98%,55,100%,99%,68,100%,80%,67,100%,74%,64,100%,73%,67,100%,83%,65,100%,75%,64,100%,100%,1.00,100%,75%,64,100%,80%,8,100%,90%,0.74,100%,85%,67,100%,76%,7,100%,75%,2,100%,76%,4.04,100%,81%,62,100%,95%,66,100%,98%,62,100%,76%,62,100%,86%,46400%,80%,31800%,37000%,80%,77%,41400%,44100%,1.00,0.80,0%,44000%,49500%,100%,83%,26400%,36800%,100%,76%,37600%,44300%,100%,80%,11300%,13500%,80%,70%,28500%,36200%,100%,97%,40500%,45000%,80%,72%,84%,24000%,25900%,80%,77%,11200%,15400%,80%,96%,98%,22700%,28800%,90%,70%,35700%,43600%,80%,79%,10100%,11100%,80%,91%,18300%,20800%,90%,86%,36700%,38700%,80%,70%,81%,434%,110,120,80%,99%,267,282,80%,88%,390,411,80%,80%,119.00,144.00,80%,73%,3,70%,72%,119,122,70%,89%,345,449,30%,79%,78%,355,409,90%,80%,324,439,95%,83%,289,353,70%,98%,383.00,395.00,90%,83%,221,257,90%,78%,100%,218,266,60%,100%,15.30,2000%,94%,154,400%,99%,110,800%,98%,92%,267,11,279,95%,96.6%,439,406,90%,100.0%,98.3%,382,407,95%,98.8%,370,463,80%,99.9%,396,436,85%,100.0%,263,272,90%,100.0%,100%,0.00%,85.00%,97.00%,76.00%,86.85%
DS,V,15,26,100%,0%,"1,805.3000",100%,0%,"5,566.0000","6,714.0000",75%,83%,"6,516.0000","7,765.0000",100%,84%,0%,118,100%,91%,12,100%,76%,25,100%,79%,74,100%,79%,36100%,46400%,3%,77.00%,18,100%,95%,0%,7.73,100%,77%,53,100%,76%,63,100%,70%,64,100%,90%,67,100%,80%,67,100%,81%,65,100%,74%,66,100%,70%,0.96,100%,73%,67,100%,99%,8,100%,89%,0.76,100%,79%,68,100%,84%,7,100%,88%,3,100%,86%,3.96,100%,90%,66,100%,72%,66,100%,94%,64,100%,70%,64,100%,70%,18000%,80%,22000%,27600%,80%,71%,14100%,17700%,1.00,0.96,0%,9900%,12700%,100%,92%,27400%,29200%,100%,77%,14100%,14700%,100%,72%,20100%,26200%,80%,79%,17300%,20200%,100%,88%,36100%,45700%,80%,87%,85%,42900%,47700%,80%,91%,15200%,16100%,80%,74%,98%,21800%,29100%,90%,81%,20100%,21400%,80%,70%,24200%,28500%,80%,87%,13100%,15500%,90%,79%,25600%,29100%,80%,87%,99%,433%,99,106,80%,84%,125,149,80%,97%,284,374,80%,87%,198.00,245.00,80%,91%,3,70%,72%,192,250,70%,87%,188,222,30%,76%,71%,154,215,90%,80%,272,281,95%,100%,271,298,70%,98%,89.00,108.00,90%,83%,225,297,90%,87%,79%,359,378,60%,93%,15.15,2000%,84%,154,400%,82%,146,800%,96%,86%,432,14,431,95%,100.0%,463,432,90%,100.0%,100.0%,155,204,95%,80.0%,253,298,80%,100.0%,405,494,85%,96.5%,230,303,90%,84.3%,92%,0.00%,91.00%,91.00%,83.00%,86.66%
DS,VI,12,19,100%,0%,"1,341.2000",100%,0%,"5,055.0000","6,024.0000",75%,84%,"4,771.0000","5,703.0000",100%,84%,0%,125,100%,98%,12,100%,85%,24,100%,92%,74,100%,71%,45000%,50000%,3%,72.00%,17,100%,71%,0%,7.35,100%,79%,56,100%,100%,68,100%,74%,63,100%,97%,66,100%,89%,63,100%,75%,66,100%,99%,64,100%,79%,1.00,100%,97%,68,100%,84%,8,100%,94%,0.76,100%,74%,73,100%,98%,7,100%,84%,2,100%,100%,4.00,100%,84%,68,100%,74%,67,100%,100%,66,100%,74%,64,100%,85%,25100%,80%,27700%,35600%,80%,73%,7900%,10300%,1.00,0.72,0%,46800%,49300%,100%,100%,13900%,18100%,100%,74%,35400%,36200%,100%,79%,26700%,27900%,80%,95%,11000%,13100%,100%,81%,9300%,10400%,80%,81%,83%,16900%,20200%,80%,88%,31100%,33100%,80%,92%,97%,14900%,16800%,90%,98%,15800%,18400%,80%,91%,19800%,23900%,80%,84%,17600%,22600%,90%,81%,22500%,24800%,80%,75%,100%,432%,179,197,80%,100%,310,388,80%,73%,147,155,80%,86%,192.00,224.00,80%,86%,3,70%,72%,399,434,70%,92%,107,143,30%,85%,84%,289,381,90%,86%,451,465,95%,79%,262,360,70%,97%,153.00,207.00,90%,75%,160,182,90%,83%,87%,387,461,60%,71%,15.60,2000%,82%,61,400%,71%,133,800%,75%,91%,319,26,367,95%,84.0%,449,400,90%,100.0%,92.0%,293,402,95%,76.7%,120,168,80%,89.3%,261,311,85%,98.7%,408,421,90%,100.0%,88%,0.00%,73.00%,82.00%,98.00%,86.38%
DS,VII,14,23,100%,0%,"1,612.1000",100%,0%,"4,845.0000","5,802.0000",75%,84%,"5,474.0000","6,524.0000",100%,84%,0%,120,100%,87%,12,100%,88%,26,100%,72%,72,100%,88%,27900%,30700%,3%,91.00%,18,100%,93%,0%,7.73,100%,77%,56,100%,87%,63,100%,100%,63,100%,77%,62,100%,74%,67,100%,96%,62,100%,86%,68,100%,87%,0.98,100%,84%,64,100%,70%,8,100%,76%,0.74,100%,90%,73,100%,75%,7,100%,97%,3,100%,75%,3.96,100%,78%,64,100%,92%,66,100%,91%,66,100%,92%,68,100%,73%,38000%,80%,36800%,42900%,80%,76%,43400%,48800%,1.00,0.99,0%,19800%,22300%,100%,85%,30300%,37500%,100%,75%,30100%,37700%,100%,88%,34100%,47400%,80%,89%,13300%,13900%,100%,86%,13000%,13500%,80%,96%,84%,35900%,45500%,80%,78%,15700%,19500%,80%,80%,96%,24700%,30600%,90%,76%,40500%,45100%,80%,89%,16400%,22900%,80%,72%,9000%,12000%,90%,97%,15700%,16800%,80%,72%,86%,424%,266,381,80%,87%,364,396,80%,94%,185,218,80%,81%,349.00,416.00,80%,94%,3,70%,91%,175,225,70%,78%,276,291,30%,77%,75%,279,304,90%,76%,200,283,95%,70%,420,457,70%,89%,272.00,337.00,90%,82%,260,321,90%,88%,72%,204,230,60%,78%,15.45,2000%,78%,78,400%,72%,166,800%,90%,87%,318,11,358,95%,90.3%,409,385,90%,100.0%,95.1%,397,468,95%,89.3%,213,260,80%,100.0%,249,263,85%,100.0%,386,403,90%,100.0%,96%,0.00%,76.00%,86.00%,90.00%,84.88%
DS,VIII,16,26,100%,0%,"1,823.5000",100%,0%,"5,488.0000","6,542.0000",75%,84%,"6,188.0000","7,369.0000",100%,84%,0%,119,100%,73%,12,100%,94%,25,100%,87%,74,100%,89%,10400%,11000%,3%,99.00%,19,100%,84%,0%,7.42,100%,100%,53,100%,75%,67,100%,72%,63,100%,100%,65,100%,74%,64,100%,80%,62,100%,73%,64,100%,97%,0.99,100%,81%,66,100%,87%,8,100%,72%,0.72,100%,89%,69,100%,71%,7,100%,91%,3,100%,86%,3.88,100%,96%,66,100%,79%,62,100%,86%,65,100%,72%,62,100%,85%,29000%,80%,32000%,38200%,80%,75%,12100%,15600%,1.00,0.80,0%,11900%,13000%,100%,74%,21000%,27700%,100%,83%,42400%,48800%,100%,99%,25300%,27000%,80%,85%,36800%,46700%,100%,70%,10700%,15200%,80%,95%,84%,16600%,18500%,80%,87%,10400%,12300%,80%,86%,97%,24800%,29900%,90%,74%,22600%,27000%,80%,75%,23900%,29900%,80%,87%,21700%,29800%,90%,92%,21200%,22400%,80%,97%,74%,429%,175,204,80%,94%,146,188,80%,85%,257,330,80%,90%,248.00,279.00,80%,90%,2,70%,73%,182,234,70%,84%,353,368,30%,96%,99%,310,383,90%,92%,110,130,95%,91%,430,448,70%,96%,215.00,237.00,90%,81%,464,474,90%,70%,100%,264,270,60%,85%,14.40,2000%,95%,50,400%,77%,103,800%,92%,87%,183,13,183,95%,97.8%,487,442,90%,100.0%,98.9%,226,257,95%,92.6%,209,269,80%,97.1%,343,458,85%,88.1%,104,128,90%,90.3%,93%,0.00%,95.00%,73.00%,93.00%,85.71%
DS,I,7,12,100%,0%,835.1000,100%,0%,"3,525.0000","4,205.0000",75%,84%,"3,099.0000","3,522.0000",100%,88%,0%,121,100%,84%,12,100%,83%,25,100%,99%,77,100%,75%,27100%,28300%,3%,81.00%,18,100%,80%,0%,7.50,100%,76%,54,100%,70%,66,100%,90%,66,100%,80%,65,100%,76%,62,100%,97%,67,100%,94%,66,100%,91%,1.02,100%,77%,64,100%,73%,8,100%,80%,0.73,100%,70%,69,100%,93%,7,100%,94%,2,100%,78%,4.04,100%,70%,68,100%,79%,63,100%,90%,66,100%,87%,66,100%,73%,32200%,80%,24700%,28400%,80%,76%,39500%,41200%,1.00,0.78,0%,38200%,49000%,100%,100%,26500%,32800%,100%,94%,29700%,35000%,100%,98%,36800%,38400%,80%,92%,23900%,27200%,100%,78%,19500%,25100%,80%,100%,86%,30200%,32200%,80%,78%,17200%,23900%,80%,76%,98%,27400%,35700%,90%,73%,19600%,24600%,80%,77%,14100%,18600%,80%,72%,40800%,46400%,90%,75%,36600%,39400%,80%,73%,88%,437%,166,198,80%,81%,357,372,80%,79%,287,346,80%,71%,275.00,340.00,80%,100%,3,70%,81%,410,489,70%,76%,355,418,30%,93%,89%,267,294,90%,77%,353,393,95%,96%,245,258,70%,74%,345.00,443.00,90%,97%,352,446,90%,89%,83%,203,290,60%,72%,15.30,2000%,83%,119,400%,75%,122,800%,74%,89%,367,24,350,95%,100.0%,170,170,90%,100.0%,100.0%,386,495,95%,82.1%,253,333,80%,95.0%,374,425,85%,100.0%,204,213,90%,100.0%,92%,0.00%,97.00%,92.00%,88.00%,87.38%
DS,II,16,26,100%,0%,"1,821.4000",100%,0%,"6,688.0000","8,022.0000",75%,83%,"6,135.0000","7,617.0000",100%,81%,0%,118,100%,88%,12,100%,70%,26,100%,75%,77,100%,91%,31800%,39800%,3%,96.00%,18,100%,82%,0%,7.50,100%,100%,55,100%,73%,63,100%,100%,64,100%,83%,66,100%,95%,66,100%,70%,66,100%,76%,62,100%,91%,1.04,100%,85%,63,100%,97%,8,100%,100%,0.75,100%,82%,70,100%,84%,7,100%,87%,3,100%,95%,3.88,100%,82%,65,100%,81%,64,100%,85%,66,100%,79%,62,100%,81%,33400%,80%,18500%,18900%,80%,94%,29300%,33300%,1.00,0.98,0%,23600%,33300%,100%,92%,18700%,20600%,100%,88%,30100%,34700%,100%,86%,20400%,25900%,80%,81%,11900%,15700%,100%,79%,44700%,48100%,80%,79%,84%,37600%,48900%,80%,95%,29500%,33600%,80%,100%,98%,15700%,20400%,90%,77%,41700%,49100%,80%,80%,10000%,11600%,80%,91%,42700%,48000%,90%,96%,26300%,30600%,80%,91%,93%,435%,82,101,80%,96%,315,404,80%,95%,308,435,80%,89%,306.00,408.00,80%,91%,2,70%,72%,164,191,70%,83%,209,241,30%,74%,80%,313,360,90%,86%,289,325,95%,95%,405,427,70%,82%,153.00,190.00,90%,73%,161,205,90%,93%,89%,306,352,60%,77%,15.60,2000%,70%,171,400%,98%,123,800%,89%,95%,150,9,157,95%,94.5%,146,131,90%,100.0%,97.3%,318,442,95%,75.7%,195,235,80%,100.0%,305,402,85%,89.3%,199,214,90%,100.0%,88%,0.00%,73.00%,80.00%,94.00%,87.05%
DS,III,8,12,100%,0%,842.8000,100%,0%,"3,067.0000","3,678.0000",75%,83%,"2,929.0000","3,461.0000",100%,85%,0%,121,100%,76%,12,100%,86%,25,100%,90%,75,100%,84%,23800%,25100%,3%,96.00%,18,100%,91%,0%,7.42,100%,93%,53,100%,91%,65,100%,74%,64,100%,72%,62,100%,95%,64,100%,84%,64,100%,93%,66,100%,83%,1.04,100%,90%,63,100%,71%,8,100%,95%,0.77,100%,92%,67,100%,90%,7,100%,71%,3,100%,95%,3.96,100%,93%,67,100%,89%,66,100%,84%,66,100%,89%,66,100%,93%,15000%,80%,26400%,28100%,80%,91%,22100%,30800%,1.00,0.78,0%,21600%,23500%,100%,83%,14200%,18100%,100%,86%,33300%,45000%,100%,95%,20000%,21100%,80%,93%,16700%,19000%,100%,80%,21600%,27100%,80%,89%,86%,29400%,39200%,80%,100%,26100%,28700%,80%,75%,97%,30200%,37400%,90%,72%,14800%,17100%,80%,98%,26100%,33900%,80%,97%,21400%,27100%,90%,74%,19500%,27200%,80%,82%,76%,439%,276,368,80%,79%,246,304,80%,83%,362,398,80%,87%,305.00,364.00,80%,100%,3,70%,94%,388,405,70%,78%,276,337,30%,75%,99%,275,362,90%,70%,136,157,95%,73%,156,186,70%,92%,300.00,366.00,90%,85%,144,155,90%,84%,83%,213,225,60%,71%,14.85,2000%,81%,144,400%,90%,123,800%,96%,78%,308,36,306,95%,93.6%,401,378,90%,100.0%,96.8%,189,211,95%,94.3%,100,121,80%,100.0%,142,150,85%,100.0%,311,328,90%,100.0%,98%,0.00%,84.00%,71.00%,73.00%,87.77%
DS,IV,16,27,100%,0%,"1,874.6000",100%,0%,"6,609.0000","7,843.0000",75%,84%,"7,154.0000","8,478.0000",100%,84%,0%,121,100%,71%,12,100%,72%,24,100%,92%,77,100%,82%,19500%,22200%,3%,96.00%,18,100%,77%,0%,7.65,100%,88%,54,100%,95%,62,100%,88%,64,100%,70%,65,100%,90%,66,100%,98%,64,100%,88%,62,100%,92%,0.99,100%,79%,64,100%,82%,8,100%,81%,0.77,100%,100%,73,100%,97%,7,100%,73%,2,100%,78%,4.16,100%,70%,62,100%,82%,67,100%,99%,66,100%,72%,64,100%,81%,26500%,80%,30300%,40500%,80%,94%,24000%,30800%,1.00,0.99,0%,38900%,40200%,100%,95%,15000%,15400%,100%,90%,32100%,35300%,100%,94%,33300%,43300%,80%,84%,35200%,48300%,100%,84%,33200%,47500%,80%,77%,84%,8100%,10200%,80%,81%,9700%,12700%,80%,75%,98%,35400%,45400%,90%,90%,27300%,30700%,80%,73%,19800%,20500%,80%,100%,24100%,26000%,90%,96%,17200%,23000%,80%,72%,72%,434%,114,164,80%,74%,124,152,80%,99%,344,405,80%,79%,188.00,235.00,80%,76%,3,70%,71%,328,416,70%,90%,113,132,30%,100%,92%,323,415,90%,100%,426,485,95%,79%,89,113,70%,96%,266.00,333.00,90%,91%,108,113,90%,79%,74%,456,486,60%,99%,15.45,2000%,84%,159,400%,100%,114,800%,82%,80%,325,24,339,95%,93.5%,277,271,90%,100.0%,96.7%,175,234,95%,78.7%,376,388,80%,100.0%,131,136,85%,100.0%,171,229,90%,83.0%,93%,0.00%,83.00%,70.00%,93.00%,86.85%
DS,V,15,26,100%,0%,"1,805.3000",100%,0%,"5,566.0000","6,714.0000",75%,83%,"6,516.0000","7,765.0000",100%,84%,0%,124,100%,88%,12,100%,76%,24,100%,100%,74,100%,74%,24700%,34800%,3%,77.00%,19,100%,85%,0%,7.73,100%,82%,57,100%,96%,63,100%,77%,63,100%,100%,68,100%,100%,66,100%,82%,65,100%,97%,68,100%,93%,1.03,100%,84%,63,100%,78%,8,100%,74%,0.73,100%,99%,70,100%,85%,7,100%,90%,3,100%,82%,3.88,100%,75%,65,100%,86%,68,100%,93%,66,100%,94%,66,100%,90%,36800%,80%,19000%,21900%,80%,87%,32000%,38200%,1.00,0.92,0%,36800%,47800%,100%,88%,31000%,33700%,100%,77%,19700%,23500%,100%,100%,28500%,29100%,80%,73%,9400%,11200%,100%,84%,23700%,25000%,80%,78%,85%,15800%,20000%,80%,94%,9400%,12100%,80%,99%,98%,37000%,47500%,90%,94%,33200%,40000%,80%,77%,28300%,30200%,80%,72%,22400%,26400%,90%,92%,22900%,24700%,80%,74%,87%,433%,340,362,80%,70%,142,164,80%,73%,191,228,80%,75%,160.00,169.00,80%,87%,3,70%,70%,112,121,70%,91%,259,302,30%,95%,78%,375,387,90%,97%,181,189,95%,99%,108,148,70%,92%,197.00,278.00,90%,92%,330,375,90%,90%,71%,298,355,60%,90%,14.70,2000%,85%,52,400%,87%,115,800%,100%,97%,352,13,453,95%,78.8%,330,320,90%,100.0%,89.4%,197,222,95%,93.4%,419,482,80%,100.0%,437,497,85%,100.0%,346,373,90%,100.0%,98%,0.00%,81.00%,97.00%,96.00%,86.66%
DS,VI,12,19,100%,0%,"1,341.2000",100%,0%,"5,055.0000","6,024.0000",75%,84%,"4,771.0000","5,703.0000",100%,84%,0%,120,100%,79%,12,100%,99%,25,100%,72%,77,100%,94%,36000%,40500%,3%,85.00%,18,100%,72%,0%,7.65,100%,78%,55,100%,78%,64,100%,73%,66,100%,85%,68,100%,89%,65,100%,92%,64,100%,86%,64,100%,78%,1.01,100%,71%,66,100%,94%,8,100%,81%,0.76,100%,78%,68,100%,80%,7,100%,74%,2,100%,88%,3.88,100%,73%,68,100%,94%,62,100%,73%,62,100%,96%,64,100%,83%,21800%,80%,42500%,45800%,80%,70%,35100%,49500%,1.00,0.92,0%,24200%,31100%,100%,79%,12100%,16600%,100%,92%,19600%,27300%,100%,88%,17300%,23700%,80%,71%,39600%,48900%,100%,89%,37400%,44100%,80%,95%,83%,28000%,35100%,80%,84%,14700%,17400%,80%,70%,97%,25100%,32600%,90%,98%,27900%,34500%,80%,81%,39300%,49800%,80%,72%,29700%,35400%,90%,96%,11100%,13100%,80%,93%,82%,432%,221,228,80%,92%,379,446,80%,74%,219,301,80%,95%,92.00,102.00,80%,71%,3,70%,83%,192,247,70%,98%,421,458,30%,77%,99%,148,209,90%,80%,354,398,95%,84%,303,316,70%,75%,449.00,463.00,90%,77%,369,393,90%,73%,75%,270,386,60%,87%,14.85,2000%,79%,149,400%,82%,31,800%,84%,94%,309,26,292,95%,100.0%,322,309,90%,100.0%,100.0%,232,290,95%,84.2%,463,493,80%,100.0%,109,135,85%,95.0%,143,177,90%,89.8%,93%,0.00%,79.00%,93.00%,99.00%,86.38%
DS,VII,14,23,100%,0%,"1,612.1000",100%,0%,"4,845.0000","5,802.0000",75%,84%,"5,474.0000","6,524.0000",100%,84%,0%,122,100%,75%,12,100%,82%,25,100%,92%,77,100%,85%,32500%,37000%,3%,90.00%,18,100%,76%,0%,7.42,100%,93%,53,100%,85%,66,100%,78%,66,100%,84%,66,100%,76%,64,100%,74%,67,100%,91%,66,100%,84%,0.98,100%,93%,65,100%,98%,8,100%,83%,0.77,100%,94%,71,100%,76%,7,100%,90%,3,100%,97%,3.96,100%,90%,62,100%,70%,68,100%,70%,65,100%,77%,66,100%,90%,46900%,80%,43200%,49200%,80%,94%,18400%,18800%,1.00,0.94,0%,21900%,25500%,100%,86%,37500%,48200%,100%,77%,31200%,36800%,100%,95%,27900%,34500%,80%,81%,37400%,39000%,100%,78%,43600%,47400%,80%,76%,84%,15100%,17600%,80%,81%,33500%,39500%,80%,91%,96%,10700%,12300%,90%,97%,17200%,18800%,80%,95%,43300%,45200%,80%,86%,14300%,17100%,90%,91%,36700%,40400%,80%,84%,85%,424%,311,367,80%,90%,303,370,80%,87%,194,267,80%,75%,120.00,138.00,80%,77%,3,70%,82%,115,143,70%,94%,118,156,30%,74%,95%,269,345,90%,85%,323,368,95%,89%,263,283,70%,100%,359.00,461.00,90%,84%,455,465,90%,82%,88%,330,359,60%,79%,14.55,2000%,92%,87,400%,94%,102,800%,99%,84%,313,5,350,95%,92.6%,428,382,90%,100.0%,96.3%,334,338,95%,100.0%,350,428,80%,100.0%,237,309,85%,90.2%,330,355,90%,100.0%,97%,0.00%,82.00%,93.00%,87.00%,84.88%
DS,VIII,16,26,100%,0%,"1,823.5000",100%,0%,"5,488.0000","6,542.0000",75%,84%,"6,188.0000","7,369.0000",100%,84%,0%,125,100%,96%,12,100%,89%,26,100%,75%,77,100%,73%,22900%,24700%,3%,96.00%,17,100%,77%,0%,7.27,100%,70%,57,100%,92%,67,100%,98%,65,100%,72%,64,100%,74%,67,100%,73%,68,100%,82%,64,100%,97%,1.02,100%,91%,67,100%,89%,8,100%,94%,0.73,100%,84%,71,100%,96%,7,100%,100%,3,100%,95%,4.00,100%,72%,66,100%,79%,63,100%,84%,67,100%,83%,62,100%,70%,15200%,80%,30800%,38600%,80%,98%,35100%,48200%,1.00,0.91,0%,31900%,45600%,100%,79%,21300%,25700%,100%,87%,13300%,18000%,100%,81%,21400%,24100%,80%,83%,10200%,13700%,100%,86%,40800%,45400%,80%,97%,84%,34800%,39200%,80%,94%,47300%,48800%,80%,95%,97%,37800%,39000%,90%,84%,21900%,26800%,80%,83%,25700%,26500%,80%,87%,30300%,32600%,90%,81%,20200%,27800%,80%,79%,81%,429%,344,359,80%,96%,411,420,80%,82%,287,342,80%,91%,294.00,342.00,80%,100%,3,70%,90%,134,140,70%,78%,243,333,30%,100%,97%,102,136,90%,93%,346,408,95%,73%,266,287,70%,75%,433.00,452.00,90%,92%,429,488,90%,78%,78%,379,499,60%,82%,14.55,2000%,93%,63,400%,95%,94,800%,71%,92%,210,16,221,95%,92.4%,447,413,90%,100.0%,96.2%,377,429,95%,92.5%,114,126,80%,100.0%,193,248,85%,91.6%,250,348,90%,79.8%,95%,0.00%,80.00%,93.00%,95.00%,85.71%
DS,I,7,12,100%,0%,70.7000,100%,70%,199.0000,215.0000,75%,83%,393.0000,480.0000,100%,93%,86%,122,100%,88%,12,100%,84%,26,100%,89%,77,100%,87%,17100%,18600%,3%,90.00%,19,100%,73%,0%,7.80,100%,99%,55,100%,90%,65,100%,92%,63,100%,75%,68,100%,71%,64,100%,92%,68,100%,96%,64,100%,96%,0.99,100%,89%,68,100%,86%,8,100%,90%,0.75,100%,75%,73,100%,86%,7,100%,92%,3,100%,71%,3.96,100%,84%,65,100%,79%,64,100%,97%,67,100%,94%,63,100%,98%,35700%,80%,28600%,33700%,80%,80%,19900%,20400%,1.00,0.70,0%,31900%,35100%,100%,73%,25600%,26400%,100%,99%,31800%,42500%,100%,93%,29400%,35900%,80%,85%,39500%,49400%,100%,86%,32000%,33000%,80%,89%,86%,44400%,48300%,80%,85%,27800%,36700%,80%,78%,98%,39100%,48900%,90%,82%,34000%,46000%,80%,90%,23800%,27700%,80%,99%,37200%,43300%,90%,86%,15300%,18900%,80%,81%,95%,437%,288,320,80%,72%,140,198,80%,91%,294,415,80%,93%,234.00,330.00,80%,96%,3,70%,75%,181,219,70%,71%,320,433,30%,80%,93%,246,254,90%,90%,122,144,95%,78%,124,142,70%,74%,93.00,115.00,90%,98%,267,273,90%,94%,87%,188,265,60%,74%,14.70,2000%,72%,76,400%,98%,51,800%,78%,84%,429,10,432,95%,100.0%,122,110,90%,100.0%,100.0%,420,452,95%,97.8%,288,348,80%,100.0%,249,294,85%,99.6%,327,399,90%,91.1%,99%,0.00%,91.00%,95.00%,74.00%,131.07%
DS,II,16,26,100%,0%,71.4000,100%,78%,362.0000,427.0000,75%,72%,155.0000,210.0000,100%,88%,90%,115,100%,100%,12,100%,78%,26,100%,75%,72,100%,87%,18800%,21400%,3%,76.00%,18,100%,92%,0%,7.27,100%,94%,54,100%,88%,63,100%,83%,66,100%,85%,66,100%,86%,64,100%,75%,67,100%,94%,64,100%,81%,0.96,100%,81%,67,100%,89%,8,100%,81%,0.74,100%,90%,68,100%,73%,7,100%,77%,3,100%,78%,3.88,100%,94%,62,100%,96%,62,100%,94%,66,100%,81%,62,100%,86%,14600%,80%,20400%,21100%,80%,75%,22800%,32600%,1.00,0.98,0%,32100%,34900%,100%,94%,31200%,35900%,100%,71%,32600%,45300%,100%,86%,8600%,10200%,80%,97%,13500%,14000%,100%,71%,14900%,20700%,80%,93%,84%,20600%,26800%,80%,84%,8400%,11900%,80%,98%,98%,18000%,20300%,90%,96%,10900%,14600%,80%,85%,41400%,48800%,80%,100%,9300%,12100%,90%,89%,24400%,31300%,80%,97%,83%,435%,262,298,80%,76%,288,304,80%,79%,357,431,80%,80%,357.00,436.00,80%,95%,2,70%,93%,162,201,70%,74%,440,500,30%,78%,81%,293,303,90%,84%,116,121,95%,70%,171,232,70%,100%,190.00,248.00,90%,95%,291,405,90%,86%,78%,109,116,60%,72%,15.45,2000%,91%,110,400%,78%,129,800%,72%,87%,286,25,335,95%,82.0%,177,171,90%,100.0%,91.0%,457,462,95%,100.0%,421,496,80%,100.0%,494,499,85%,100.0%,338,403,90%,93.2%,100%,0.00%,87.00%,75.00%,88.00%,130.57%
DS,III,8,12,100%,0%,67.9000,100%,89%,231.0000,260.0000,75%,94%,122.0000,153.0000,100%,75%,78%,120,100%,97%,12,100%,87%,24,100%,97%,74,100%,96%,35700%,39300%,3%,76.00%,18,100%,83%,0%,7.20,100%,75%,56,100%,90%,66,100%,75%,63,100%,95%,66,100%,86%,62,100%,90%,66,100%,88%,67,100%,94%,0.97,100%,94%,66,100%,98%,8,100%,92%,0.72,100%,93%,69,100%,91%,7,100%,100%,3,100%,92%,3.96,100%,82%,66,100%,94%,67,100%,86%,66,100%,93%,67,100%,90%,19300%,80%,10300%,11300%,80%,82%,36600%,47600%,1.00,0.77,0%,19900%,21900%,100%,83%,13900%,16200%,100%,77%,12000%,12500%,100%,94%,8500%,11300%,80%,82%,19400%,20300%,100%,98%,18900%,26000%,80%,86%,86%,30200%,38800%,80%,82%,27500%,36700%,80%,84%,97%,29400%,33900%,90%,100%,16300%,22100%,80%,88%,29200%,34400%,80%,79%,38500%,41400%,90%,97%,29500%,40500%,80%,77%,98%,439%,124,168,80%,98%,138,195,80%,99%,147,166,80%,96%,236.00,311.00,80%,92%,3,70%,97%,329,362,70%,94%,72,102,30%,88%,74%,417,459,90%,90%,107,114,95%,90%,255,287,70%,88%,316.00,344.00,90%,72%,357,372,90%,90%,93%,90,128,60%,73%,15.60,2000%,98%,94,400%,77%,165,800%,84%,78%,236,13,235,95%,99.9%,160,155,90%,100.0%,99.9%,338,470,95%,75.7%,247,284,80%,100.0%,354,377,85%,100.0%,396,422,90%,100.0%,92%,0.00%,87.00%,89.00%,81.00%,131.66%
DS,IV,16,27,100%,0%,72.8000,100%,72%,228.0000,240.0000,75%,77%,229.0000,328.0000,100%,77%,91%,118,100%,73%,12,100%,86%,25,100%,87%,76,100%,93%,23200%,30600%,3%,95.00%,17,100%,74%,0%,7.27,100%,99%,57,100%,88%,66,100%,86%,66,100%,95%,64,100%,84%,67,100%,99%,64,100%,83%,62,100%,94%,1.02,100%,88%,64,100%,84%,8,100%,72%,0.73,100%,84%,68,100%,88%,7,100%,99%,2,100%,76%,3.96,100%,98%,66,100%,75%,63,100%,78%,63,100%,93%,66,100%,90%,30700%,80%,26600%,29300%,80%,93%,21900%,23300%,1.00,0.85,0%,26500%,29800%,100%,90%,15700%,19700%,100%,74%,18100%,21100%,100%,82%,31700%,32400%,80%,74%,38100%,42400%,100%,89%,9500%,12700%,80%,90%,84%,9000%,10300%,80%,74%,34200%,39800%,80%,83%,98%,28100%,35200%,90%,89%,28100%,29600%,80%,84%,9700%,10100%,80%,78%,25300%,28800%,90%,96%,32400%,39100%,80%,79%,77%,434%,405,414,80%,74%,315,426,80%,74%,87,101,80%,83%,410.00,446.00,80%,90%,3,70%,100%,246,297,70%,83%,193,236,30%,93%,77%,283,315,90%,92%,107,145,95%,91%,156,217,70%,99%,459.00,479.00,90%,98%,364,473,90%,86%,94%,99,132,60%,99%,15.15,2000%,71%,70,400%,100%,116,800%,83%,96%,114,8,121,95%,92.2%,229,218,90%,100.0%,96.1%,426,459,95%,97.7%,412,425,80%,100.0%,176,190,85%,100.0%,452,471,90%,100.0%,99%,0.00%,91.00%,87.00%,84.00%,130.27%
DS,V,15,26,100%,0%,69.3000,100%,99%,89.0000,119.0000,75%,82%,94.0000,118.0000,100%,90%,73%,116,100%,97%,12,100%,82%,26,100%,78%,74,100%,73%,24800%,33600%,3%,99.00%,17,100%,95%,0%,7.58,100%,91%,54,100%,99%,66,100%,94%,64,100%,83%,64,100%,82%,65,100%,73%,66,100%,74%,66,100%,76%,1.00,100%,99%,65,100%,75%,8,100%,78%,0.74,100%,93%,72,100%,92%,7,100%,80%,2,100%,96%,4.08,100%,81%,64,100%,81%,66,100%,86%,67,100%,74%,66,100%,77%,41600%,80%,10700%,11900%,80%,91%,26800%,37800%,1.00,0.97,0%,27400%,33500%,100%,100%,37500%,40800%,100%,81%,11500%,13300%,100%,90%,43500%,47900%,80%,89%,29200%,34000%,100%,83%,31900%,43700%,80%,84%,85%,19700%,23500%,80%,73%,29500%,32800%,80%,77%,98%,43400%,49900%,90%,92%,30800%,41700%,80%,79%,16900%,23900%,80%,82%,28600%,36300%,90%,78%,21500%,30400%,80%,92%,92%,433%,135,159,80%,80%,259,341,80%,95%,181,227,80%,76%,394.00,443.00,80%,82%,2,70%,80%,267,291,70%,74%,321,453,30%,80%,71%,150,190,90%,87%,314,342,95%,95%,162,203,70%,89%,292.00,361.00,90%,84%,133,180,90%,82%,78%,105,140,60%,95%,15.45,2000%,93%,69,400%,95%,46,800%,76%,84%,136,7,149,95%,91.1%,455,425,90%,100.0%,95.6%,261,278,95%,98.8%,263,303,80%,100.0%,101,122,85%,97.4%,178,244,90%,81.1%,99%,0.00%,100.00%,86.00%,80.00%,129.99%
DS,VI,12,19,100%,0%,70.0000,100%,77%,338.0000,408.0000,75%,96%,289.0000,396.0000,100%,77%,74%,120,100%,81%,12,100%,80%,25,100%,87%,72,100%,74%,37600%,45400%,3%,81.00%,19,100%,78%,0%,7.65,100%,96%,53,100%,94%,68,100%,91%,64,100%,70%,66,100%,83%,67,100%,89%,66,100%,85%,67,100%,71%,1.04,100%,71%,66,100%,80%,8,100%,95%,0.72,100%,74%,73,100%,93%,7,100%,90%,3,100%,98%,3.88,100%,77%,65,100%,73%,63,100%,79%,65,100%,90%,67,100%,77%,17200%,80%,22800%,25700%,80%,92%,42000%,50000%,1.00,0.94,0%,23700%,25300%,100%,77%,10400%,13800%,100%,100%,9500%,10000%,100%,90%,34600%,41300%,80%,75%,29400%,40400%,100%,88%,11000%,15100%,80%,85%,83%,19900%,24000%,80%,75%,9700%,11100%,80%,95%,97%,27800%,39200%,90%,76%,9400%,10400%,80%,83%,19300%,25400%,80%,96%,21600%,28900%,90%,96%,23400%,30100%,80%,72%,85%,432%,396,409,80%,88%,101,132,80%,72%,348,453,80%,100%,429.00,488.00,80%,80%,3,70%,96%,402,497,70%,94%,192,271,30%,72%,88%,85,112,90%,83%,317,373,95%,71%,227,232,70%,91%,239.00,337.00,90%,100%,419,471,90%,91%,77%,281,335,60%,88%,14.85,2000%,79%,39,400%,99%,174,800%,86%,76%,471,53,455,95%,96.7%,378,356,90%,100.0%,98.4%,301,347,95%,91.3%,451,470,80%,100.0%,129,173,85%,87.7%,272,313,90%,96.6%,93%,0.00%,70.00%,97.00%,80.00%,129.57%
DS,VII,14,23,100%,0%,67.2000,100%,70%,208.0000,257.0000,75%,88%,132.0000,156.0000,100%,98%,84%,122,100%,73%,12,100%,71%,25,100%,80%,77,100%,75%,37300%,40200%,3%,80.00%,17,100%,82%,0%,7.27,100%,83%,55,100%,71%,66,100%,71%,62,100%,72%,64,100%,95%,62,100%,70%,63,100%,100%,64,100%,85%,0.99,100%,98%,67,100%,89%,8,100%,88%,0.77,100%,96%,71,100%,92%,7,100%,83%,2,100%,91%,3.88,100%,98%,65,100%,74%,63,100%,89%,67,100%,87%,64,100%,82%,26600%,80%,19700%,23800%,80%,79%,29000%,37200%,1.00,0.84,0%,12800%,13200%,100%,92%,16400%,22600%,100%,80%,31900%,37200%,100%,70%,20900%,26200%,80%,94%,37400%,41100%,100%,83%,38800%,48500%,80%,86%,84%,11000%,15800%,80%,88%,32000%,35200%,80%,98%,96%,33500%,36500%,90%,81%,32700%,35600%,80%,96%,38000%,45300%,80%,87%,35700%,42600%,90%,85%,9900%,11100%,80%,77%,76%,424%,228,327,80%,70%,279,310,80%,74%,471,496,80%,95%,219.00,297.00,80%,80%,3,70%,82%,268,309,70%,70%,258,291,30%,87%,90%,300,342,90%,82%,98,103,95%,73%,444,463,70%,75%,425.00,463.00,90%,90%,314,419,90%,96%,95%,267,304,60%,90%,15.15,2000%,74%,103,400%,87%,106,800%,97%,91%,156,8,150,95%,100.0%,262,249,90%,100.0%,100.0%,358,385,95%,97.9%,139,141,80%,100.0%,217,282,85%,90.5%,327,437,90%,83.1%,96%,0.00%,89.00%,80.00%,91.00%,127.32%
DS,VIII,16,26,100%,0%,71.4000,100%,93%,119.0000,130.0000,75%,70%,291.0000,364.0000,100%,83%,81%,120,100%,75%,12,100%,85%,25,100%,96%,77,100%,88%,35800%,46500%,3%,89.00%,18,100%,79%,0%,7.35,100%,85%,55,100%,77%,65,100%,89%,63,100%,100%,68,100%,80%,63,100%,74%,64,100%,75%,66,100%,79%,1.04,100%,85%,62,100%,80%,8,100%,76%,0.76,100%,81%,68,100%,99%,7,100%,96%,3,100%,99%,4.04,100%,74%,67,100%,79%,67,100%,92%,67,100%,93%,68,100%,79%,36800%,80%,14500%,15300%,80%,93%,9400%,13500%,1.00,0.86,0%,13900%,17000%,100%,90%,33600%,34700%,100%,92%,41100%,45200%,100%,94%,15800%,17400%,80%,100%,35700%,38000%,100%,84%,35600%,46900%,80%,74%,84%,40900%,45500%,80%,76%,14100%,16400%,80%,83%,97%,33800%,38000%,90%,80%,14900%,15600%,80%,75%,17200%,20000%,80%,100%,9200%,11200%,90%,100%,30600%,43200%,80%,90%,92%,429%,175,250,80%,92%,105,123,80%,98%,254,349,80%,85%,417.00,464.00,80%,70%,3,70%,100%,359,387,70%,78%,273,380,30%,99%,88%,379,446,90%,97%,337,433,95%,88%,195,268,70%,79%,302.00,409.00,90%,95%,315,329,90%,88%,89%,196,228,60%,88%,15.45,2000%,77%,81,400%,91%,155,800%,93%,99%,238,22,221,95%,100.0%,172,168,90%,100.0%,100.0%,175,234,95%,78.7%,336,467,80%,89.9%,191,193,85%,100.0%,268,328,90%,90.8%,90%,0.00%,95.00%,93.00%,75.00%,128.57%
DS,I,276,31100%,100%,73%,835.1000,100%,0%,"3,525.0000","4,205.0000",75%,84%,"3,099.0000","3,522.0000",100%,88%,0%,124,100%,86%,12,100%,72%,24,100%,73%,74,100%,99%,19600%,26600%,3%,79.00%,17,100%,71%,0%,7.27,100%,90%,56,100%,85%,64,100%,93%,68,100%,83%,66,100%,73%,66,100%,70%,68,100%,97%,63,100%,87%,0.99,100%,97%,64,100%,80%,8,100%,96%,0.76,100%,86%,71,100%,74%,7,100%,77%,3,100%,81%,3.84,100%,91%,63,100%,99%,64,100%,77%,66,100%,97%,66,100%,71%,49800%,80%,15500%,15900%,80%,82%,18400%,24900%,1.00,0.96,0%,31200%,33200%,100%,87%,15600%,22400%,100%,75%,22200%,31400%,100%,94%,32900%,37900%,80%,87%,23900%,31100%,100%,90%,9300%,13300%,80%,81%,86%,19000%,25800%,80%,86%,34100%,41100%,80%,85%,98%,19500%,24800%,90%,86%,18500%,23800%,80%,88%,34900%,36400%,80%,82%,36900%,38500%,90%,96%,8900%,12100%,80%,83%,88%,437%,111,148,80%,90%,119,170,80%,91%,449,473,80%,73%,344.00,383.00,80%,78%,3,70%,85%,174,184,70%,80%,345,480,30%,83%,83%,209,262,90%,77%,157,192,95%,92%,380,401,70%,78%,369.00,456.00,90%,92%,99,119,90%,70%,72%,429,472,60%,100%,15.00,2000%,81%,112,400%,95%,105,800%,96%,98%,339,22,373,95%,89.5%,285,276,90%,100.0%,94.7%,299,309,95%,100.0%,206,246,80%,100.0%,258,344,85%,88.2%,315,427,90%,82.0%,100%,0.00%,71.00%,90.00%,100.00%,131.07%
DS,II,307,31400%,100%,98%,"1,821.4000",100%,0%,"6,688.0000","8,022.0000",75%,83%,"6,135.0000","7,617.0000",100%,81%,0%,115,100%,86%,12,100%,83%,24,100%,88%,78,100%,98%,20400%,25900%,3%,98.00%,17,100%,77%,0%,7.73,100%,96%,56,100%,82%,64,100%,97%,66,100%,78%,67,100%,90%,68,100%,100%,62,100%,93%,67,100%,81%,1.02,100%,77%,66,100%,83%,8,100%,98%,0.73,100%,80%,73,100%,76%,7,100%,91%,2,100%,84%,4.00,100%,87%,66,100%,72%,64,100%,96%,67,100%,74%,66,100%,84%,38400%,80%,26200%,32400%,80%,91%,11300%,13800%,1.00,0.99,0%,35100%,43400%,100%,81%,14100%,15600%,100%,86%,32300%,35900%,100%,81%,20800%,28500%,80%,91%,15800%,18000%,100%,82%,43000%,47800%,80%,75%,84%,23700%,31300%,80%,91%,13800%,17100%,80%,89%,98%,22600%,23400%,90%,98%,48100%,49600%,80%,77%,22700%,32500%,80%,77%,13200%,18900%,90%,93%,23900%,25700%,80%,70%,75%,435%,205,248,80%,88%,230,329,80%,97%,102,107,80%,70%,303.00,366.00,80%,89%,2,70%,78%,308,321,70%,91%,242,303,30%,96%,87%,244,302,90%,97%,182,237,95%,89%,224,271,70%,99%,320.00,382.00,90%,83%,164,170,90%,97%,81%,198,265,60%,86%,15.30,2000%,95%,48,400%,89%,39,800%,77%,73%,278,25,306,95%,87.0%,362,338,90%,100.0%,93.5%,202,236,95%,90.1%,355,480,80%,92.4%,180,244,85%,86.8%,454,473,90%,100.0%,80%,50.00%,97.00%,93.00%,70.00%,130.57%
DS,III,116,12300%,100%,75%,842.8000,100%,0%,"3,067.0000","3,678.0000",75%,83%,"2,929.0000","3,461.0000",100%,85%,0%,121,100%,73%,12,100%,99%,26,100%,76%,77,100%,85%,43100%,47900%,3%,70.00%,18,100%,94%,0%,7.50,100%,82%,54,100%,94%,62,100%,86%,63,100%,71%,64,100%,78%,65,100%,77%,63,100%,100%,63,100%,70%,0.99,100%,89%,62,100%,91%,8,100%,100%,0.77,100%,70%,73,100%,83%,7,100%,94%,3,100%,87%,4.12,100%,88%,66,100%,81%,68,100%,87%,66,100%,84%,64,100%,99%,17200%,80%,28300%,36300%,80%,99%,29700%,40200%,1.00,0.99,0%,42200%,44900%,100%,73%,11000%,15500%,100%,88%,40700%,45800%,100%,74%,33900%,45300%,80%,85%,23800%,32200%,100%,94%,30800%,42900%,80%,75%,86%,24000%,28300%,80%,99%,43100%,47400%,80%,99%,97%,31400%,36200%,90%,77%,24200%,25300%,80%,79%,30800%,41100%,80%,86%,29200%,37000%,90%,83%,32300%,33400%,80%,95%,88%,439%,233,262,80%,94%,178,203,80%,98%,154,196,80%,79%,216.00,301.00,80%,75%,3,70%,93%,297,363,70%,70%,93,106,30%,81%,96%,198,265,90%,84%,164,216,95%,90%,96,124,70%,81%,222.00,259.00,90%,84%,151,213,90%,74%,83%,79,109,60%,100%,14.55,2000%,78%,173,400%,75%,40,800%,71%,88%,356,39,412,95%,81.0%,276,246,90%,100.0%,90.5%,372,449,95%,87.2%,347,399,80%,100.0%,259,317,85%,96.1%,373,377,90%,100.0%,70%,0.00%,87.00%,99.00%,79.00%,131.66%
DS,IV,344,36700%,100%,74%,"1,874.6000",100%,0%,"6,609.0000","7,843.0000",75%,84%,"7,154.0000","8,478.0000",100%,84%,0%,118,100%,83%,12,100%,79%,26,100%,90%,74,100%,80%,22200%,23700%,3%,85.00%,18,100%,94%,0%,7.65,100%,75%,57,100%,80%,64,100%,91%,63,100%,100%,66,100%,79%,67,100%,79%,65,100%,87%,63,100%,79%,0.98,100%,81%,63,100%,77%,8,100%,96%,0.75,100%,92%,69,100%,83%,7,100%,92%,3,100%,85%,3.96,100%,78%,64,100%,90%,62,100%,80%,66,100%,93%,64,100%,91%,46600%,80%,14000%,16500%,80%,96%,45300%,46300%,1.00,0.87,0%,12000%,15500%,100%,75%,37400%,43000%,100%,82%,16500%,22300%,100%,74%,21600%,30100%,80%,86%,26100%,32700%,100%,71%,21400%,27100%,80%,81%,84%,27000%,29400%,80%,99%,25000%,28500%,80%,85%,98%,26200%,35500%,90%,95%,40600%,45200%,80%,83%,35600%,36400%,80%,94%,9100%,10200%,90%,84%,11700%,16600%,80%,81%,77%,434%,135,140,80%,100%,135,147,80%,78%,364,388,80%,75%,307.00,375.00,80%,80%,3,70%,85%,301,387,70%,70%,190,221,30%,79%,81%,294,420,90%,85%,171,175,95%,93%,257,306,70%,95%,395.00,404.00,90%,89%,370,398,90%,95%,70%,152,162,60%,99%,14.85,2000%,88%,111,400%,71%,106,800%,75%,78%,401,22,395,95%,100.0%,258,250,90%,100.0%,100.0%,400,445,95%,94.6%,258,284,80%,100.0%,122,126,85%,100.0%,408,470,90%,96.5%,84%,0.00%,89.00%,70.00%,98.00%,130.27%
DS,V,193,19900%,100%,87%,"1,805.3000",100%,0%,"5,566.0000","6,714.0000",75%,83%,"6,516.0000","7,765.0000",100%,84%,0%,120,100%,97%,12,100%,81%,25,100%,100%,77,100%,97%,14500%,16500%,3%,92.00%,17,100%,75%,0%,7.20,100%,92%,53,100%,88%,62,100%,84%,68,100%,85%,63,100%,79%,65,100%,71%,65,100%,94%,66,100%,99%,0.96,100%,100%,64,100%,87%,8,100%,86%,0.74,100%,84%,71,100%,85%,7,100%,98%,3,100%,93%,3.88,100%,79%,62,100%,97%,62,100%,76%,63,100%,78%,67,100%,97%,17400%,80%,23100%,24600%,80%,92%,47400%,48900%,1.00,0.78,0%,31000%,32000%,100%,98%,21600%,24600%,100%,99%,33000%,46600%,100%,70%,34800%,38300%,80%,73%,14500%,15300%,100%,79%,17100%,18400%,80%,94%,85%,41000%,46700%,80%,86%,12300%,13600%,80%,94%,98%,17000%,19600%,90%,84%,15600%,18600%,80%,79%,18100%,23600%,80%,77%,11300%,14500%,90%,74%,30500%,38200%,80%,78%,72%,433%,352,383,80%,79%,252,361,80%,82%,376,396,80%,87%,294.00,387.00,80%,81%,3,70%,71%,283,378,70%,86%,96,120,30%,95%,100%,87,104,90%,80%,340,355,95%,72%,374,468,70%,71%,130.00,155.00,90%,95%,253,309,90%,100%,70%,141,170,60%,79%,15.30,2000%,84%,166,400%,73%,126,800%,74%,80%,341,37,363,95%,88.2%,173,160,90%,100.0%,94.1%,125,129,95%,100.0%,297,359,80%,100.0%,196,229,85%,100.0%,317,382,90%,92.2%,78%,50.00%,93.00%,80.00%,76.00%,129.99%
DS,VI,208,29300%,100%,85%,"1,341.2000",100%,0%,"5,055.0000","6,024.0000",75%,84%,"4,771.0000","5,703.0000",100%,84%,0%,125,100%,94%,12,100%,94%,25,100%,93%,78,100%,86%,26600%,34600%,3%,97.00%,19,100%,80%,0%,7.20,100%,77%,56,100%,91%,66,100%,84%,62,100%,74%,62,100%,71%,64,100%,99%,64,100%,97%,64,100%,70%,1.02,100%,94%,62,100%,88%,8,100%,75%,0.78,100%,98%,71,100%,75%,7,100%,97%,2,100%,86%,4.00,100%,82%,62,100%,75%,64,100%,87%,62,100%,90%,62,100%,73%,15500%,80%,25400%,31800%,80%,83%,30200%,31200%,1.00,0.94,0%,29100%,39900%,100%,79%,18000%,20000%,100%,93%,34300%,47100%,100%,99%,11000%,14000%,80%,96%,39700%,41800%,100%,98%,32400%,45100%,80%,70%,83%,25300%,34200%,80%,100%,20600%,26200%,80%,90%,97%,29700%,40700%,90%,72%,24800%,30300%,80%,77%,34200%,38900%,80%,87%,22800%,25100%,90%,82%,15900%,17000%,80%,76%,74%,432%,230,316,80%,99%,260,367,80%,76%,141,175,80%,78%,236.00,246.00,80%,96%,3,70%,95%,391,399,70%,85%,136,180,30%,98%,76%,376,443,90%,82%,262,320,95%,70%,234,335,70%,99%,253.00,270.00,90%,97%,92,103,90%,99%,95%,271,309,60%,93%,14.85,2000%,83%,94,400%,76%,118,800%,82%,77%,406,52,467,95%,79.8%,340,323,90%,100.0%,89.9%,352,483,95%,76.7%,465,495,80%,100.0%,356,400,85%,100.0%,324,386,90%,93.3%,78%,50.00%,80.00%,76.00%,72.00%,129.57%
DS,VII,292,40100%,100%,80%,"1,612.1000",100%,0%,"4,845.0000","5,802.0000",75%,84%,"5,474.0000","6,524.0000",100%,84%,0%,115,100%,76%,12,100%,78%,24,100%,90%,78,100%,84%,28700%,39400%,3%,98.00%,18,100%,94%,0%,7.27,100%,82%,57,100%,75%,66,100%,81%,62,100%,83%,67,100%,88%,66,100%,97%,65,100%,72%,68,100%,73%,0.97,100%,82%,67,100%,96%,8,100%,81%,0.78,100%,80%,73,100%,79%,7,100%,72%,3,100%,86%,3.88,100%,72%,64,100%,83%,64,100%,95%,62,100%,97%,66,100%,80%,26100%,80%,15300%,16300%,80%,92%,27800%,31300%,1.00,0.81,0%,29400%,30000%,100%,89%,22900%,23700%,100%,89%,18400%,23300%,100%,71%,18300%,25900%,80%,75%,7900%,10300%,100%,98%,47400%,48900%,80%,81%,84%,29600%,32600%,80%,75%,16100%,18100%,80%,91%,96%,43100%,47400%,90%,91%,34600%,48100%,80%,87%,27800%,35200%,80%,95%,22600%,24100%,90%,95%,26500%,28500%,80%,84%,91%,424%,223,246,80%,99%,308,351,80%,84%,200,241,80%,96%,359.00,409.00,80%,90%,2,70%,94%,337,427,70%,99%,276,322,30%,93%,86%,306,326,90%,96%,274,289,95%,96%,327,414,70%,73%,346.00,428.00,90%,89%,253,261,90%,85%,74%,304,429,60%,92%,14.55,2000%,94%,158,400%,95%,97,800%,80%,90%,191,12,209,95%,90.2%,240,214,90%,100.0%,95.1%,352,441,95%,84.0%,253,264,80%,100.0%,263,269,85%,100.0%,186,249,90%,83.0%,100%,0.00%,83.00%,92.00%,77.00%,127.32%
DS,VIII,389,41900%,100%,96%,"1,823.5000",100%,0%,"5,488.0000","6,542.0000",75%,84%,"6,188.0000","7,369.0000",100%,84%,0%,120,100%,100%,12,100%,78%,25,100%,94%,76,100%,84%,37800%,41600%,3%,94.00%,18,100%,95%,0%,7.80,100%,78%,55,100%,93%,68,100%,79%,67,100%,81%,68,100%,86%,64,100%,95%,65,100%,70%,64,100%,73%,1.00,100%,86%,64,100%,74%,8,100%,71%,0.72,100%,71%,73,100%,73%,7,100%,100%,3,100%,93%,4.04,100%,89%,62,100%,75%,64,100%,79%,64,100%,91%,64,100%,70%,36000%,80%,34500%,45500%,80%,73%,20600%,21300%,1.00,0.96,0%,10400%,13200%,100%,85%,19000%,26800%,100%,72%,23800%,27700%,100%,95%,21100%,26400%,80%,88%,38900%,44300%,100%,72%,17700%,19900%,80%,98%,84%,34000%,46600%,80%,82%,42900%,49900%,80%,99%,97%,34100%,39300%,90%,86%,28600%,38200%,80%,82%,15300%,19700%,80%,78%,41900%,43700%,90%,83%,11600%,12100%,80%,99%,85%,89%,294,301,80%,92%,223,257,80%,96%,290,326,80%,97%,256.00,346.00,80%,72%,2,70%,80%,220,237,70%,78%,175,222,30%,93%,70%,409,460,90%,86%,161,186,95%,79%,171,184,70%,73%,282.00,382.00,90%,99%,263,333,90%,76%,70%,371,448,60%,87%,14.85,2000%,97%,177,400%,71%,99,800%,97%,93%,341,14,376,95%,91.5%,186,177,90%,100.0%,95.8%,399,416,95%,100.0%,413,486,80%,100.0%,317,397,85%,93.9%,129,168,90%,85.3%,82%,0.00%,76.00%,81.00%,99.00%,26.70%
DS,I,365,43000%,100%,96%,70.0000,100%,100%,197.0000,235.0000,75%,85%,184.0000,230.0000,100%,80%,79%,125,100%,76%,12,100%,76%,24,100%,92%,74,100%,85%,26600%,32900%,3%,99.00%,17,100%,80%,91%,7.20,100%,71%,57,100%,79%,62,100%,99%,64,100%,76%,65,100%,99%,68,100%,77%,66,100%,76%,68,100%,83%,1.02,100%,86%,67,100%,70%,8,100%,78%,0.72,100%,90%,72,100%,78%,7,100%,95%,2,100%,93%,3.84,100%,73%,64,100%,72%,66,100%,74%,68,100%,94%,63,100%,79%,30900%,70%,25500%,27800%,80%,77%,16600%,18300%,1.00,0.95,86%,13500%,16900%,100%,70%,20900%,26900%,100%,80%,34000%,46000%,100%,83%,7600%,10200%,80%,81%,10800%,12200%,100%,87%,32700%,38100%,80%,82%,95%,42600%,44000%,80%,90%,21400%,24700%,80%,84%,98%,18400%,19400%,90%,74%,24700%,26900%,80%,77%,17000%,20800%,80%,72%,15500%,20400%,90%,86%,30400%,31100%,80%,79%,88%,98%,123,167,80%,92%,348,477,80%,73%,322,393,80%,72%,123.00,158.00,80%,94%,3,70%,88%,321,335,70%,80%,251,345,30%,93%,75%,178,198,90%,98%,182,198,95%,74%,306,316,70%,94%,162.00,226.00,90%,83%,284,323,90%,74%,74%,235,306,60%,83%,15.45,2000%,80%,155,400%,97%,119,800%,76%,93%,139,185,265,95%,-17%,383.00,457.00,90%,0%,-9%,33700%,37500%,95%,82%,15400%,17400%,80%,84%,33500%,39900%,85%,95%,32900%,46400%,90%,93%,96%,98.00%,72.00%,80.00%,32.00%,-5.21%
DS,II,294,42000%,100%,78%,72.8000,100%,89%,314.0000,357.0000,75%,95%,267.0000,318.0000,100%,77%,79%,119,100%,78%,12,100%,93%,26,100%,82%,73,100%,76%,23400%,26700%,3%,96.00%,18,100%,80%,93%,7.50,100%,75%,57,100%,97%,66,100%,93%,64,100%,96%,67,100%,92%,66,100%,86%,64,100%,77%,66,100%,94%,0.99,100%,73%,65,100%,85%,8,100%,78%,0.73,100%,85%,73,100%,100%,7,100%,99%,3,100%,78%,4.16,100%,99%,62,100%,76%,67,100%,84%,62,100%,79%,67,100%,93%,45600%,78%,13000%,16300%,80%,83%,40400%,42600%,1.00,0.88,72%,38300%,41200%,100%,89%,25800%,34400%,100%,81%,25700%,32600%,100%,70%,31700%,41800%,80%,96%,33500%,39000%,100%,82%,16100%,17700%,80%,92%,96%,30400%,38500%,80%,98%,10100%,10500%,80%,81%,88%,38900%,48700%,90%,93%,37500%,39100%,80%,99%,13500%,17800%,80%,70%,18700%,22600%,90%,89%,18200%,20000%,80%,97%,96%,78%,120,167,80%,92%,384,452,80%,94%,288,320,80%,93%,168.00,194.00,80%,91%,3,70%,78%,386,444,70%,98%,302,344,30%,72%,93%,203,268,90%,100%,241,291,95%,81%,180,232,70%,75%,293.00,299.00,90%,82%,142,187,90%,77%,72%,153,187,60%,80%,14.40,2000%,73%,168,400%,92%,62,800%,70%,97%,52,179,183,95%,0%,104.00,129.00,90%,0%,0%,35600%,47500%,95%,86%,26400%,36300%,80%,96%,8300%,10400%,85%,75%,24300%,26200%,90%,70%,80%,70.00%,99.00%,74.00%,32.00%,0.00%
DS,III,183,25500%,100%,88%,67.2000,100%,81%,183.0000,202.0000,75%,97%,310.0000,370.0000,100%,75%,78%,125,100%,84%,12,100%,75%,25,100%,76%,72,100%,99%,27500%,36300%,3%,75.00%,19,100%,80%,84%,7.50,100%,86%,56,100%,82%,62,100%,92%,68,100%,80%,64,100%,75%,62,100%,97%,65,100%,74%,68,100%,90%,1.01,100%,96%,68,100%,85%,8,100%,92%,0.72,100%,72%,69,100%,95%,7,100%,95%,3,100%,75%,3.96,100%,97%,68,100%,88%,67,100%,71%,68,100%,75%,64,100%,74%,21900%,84%,11600%,12700%,80%,74%,27800%,38200%,1.00,0.80,97%,31300%,40200%,100%,94%,22400%,28000%,100%,83%,21300%,24300%,100%,93%,24600%,30000%,80%,87%,26900%,38500%,100%,96%,33000%,34100%,80%,98%,86%,9500%,11800%,80%,99%,14700%,16400%,80%,82%,85%,8600%,12000%,90%,88%,20600%,22000%,80%,75%,38200%,39000%,80%,70%,39600%,41300%,90%,71%,31000%,40800%,80%,73%,79%,76%,107,136,80%,82%,448,488,80%,77%,104,107,80%,89%,323.00,381.00,80%,96%,3,70%,94%,233,281,70%,85%,206,283,30%,87%,97%,138,195,90%,88%,353,380,95%,79%,175,251,70%,93%,387.00,404.00,90%,72%,130,181,90%,91%,80%,241,310,60%,94%,15.15,2000%,80%,85,400%,77%,33,800%,83%,77%,67,301,392,95%,0%,94.00,111.00,90%,0%,0%,15900%,21000%,95%,89%,12500%,13400%,80%,98%,35400%,47300%,85%,84%,11000%,12700%,90%,71%,85%,100.00%,73.00%,73.00%,32.00%,0.00%
DS,IV,174,18400%,100%,87%,71.4000,100%,89%,89.0000,123.0000,75%,70%,158.0000,182.0000,100%,91%,76%,119,100%,99%,12,100%,92%,26,100%,93%,73,100%,90%,38800%,44200%,3%,84.00%,19,100%,80%,98%,7.65,100%,70%,56,100%,100%,64,100%,92%,67,100%,76%,62,100%,75%,66,100%,78%,62,100%,100%,66,100%,87%,1.04,100%,71%,66,100%,98%,8,100%,89%,0.75,100%,95%,73,100%,74%,7,100%,76%,2,100%,75%,4.04,100%,79%,64,100%,77%,65,100%,93%,63,100%,83%,64,100%,76%,37600%,100%,43100%,47900%,80%,92%,9900%,13300%,1.00,0.90,100%,13600%,16600%,100%,83%,13500%,15100%,100%,84%,17200%,21000%,100%,85%,26100%,27800%,80%,74%,15100%,15800%,100%,86%,35000%,39400%,80%,74%,76%,18800%,20500%,80%,92%,22700%,26200%,80%,76%,81%,19200%,20700%,90%,97%,8000%,10500%,80%,78%,12700%,16800%,80%,90%,25700%,30300%,90%,99%,27900%,37300%,80%,95%,86%,98%,366,452,80%,75%,114,161,80%,98%,360,462,80%,78%,355.00,468.00,80%,85%,3,70%,83%,298,351,70%,87%,96,103,30%,85%,99%,356,392,90%,74%,408,449,95%,77%,183,232,70%,87%,200.00,250.00,90%,75%,138,156,90%,71%,84%,183,241,60%,87%,15.60,2000%,95%,172,400%,95%,51,800%,96%,70%,64,235,323,95%,0%,346.00,456.00,90%,0%,0%,9100%,11300%,95%,83%,38000%,43700%,80%,88%,16200%,16800%,85%,74%,37500%,41300%,90%,71%,86%,100.00%,88.00%,87.00%,32.00%,0.00%
DS,V,110,14900%,100%,92%,72.8000,100%,71%,431.0000,445.0000,75%,88%,203.0000,254.0000,100%,98%,79%,119,100%,86%,12,100%,85%,24,100%,76%,74,100%,87%,11300%,13300%,3%,70.00%,19,100%,80%,87%,7.73,100%,96%,57,100%,73%,64,100%,73%,64,100%,96%,66,100%,96%,67,100%,93%,64,100%,92%,65,100%,76%,1.03,100%,82%,64,100%,80%,8,100%,87%,0.73,100%,86%,68,100%,85%,7,100%,75%,2,100%,93%,3.92,100%,77%,62,100%,75%,67,100%,75%,67,100%,84%,62,100%,72%,24000%,79%,15900%,21300%,80%,93%,11700%,13300%,1.00,0.76,72%,16000%,20300%,100%,86%,11400%,12700%,100%,86%,21900%,30500%,100%,96%,38500%,44800%,80%,82%,41000%,48300%,100%,76%,27900%,31800%,80%,75%,92%,27700%,35100%,80%,90%,10900%,15700%,80%,84%,86%,24800%,35000%,90%,88%,11500%,13300%,80%,87%,18700%,20600%,80%,77%,23200%,28400%,90%,80%,31400%,38800%,80%,98%,90%,79%,126,176,80%,98%,285,321,80%,78%,139,152,80%,81%,258.00,264.00,80%,97%,3,70%,85%,241,313,70%,71%,323,364,30%,77%,72%,285,301,90%,89%,379,413,95%,77%,425,434,70%,99%,175.00,237.00,90%,75%,320,373,90%,94%,79%,151,156,60%,93%,15.15,2000%,76%,97,400%,90%,44,800%,86%,91%,106,407,434,95%,0%,165.00,218.00,90%,0%,0%,35300%,39700%,95%,100%,7900%,11400%,80%,93%,17100%,19100%,85%,95%,11400%,13500%,90%,74%,86%,90.00%,93.00%,73.00%,32.00%,0.00%
DS,VI,187,24400%,100%,77%,67.9000,100%,71%,157.0000,199.0000,75%,85%,219.0000,293.0000,100%,75%,86%,120,100%,86%,12,100%,84%,26,100%,88%,73,100%,87%,21000%,26700%,3%,95.00%,19,100%,80%,98%,7.58,100%,91%,55,100%,100%,64,100%,90%,62,100%,97%,68,100%,79%,67,100%,98%,64,100%,94%,66,100%,92%,1.02,100%,75%,67,100%,94%,8,100%,77%,0.72,100%,99%,69,100%,79%,7,100%,83%,2,100%,76%,4.16,100%,87%,67,100%,84%,66,100%,80%,63,100%,70%,68,100%,99%,21100%,100%,28600%,33300%,80%,90%,27400%,28000%,1.00,0.99,77%,19600%,22100%,100%,98%,32000%,37300%,100%,91%,14500%,15300%,100%,70%,32300%,44300%,80%,81%,11200%,12900%,100%,94%,40900%,48800%,80%,86%,82%,11800%,13600%,80%,82%,10500%,14000%,80%,79%,99%,10900%,15000%,90%,81%,31300%,39200%,80%,87%,12000%,13500%,80%,70%,19100%,27300%,90%,72%,18300%,19100%,80%,100%,88%,86%,263,334,80%,84%,89,102,80%,87%,200,241,80%,72%,294.00,339.00,80%,73%,3,70%,81%,109,142,70%,70%,366,382,30%,93%,75%,157,216,90%,100%,205,290,95%,88%,190,207,70%,93%,315.00,426.00,90%,77%,305,436,90%,72%,88%,85,121,60%,71%,15.60,2000%,97%,63,400%,94%,142,800%,87%,76%,86,443,487,95%,0%,270.00,294.00,90%,0%,0%,26700%,36100%,95%,77%,29000%,40900%,80%,77%,35500%,44400%,85%,70%,27500%,29000%,90%,94%,92%,77.00%,84.00%,94.00%,32.00%,0.00%
DS,VII,132,15100%,100%,92%,70.0000,100%,86%,264.0000,322.0000,75%,86%,405.0000,483.0000,100%,95%,80%,122,100%,86%,12,100%,72%,24,100%,79%,75,100%,84%,19000%,20900%,3%,78.00%,18,100%,80%,83%,7.80,100%,75%,54,100%,94%,63,100%,87%,64,100%,97%,66,100%,98%,66,100%,74%,68,100%,93%,62,100%,93%,0.97,100%,92%,68,100%,85%,8,100%,72%,0.72,100%,86%,72,100%,90%,7,100%,75%,2,100%,96%,4.12,100%,70%,66,100%,84%,65,100%,98%,66,100%,78%,64,100%,91%,44500%,73%,20700%,27000%,80%,77%,37000%,46300%,1.00,0.90,97%,12200%,14200%,100%,89%,46100%,49100%,100%,76%,14100%,18600%,100%,77%,44000%,48400%,80%,91%,31400%,36200%,100%,71%,11200%,11700%,80%,78%,81%,21600%,28100%,80%,95%,25000%,31700%,80%,73%,96%,29600%,36200%,90%,90%,30000%,40100%,80%,93%,23100%,33000%,80%,72%,22700%,30800%,90%,98%,37500%,42200%,80%,70%,74%,94%,159,199,80%,80%,382,407,80%,75%,155,179,80%,74%,243.00,274.00,80%,73%,3,70%,92%,218,240,70%,100%,247,272,30%,84%,72%,327,425,90%,100%,373,424,95%,72%,355,378,70%,93%,325.00,458.00,90%,82%,122,146,90%,78%,70%,171,184,60%,80%,14.85,2000%,86%,132,400%,87%,170,800%,78%,96%,166,345,402,95%,0%,315.00,421.00,90%,0%,0%,29500%,38400%,95%,85%,31200%,44600%,80%,93%,13500%,18800%,85%,87%,41100%,47900%,90%,74%,91%,95.00%,80.00%,72.00%,32.00%,0.00%
DS,VIII,318,44200%,100%,85%,70.0000,100%,75%,155.0000,202.0000,75%,71%,148.0000,198.0000,100%,98%,85%,120,100%,98%,12,100%,82%,26,100%,75%,78,100%,74%,21100%,26800%,3%,75.00%,18,100%,80%,85%,7.27,100%,71%,56,100%,83%,65,100%,91%,68,100%,97%,68,100%,77%,64,100%,86%,64,100%,92%,67,100%,82%,1.00,100%,97%,64,100%,86%,8,100%,79%,0.76,100%,92%,69,100%,92%,7,100%,94%,3,100%,80%,3.84,100%,91%,67,100%,100%,62,100%,91%,67,100%,71%,66,100%,70%,49300%,97%,23800%,30200%,80%,90%,13800%,17700%,1.00,0.93,95%,15900%,21200%,100%,93%,38400%,47500%,100%,70%,29000%,38200%,100%,83%,24400%,32200%,80%,75%,27300%,28800%,100%,98%,30700%,34500%,80%,84%,80%,15800%,20900%,80%,89%,24700%,26900%,80%,98%,86%,15100%,17800%,90%,79%,31600%,39600%,80%,90%,10200%,12200%,80%,72%,23300%,30700%,90%,83%,40300%,46900%,80%,100%,83%,92%,427,465,80%,90%,95,135,80%,99%,259,346,80%,99%,274.00,292.00,80%,76%,2,70%,70%,480,490,70%,75%,265,359,30%,94%,82%,238,322,90%,87%,184,217,95%,73%,125,155,70%,88%,296.00,395.00,90%,90%,290,342,90%,88%,88%,282,310,60%,70%,14.85,2000%,92%,98,400%,99%,165,800%,98%,93%,146,253,305,95%,0%,150.00,206.00,90%,0%,0%,30900%,36900%,95%,82%,18400%,24600%,80%,99%,10000%,11000%,85%,71%,25000%,34800%,90%,76%,77%,100.00%,100.00%,96.00%,32.00%,0.00%
DS,I,341,46800%,100%,70%,69.3000,100%,96%,126.0000,167.0000,75%,87%,179.0000,249.0000,100%,80%,75%,118,100%,95%,12,100%,78%,26,100%,76%,76,100%,86%,29800%,36800%,3%,89.00%,19,100%,79%,0%,7.35,100%,90%,53,100%,75%,62,100%,70%,63,100%,99%,66,100%,89%,68,100%,78%,62,100%,72%,62,100%,82%,1.02,100%,74%,66,100%,75%,8,100%,90%,0.77,100%,95%,72,100%,79%,7,100%,80%,2,100%,84%,4.04,100%,100%,64,100%,99%,64,100%,99%,63,100%,100%,62,100%,88%,12100%,91%,33700%,46200%,80%,81%,23300%,24300%,1.00,0.99,94%,24000%,31200%,100%,74%,27600%,36800%,100%,84%,40500%,47700%,100%,96%,34300%,37300%,80%,78%,30400%,31400%,100%,84%,37200%,42300%,80%,70%,79%,27700%,34200%,80%,97%,29900%,33600%,80%,84%,79%,10500%,15000%,90%,97%,10900%,11400%,80%,78%,10800%,15100%,80%,71%,17000%,24000%,90%,81%,11900%,13700%,80%,83%,95%,437%,202,289,80%,93%,234,239,80%,93%,115,165,80%,92%,268.00,289.00,80%,99%,2,70%,73%,372,484,70%,90%,259,355,30%,94%,88%,413,465,90%,96%,228,266,95%,95%,250,295,70%,86%,258.00,364.00,90%,80%,415,495,90%,79%,73%,274,392,60%,79%,14.40,2000%,78%,54,400%,83%,96,800%,93%,90%,394,17,389,95%,100.0%,170,166,90%,100.0%,100.0%,179,221,95%,85.3%,319,404,80%,98.7%,136,179,85%,89.4%,310,317,90%,100.0%,84%,75.00%,97.00%,80.00%,77.00%,262.13%
DS,II,201,20800%,100%,96%,70.0000,100%,78%,97.0000,126.0000,75%,86%,212.0000,253.0000,100%,70%,79%,120,100%,78%,12,100%,92%,25,100%,96%,77,100%,84%,33200%,37800%,3%,87.00%,18,100%,87%,0%,7.35,100%,79%,53,100%,73%,64,100%,95%,64,100%,78%,64,100%,88%,68,100%,80%,66,100%,90%,65,100%,95%,1.04,100%,85%,65,100%,91%,8,100%,80%,0.77,100%,72%,67,100%,99%,7,100%,84%,2,100%,71%,3.92,100%,80%,63,100%,88%,62,100%,76%,64,100%,99%,65,100%,72%,36900%,88%,10200%,10700%,80%,77%,15300%,17200%,1.00,0.86,75%,17700%,20200%,100%,97%,26400%,31500%,100%,75%,13000%,17200%,100%,85%,26200%,29800%,80%,75%,15700%,18700%,100%,97%,22200%,27500%,80%,78%,99%,20800%,27400%,80%,98%,22700%,24200%,80%,88%,89%,15100%,19200%,90%,91%,30000%,37500%,80%,97%,39600%,40900%,80%,72%,10900%,12700%,90%,78%,11200%,15000%,80%,94%,98%,435%,209,299,80%,85%,359,374,80%,92%,305,364,80%,78%,256.00,279.00,80%,88%,2,70%,100%,407,497,70%,98%,151,211,30%,89%,93%,184,220,90%,71%,210,250,95%,100%,171,182,70%,100%,155.00,175.00,90%,75%,406,442,90%,84%,76%,314,328,60%,83%,14.55,2000%,96%,84,400%,74%,55,800%,89%,90%,223,17,211,95%,100.0%,362,332,90%,100.0%,100.0%,163,224,95%,76.6%,361,495,80%,91.2%,194,237,85%,96.3%,278,387,90%,79.8%,82%,89.00%,93.00%,96.00%,93.00%,261.14%
DS,III,162,17300%,100%,82%,67.2000,100%,88%,446.0000,485.0000,75%,94%,138.0000,178.0000,100%,95%,93%,124,100%,81%,12,100%,73%,24,100%,83%,77,100%,86%,38200%,47200%,3%,94.00%,18,100%,70%,0%,7.35,100%,79%,53,100%,83%,66,100%,92%,63,100%,85%,64,100%,76%,67,100%,86%,66,100%,86%,66,100%,90%,0.97,100%,72%,64,100%,95%,8,100%,83%,0.73,100%,78%,69,100%,91%,7,100%,74%,3,100%,94%,3.92,100%,100%,62,100%,93%,66,100%,70%,66,100%,73%,65,100%,96%,40200%,72%,21300%,29300%,80%,99%,15200%,20300%,1.00,0.91,76%,32900%,40700%,100%,93%,20000%,23000%,100%,75%,45900%,47900%,100%,89%,32300%,40900%,80%,73%,11000%,14900%,100%,91%,35200%,39200%,80%,97%,71%,36500%,41500%,80%,93%,14200%,18500%,80%,70%,72%,23500%,29100%,90%,80%,14200%,20000%,80%,71%,28200%,31000%,80%,98%,43900%,48800%,90%,75%,27300%,33800%,80%,85%,91%,439%,260,289,80%,77%,368,479,80%,86%,98,100,80%,98%,191.00,274.00,80%,78%,2,70%,91%,425,439,70%,76%,178,232,30%,87%,76%,159,172,90%,84%,301,397,95%,72%,135,150,70%,74%,144.00,185.00,90%,82%,183,262,90%,94%,91%,252,319,60%,89%,14.40,2000%,76%,161,400%,80%,84,800%,74%,76%,460,46,423,95%,100.0%,427,422,90%,100.0%,100.0%,243,316,95%,80.9%,163,174,80%,100.0%,362,386,85%,100.0%,119,157,90%,84.2%,83%,70.00%,92.00%,95.00%,100.00%,263.32%
DS,IV,260,31000%,100%,78%,71.4000,100%,78%,81.0000,103.0000,75%,96%,312.0000,336.0000,100%,77%,70%,121,100%,96%,12,100%,91%,25,100%,92%,74,100%,75%,20400%,26200%,3%,73.00%,18,100%,75%,0%,7.42,100%,78%,55,100%,93%,68,100%,76%,68,100%,92%,68,100%,73%,66,100%,71%,68,100%,91%,65,100%,93%,1.02,100%,79%,66,100%,99%,8,100%,89%,0.76,100%,75%,71,100%,97%,7,100%,83%,2,100%,100%,4.12,100%,78%,63,100%,89%,68,100%,73%,64,100%,70%,64,100%,73%,19100%,88%,9900%,12100%,80%,74%,43100%,44900%,1.00,0.96,89%,13500%,15000%,100%,83%,10900%,12200%,100%,79%,28600%,32500%,100%,70%,43900%,49400%,80%,95%,35400%,36900%,100%,84%,14400%,16000%,80%,93%,76%,34800%,42000%,80%,74%,8900%,11600%,80%,81%,93%,16100%,18200%,90%,83%,16800%,22500%,80%,91%,18100%,19500%,80%,79%,10200%,11800%,90%,82%,19900%,28500%,80%,93%,73%,434%,73,100,80%,88%,125,144,80%,72%,105,111,80%,75%,345.00,487.00,80%,89%,3,70%,99%,414,460,70%,73%,154,159,30%,73%,90%,387,478,90%,98%,79,109,95%,76%,251,345,70%,94%,385.00,414.00,90%,70%,71,101,90%,95%,94%,341,406,60%,75%,15.60,2000%,99%,166,400%,74%,129,800%,79%,83%,217,7,215,95%,100.0%,131,121,90%,100.0%,100.0%,354,369,95%,100.0%,272,313,80%,100.0%,416,453,85%,100.0%,312,322,90%,100.0%,76%,89.00%,84.00%,94.00%,99.00%,260.55%
DS,V,100,11700%,100%,88%,67.9000,100%,84%,305.0000,418.0000,75%,83%,223.0000,315.0000,100%,75%,93%,121,100%,89%,12,100%,81%,25,100%,80%,77,100%,93%,32600%,36300%,3%,74.00%,18,100%,72%,0%,7.27,100%,78%,56,100%,89%,65,100%,94%,63,100%,92%,66,100%,89%,68,100%,99%,65,100%,77%,67,100%,83%,1.02,100%,98%,63,100%,76%,8,100%,94%,0.74,100%,84%,69,100%,78%,7,100%,83%,2,100%,86%,4.00,100%,76%,66,100%,83%,66,100%,83%,68,100%,98%,66,100%,96%,47500%,82%,12600%,13300%,80%,72%,31100%,43900%,1.00,0.77,85%,17200%,19800%,100%,96%,9600%,10500%,100%,74%,18200%,22000%,100%,81%,30200%,37400%,80%,73%,13200%,14100%,100%,80%,32000%,45800%,80%,79%,79%,20000%,21300%,80%,92%,9100%,12400%,80%,90%,98%,9700%,10200%,90%,77%,38300%,45600%,80%,76%,39300%,45700%,80%,87%,41400%,48800%,90%,84%,30400%,38100%,80%,91%,77%,433%,100,121,80%,72%,384,396,80%,98%,137,179,80%,73%,190.00,219.00,80%,97%,3,70%,72%,251,293,70%,73%,73,102,30%,96%,100%,456,481,90%,72%,390,471,95%,77%,444,468,70%,90%,263.00,356.00,90%,100%,156,167,90%,78%,86%,269,346,60%,85%,14.40,2000%,97%,75,400%,77%,111,800%,86%,74%,322,7,367,95%,90.3%,248,236,90%,100.0%,95.2%,142,187,95%,79.9%,222,262,80%,100.0%,271,377,85%,84.6%,133,180,90%,82.1%,80%,79.00%,86.00%,74.00%,83.00%,259.99%
DS,VI,326,36300%,100%,96%,68.6000,100%,98%,264.0000,343.0000,75%,79%,111.0000,128.0000,100%,93%,81%,125,100%,77%,12,100%,70%,26,100%,77%,76,100%,76%,19200%,22400%,3%,80.00%,18,100%,78%,0%,7.42,100%,78%,56,100%,79%,64,100%,100%,65,100%,89%,62,100%,76%,67,100%,88%,67,100%,81%,67,100%,90%,1.04,100%,74%,62,100%,93%,8,100%,75%,0.73,100%,82%,68,100%,92%,7,100%,94%,2,100%,94%,4.08,100%,78%,64,100%,73%,68,100%,99%,62,100%,94%,64,100%,98%,28400%,74%,13300%,17600%,80%,73%,10400%,14500%,1.00,0.81,92%,33700%,45600%,100%,70%,29800%,30500%,100%,84%,22800%,26300%,100%,93%,27700%,30200%,80%,89%,22400%,29200%,100%,80%,28600%,35400%,80%,95%,86%,16700%,22700%,80%,77%,42000%,43800%,80%,71%,76%,11500%,16000%,90%,99%,10900%,14100%,80%,73%,43700%,44600%,80%,96%,33300%,45700%,90%,86%,16400%,17000%,80%,91%,83%,432%,251,344,80%,88%,211,230,80%,81%,264,307,80%,81%,220.00,287.00,80%,81%,3,70%,87%,484,494,70%,90%,207,266,30%,98%,99%,104,129,90%,77%,120,128,95%,88%,97,102,70%,94%,143.00,169.00,90%,97%,386,416,90%,71%,85%,358,478,60%,98%,15.60,2000%,74%,53,400%,86%,55,800%,88%,75%,222,12,260,95%,85.0%,343,317,90%,100.0%,92.5%,232,267,95%,91.5%,116,158,80%,91.8%,344,410,85%,98.7%,297,313,90%,100.0%,79%,87.00%,93.00%,70.00%,71.00%,259.14%
DS,VII,192,20300%,100%,94%,69.3000,100%,74%,220.0000,311.0000,75%,70%,435.0000,484.0000,100%,91%,93%,121,100%,100%,12,100%,92%,25,100%,72%,74,100%,74%,28600%,39200%,3%,72.00%,17,100%,93%,0%,7.27,100%,80%,56,100%,91%,65,100%,99%,66,100%,71%,65,100%,72%,66,100%,98%,67,100%,82%,66,100%,93%,1.00,100%,99%,64,100%,98%,8,100%,87%,0.76,100%,70%,72,100%,88%,7,100%,73%,2,100%,85%,4.04,100%,76%,62,100%,90%,66,100%,93%,63,100%,81%,67,100%,86%,39700%,75%,17100%,22000%,80%,73%,29200%,37500%,1.00,0.85,87%,40100%,45600%,100%,90%,24500%,25600%,100%,76%,10200%,14100%,100%,81%,11500%,13800%,80%,78%,23000%,26200%,100%,78%,30200%,38300%,80%,93%,72%,42100%,48500%,80%,73%,32300%,33700%,80%,79%,96%,14000%,14800%,90%,100%,33300%,41700%,80%,81%,37500%,50000%,80%,89%,10200%,13900%,90%,95%,19500%,23800%,80%,74%,91%,424%,342,398,80%,100%,335,395,80%,82%,252,316,80%,83%,240.00,256.00,80%,93%,3,70%,86%,194,274,70%,94%,257,322,30%,97%,84%,336,362,90%,77%,239,269,95%,77%,129,136,70%,79%,220.00,286.00,90%,80%,400,489,90%,89%,78%,254,303,60%,93%,14.55,2000%,70%,81,400%,73%,75,800%,100%,96%,354,6,425,95%,86.2%,190,171,90%,100.0%,93.1%,250,266,95%,98.9%,386,407,80%,100.0%,409,465,85%,100.0%,341,352,90%,100.0%,95%,72.00%,98.00%,97.00%,99.00%,254.65%
DS,VIII,242,25500%,100%,93%,70.0000,100%,75%,297.0000,342.0000,75%,73%,318.0000,424.0000,100%,91%,89%,122,100%,97%,12,100%,80%,24,100%,72%,77,100%,70%,28700%,35500%,3%,82.00%,19,100%,100%,0%,7.73,100%,86%,54,100%,74%,62,100%,96%,66,100%,97%,66,100%,75%,64,100%,84%,64,100%,77%,67,100%,78%,0.96,100%,90%,67,100%,81%,8,100%,80%,0.74,100%,76%,71,100%,71%,7,100%,87%,2,100%,86%,3.88,100%,94%,68,100%,85%,65,100%,88%,66,100%,100%,68,100%,82%,15300%,81%,14000%,18200%,80%,93%,24700%,33000%,1.00,0.77,90%,45000%,49000%,100%,76%,38000%,40500%,100%,75%,33100%,47300%,100%,92%,10800%,15000%,80%,100%,26100%,31900%,100%,100%,19400%,20900%,80%,93%,90%,21700%,22700%,80%,88%,14600%,20300%,80%,73%,83%,19700%,22700%,90%,70%,31700%,36100%,80%,90%,10200%,10600%,80%,89%,9700%,10700%,90%,84%,12400%,14000%,80%,87%,71%,429%,210,237,80%,85%,278,381,80%,83%,93,127,80%,75%,90.00,101.00,80%,91%,3,70%,81%,304,381,70%,98%,289,340,30%,95%,98%,302,356,90%,70%,424,452,95%,79%,256,366,70%,97%,147.00,166.00,90%,72%,412,491,90%,75%,71%,423,446,60%,84%,14.85,2000%,76%,108,400%,84%,43,800%,95%,77%,129,5,150,95%,87.0%,200,200,90%,100.0%,93.5%,220,269,95%,86.1%,339,343,80%,100.0%,200,247,85%,95.3%,249,347,90%,79.7%,96%,71.00%,99.00%,76.00%,75.00%,257.13%
